Version,Date_of_report,Date_of_statistics,Populatie,Region_level,Region_code,Region_name,Birth_year,Vaccination_coverage_partly,Vaccination_coverage_completed,Age_group
4,2022-07-13T10:30:00Z,2022-07-04,213606,Gemeente,GM0014,Groningen,<=2010,83,81,12+
4,2022-07-13T10:30:00Z,2022-07-04,201972,Gemeente,GM0014,Groningen,<2005,84,82,18+
4,2022-07-13T10:30:00Z,2022-07-04,11634,Gemeente,GM0014,Groningen,2005-2010,65,60,12-17
4,2022-07-13T10:30:00Z,2022-07-04,188761,Gemeente,GM0034,Almere,<=2010,74,73,12+
4,2022-07-13T10:30:00Z,2022-07-04,172374,Gemeente,GM0034,Almere,<2005,77,76,18+
4,2022-07-13T10:30:00Z,2022-07-04,16387,Gemeente,GM0034,Almere,2005-2010,48,46,12-17
4,2022-07-13T10:30:00Z,2022-07-04,28618,Gemeente,GM0037,Stadskanaal,<=2010,82,81,12+
4,2022-07-13T10:30:00Z,2022-07-04,26585,Gemeente,GM0037,Stadskanaal,<2005,84,83,18+
4,2022-07-13T10:30:00Z,2022-07-04,2033,Gemeente,GM0037,Stadskanaal,2005-2010,56,52,12-17
4,2022-07-13T10:30:00Z,2022-07-04,24666,Gemeente,GM0047,Veendam,<=2010,83,82,12+
4,2022-07-13T10:30:00Z,2022-07-04,22736,Gemeente,GM0047,Veendam,<2005,85,84,18+
4,2022-07-13T10:30:00Z,2022-07-04,1930,Gemeente,GM0047,Veendam,2005-2010,61,60,12-17
4,2022-07-13T10:30:00Z,2022-07-04,20561,Gemeente,GM0050,Zeewolde,<=2010,80,78,12+
4,2022-07-13T10:30:00Z,2022-07-04,18842,Gemeente,GM0050,Zeewolde,<2005,81,80,18+
4,2022-07-13T10:30:00Z,2022-07-04,1719,Gemeente,GM0050,Zeewolde,2005-2010,59,57,12-17
4,2022-07-13T10:30:00Z,2022-07-04,24614,Gemeente,GM0059,Achtkarspelen,<=2010,75,74,12+
4,2022-07-13T10:30:00Z,2022-07-04,22402,Gemeente,GM0059,Achtkarspelen,<2005,78,77,18+
4,2022-07-13T10:30:00Z,2022-07-04,2212,Gemeente,GM0059,Achtkarspelen,2005-2010,45,44,12-17
4,2022-07-13T10:30:00Z,2022-07-04,3421,Gemeente,GM0060,Ameland,<=2010,89,87,12+
4,2022-07-13T10:30:00Z,2022-07-04,3163,Gemeente,GM0060,Ameland,<2005,90,89,18+
4,2022-07-13T10:30:00Z,2022-07-04,258,Gemeente,GM0060,Ameland,2005-2010,73,70,12-17
4,2022-07-13T10:30:00Z,2022-07-04,14397,Gemeente,GM0072,Harlingen,<=2010,83,82,12+
4,2022-07-13T10:30:00Z,2022-07-04,13279,Gemeente,GM0072,Harlingen,<2005,85,84,18+
4,2022-07-13T10:30:00Z,2022-07-04,1118,Gemeente,GM0072,Harlingen,2005-2010,61,59,12-17
4,2022-07-13T10:30:00Z,2022-07-04,45450,Gemeente,GM0074,Heerenveen,<=2010,83,81,12+
4,2022-07-13T10:30:00Z,2022-07-04,41817,Gemeente,GM0074,Heerenveen,<2005,84,83,18+
4,2022-07-13T10:30:00Z,2022-07-04,3633,Gemeente,GM0074,Heerenveen,2005-2010,61,59,12-17
4,2022-07-13T10:30:00Z,2022-07-04,112277,Gemeente,GM0080,Leeuwarden,<=2010,80,78,12+
4,2022-07-13T10:30:00Z,2022-07-04,104420,Gemeente,GM0080,Leeuwarden,<2005,82,80,18+
4,2022-07-13T10:30:00Z,2022-07-04,7857,Gemeente,GM0080,Leeuwarden,2005-2010,56,54,12-17
4,2022-07-13T10:30:00Z,2022-07-04,23089,Gemeente,GM0085,Ooststellingwerf,<=2010,82,81,12+
4,2022-07-13T10:30:00Z,2022-07-04,21364,Gemeente,GM0085,Ooststellingwerf,<2005,84,83,18+
4,2022-07-13T10:30:00Z,2022-07-04,1725,Gemeente,GM0085,Ooststellingwerf,2005-2010,58,56,12-17
4,2022-07-13T10:30:00Z,2022-07-04,26542,Gemeente,GM0086,Opsterland,<=2010,81,80,12+
4,2022-07-13T10:30:00Z,2022-07-04,24369,Gemeente,GM0086,Opsterland,<2005,83,82,18+
4,2022-07-13T10:30:00Z,2022-07-04,2173,Gemeente,GM0086,Opsterland,2005-2010,55,53,12-17
4,2022-07-13T10:30:00Z,2022-07-04,913,Gemeente,GM0088,Schiermonnikoog,<=2010,9999,9999,12+
4,2022-07-13T10:30:00Z,2022-07-04,872,Gemeente,GM0088,Schiermonnikoog,<2005,90,90,18+
4,2022-07-13T10:30:00Z,2022-07-04,41,Gemeente,GM0088,Schiermonnikoog,2005-2010,9999,9999,12-17
4,2022-07-13T10:30:00Z,2022-07-04,49463,Gemeente,GM0090,Smallingerland,<=2010,79,78,12+
4,2022-07-13T10:30:00Z,2022-07-04,45412,Gemeente,GM0090,Smallingerland,<2005,81,80,18+
4,2022-07-13T10:30:00Z,2022-07-04,4051,Gemeente,GM0090,Smallingerland,2005-2010,53,51,12-17
4,2022-07-13T10:30:00Z,2022-07-04,4506,Gemeente,GM0093,Terschelling,<=2010,90,89,12+
4,2022-07-13T10:30:00Z,2022-07-04,4253,Gemeente,GM0093,Terschelling,<2005,91,90,18+
4,2022-07-13T10:30:00Z,2022-07-04,253,Gemeente,GM0093,Terschelling,2005-2010,70,65,12-17
4,2022-07-13T10:30:00Z,2022-07-04,1210,Gemeente,GM0096,Vlieland,<=2010,83,81,12+
4,2022-07-13T10:30:00Z,2022-07-04,1149,Gemeente,GM0096,Vlieland,<2005,83,81,18+
4,2022-07-13T10:30:00Z,2022-07-04,61,Gemeente,GM0096,Vlieland,2005-2010,75,72,12-17
4,2022-07-13T10:30:00Z,2022-07-04,23431,Gemeente,GM0098,Weststellingwerf,<=2010,82,81,12+
4,2022-07-13T10:30:00Z,2022-07-04,21688,Gemeente,GM0098,Weststellingwerf,<2005,84,83,18+
4,2022-07-13T10:30:00Z,2022-07-04,1743,Gemeente,GM0098,Weststellingwerf,2005-2010,58,56,12-17
4,2022-07-13T10:30:00Z,2022-07-04,61329,Gemeente,GM0106,Assen,<=2010,85,84,12+
4,2022-07-13T10:30:00Z,2022-07-04,56229,Gemeente,GM0106,Assen,<2005,87,86,18+
4,2022-07-13T10:30:00Z,2022-07-04,5100,Gemeente,GM0106,Assen,2005-2010,66,64,12-17
4,2022-07-13T10:30:00Z,2022-07-04,31894,Gemeente,GM0109,Coevorden,<=2010,86,85,12+
4,2022-07-13T10:30:00Z,2022-07-04,29518,Gemeente,GM0109,Coevorden,<2005,88,87,18+
4,2022-07-13T10:30:00Z,2022-07-04,2376,Gemeente,GM0109,Coevorden,2005-2010,64,61,12-17
4,2022-07-13T10:30:00Z,2022-07-04,97292,Gemeente,GM0114,Emmen,<=2010,84,82,12+
4,2022-07-13T10:30:00Z,2022-07-04,90203,Gemeente,GM0114,Emmen,<2005,86,84,18+
4,2022-07-13T10:30:00Z,2022-07-04,7089,Gemeente,GM0114,Emmen,2005-2010,61,57,12-17
4,2022-07-13T10:30:00Z,2022-07-04,49605,Gemeente,GM0118,Hoogeveen,<=2010,80,78,12+
4,2022-07-13T10:30:00Z,2022-07-04,45533,Gemeente,GM0118,Hoogeveen,<2005,82,81,18+
4,2022-07-13T10:30:00Z,2022-07-04,4072,Gemeente,GM0118,Hoogeveen,2005-2010,54,52,12-17
4,2022-07-13T10:30:00Z,2022-07-04,31058,Gemeente,GM0119,Meppel,<=2010,84,83,12+
4,2022-07-13T10:30:00Z,2022-07-04,28424,Gemeente,GM0119,Meppel,<2005,86,85,18+
4,2022-07-13T10:30:00Z,2022-07-04,2634,Gemeente,GM0119,Meppel,2005-2010,65,62,12-17
4,2022-07-13T10:30:00Z,2022-07-04,65425,Gemeente,GM0141,Almelo,<=2010,80,78,12+
4,2022-07-13T10:30:00Z,2022-07-04,60171,Gemeente,GM0141,Almelo,<2005,82,81,18+
4,2022-07-13T10:30:00Z,2022-07-04,5254,Gemeente,GM0141,Almelo,2005-2010,56,55,12-17
4,2022-07-13T10:30:00Z,2022-07-04,21118,Gemeente,GM0147,Borne,<=2010,89,88,12+
4,2022-07-13T10:30:00Z,2022-07-04,19407,Gemeente,GM0147,Borne,<2005,90,90,18+
4,2022-07-13T10:30:00Z,2022-07-04,1711,Gemeente,GM0147,Borne,2005-2010,69,67,12-17
4,2022-07-13T10:30:00Z,2022-07-04,25751,Gemeente,GM0148,Dalfsen,<=2010,88,87,12+
4,2022-07-13T10:30:00Z,2022-07-04,23592,Gemeente,GM0148,Dalfsen,<2005,90,89,18+
4,2022-07-13T10:30:00Z,2022-07-04,2159,Gemeente,GM0148,Dalfsen,2005-2010,68,66,12-17
4,2022-07-13T10:30:00Z,2022-07-04,90188,Gemeente,GM0150,Deventer,<=2010,84,83,12+
4,2022-07-13T10:30:00Z,2022-07-04,83078,Gemeente,GM0150,Deventer,<2005,86,85,18+
4,2022-07-13T10:30:00Z,2022-07-04,7110,Gemeente,GM0150,Deventer,2005-2010,64,61,12-17
4,2022-07-13T10:30:00Z,2022-07-04,143473,Gemeente,GM0153,Enschede,<=2010,78,77,12+
4,2022-07-13T10:30:00Z,2022-07-04,133313,Gemeente,GM0153,Enschede,<2005,80,79,18+
4,2022-07-13T10:30:00Z,2022-07-04,10160,Gemeente,GM0153,Enschede,2005-2010,54,52,12-17
4,2022-07-13T10:30:00Z,2022-07-04,21826,Gemeente,GM0158,Haaksbergen,<=2010,88,87,12+
4,2022-07-13T10:30:00Z,2022-07-04,20127,Gemeente,GM0158,Haaksbergen,<2005,89,88,18+
4,2022-07-13T10:30:00Z,2022-07-04,1699,Gemeente,GM0158,Haaksbergen,2005-2010,71,69,12-17
4,2022-07-13T10:30:00Z,2022-07-04,54336,Gemeente,GM0160,Hardenberg,<=2010,86,85,12+
4,2022-07-13T10:30:00Z,2022-07-04,49670,Gemeente,GM0160,Hardenberg,<2005,88,87,18+
4,2022-07-13T10:30:00Z,2022-07-04,4666,Gemeente,GM0160,Hardenberg,2005-2010,64,62,12-17
4,2022-07-13T10:30:00Z,2022-07-04,32108,Gemeente,GM0163,Hellendoorn,<=2010,89,88,12+
4,2022-07-13T10:30:00Z,2022-07-04,29481,Gemeente,GM0163,Hellendoorn,<2005,91,90,18+
4,2022-07-13T10:30:00Z,2022-07-04,2627,Gemeente,GM0163,Hellendoorn,2005-2010,70,69,12-17
4,2022-07-13T10:30:00Z,2022-07-04,73523,Gemeente,GM0164,Hengelo,<=2010,83,82,12+
4,2022-07-13T10:30:00Z,2022-07-04,67964,Gemeente,GM0164,Hengelo,<2005,85,84,18+
4,2022-07-13T10:30:00Z,2022-07-04,5559,Gemeente,GM0164,Hengelo,2005-2010,61,60,12-17
4,2022-07-13T10:30:00Z,2022-07-04,47492,Gemeente,GM0166,Kampen,<=2010,79,78,12+
4,2022-07-13T10:30:00Z,2022-07-04,43064,Gemeente,GM0166,Kampen,<2005,82,81,18+
4,2022-07-13T10:30:00Z,2022-07-04,4428,Gemeente,GM0166,Kampen,2005-2010,54,52,12-17
4,2022-07-13T10:30:00Z,2022-07-04,20756,Gemeente,GM0168,Losser,<=2010,88,87,12+
4,2022-07-13T10:30:00Z,2022-07-04,19160,Gemeente,GM0168,Losser,<2005,89,88,18+
4,2022-07-13T10:30:00Z,2022-07-04,1596,Gemeente,GM0168,Losser,2005-2010,68,67,12-17
4,2022-07-13T10:30:00Z,2022-07-04,42360,Gemeente,GM0171,Noordoostpolder,<=2010,76,75,12+
4,2022-07-13T10:30:00Z,2022-07-04,38683,Gemeente,GM0171,Noordoostpolder,<2005,79,78,18+
4,2022-07-13T10:30:00Z,2022-07-04,3677,Gemeente,GM0171,Noordoostpolder,2005-2010,52,50,12-17
4,2022-07-13T10:30:00Z,2022-07-04,28533,Gemeente,GM0173,Oldenzaal,<=2010,88,87,12+
4,2022-07-13T10:30:00Z,2022-07-04,26087,Gemeente,GM0173,Oldenzaal,<2005,90,89,18+
4,2022-07-13T10:30:00Z,2022-07-04,2446,Gemeente,GM0173,Oldenzaal,2005-2010,69,67,12-17
4,2022-07-13T10:30:00Z,2022-07-04,16500,Gemeente,GM0175,Ommen,<=2010,86,85,12+
4,2022-07-13T10:30:00Z,2022-07-04,15126,Gemeente,GM0175,Ommen,<2005,87,86,18+
4,2022-07-13T10:30:00Z,2022-07-04,1374,Gemeente,GM0175,Ommen,2005-2010,66,65,12-17
4,2022-07-13T10:30:00Z,2022-07-04,33895,Gemeente,GM0177,Raalte,<=2010,92,91,12+
4,2022-07-13T10:30:00Z,2022-07-04,31302,Gemeente,GM0177,Raalte,<2005,93,92,18+
4,2022-07-13T10:30:00Z,2022-07-04,2593,Gemeente,GM0177,Raalte,2005-2010,74,72,12-17
4,2022-07-13T10:30:00Z,2022-07-04,14547,Gemeente,GM0180,Staphorst,<=2010,56,55,12+
4,2022-07-13T10:30:00Z,2022-07-04,12957,Gemeente,GM0180,Staphorst,<2005,60,59,18+
4,2022-07-13T10:30:00Z,2022-07-04,1590,Gemeente,GM0180,Staphorst,2005-2010,28,27,12-17
4,2022-07-13T10:30:00Z,2022-07-04,18998,Gemeente,GM0183,Tubbergen,<=2010,90,89,12+
4,2022-07-13T10:30:00Z,2022-07-04,17417,Gemeente,GM0183,Tubbergen,<2005,92,91,18+
4,2022-07-13T10:30:00Z,2022-07-04,1581,Gemeente,GM0183,Tubbergen,2005-2010,72,71,12-17
4,2022-07-13T10:30:00Z,2022-07-04,17274,Gemeente,GM0184,Urk,<=2010,30,30,12+
4,2022-07-13T10:30:00Z,2022-07-04,14871,Gemeente,GM0184,Urk,<2005,34,33,18+
4,2022-07-13T10:30:00Z,2022-07-04,2403,Gemeente,GM0184,Urk,2005-2010,9,9,12-17
4,2022-07-13T10:30:00Z,2022-07-04,21734,Gemeente,GM0189,Wierden,<=2010,88,87,12+
4,2022-07-13T10:30:00Z,2022-07-04,19856,Gemeente,GM0189,Wierden,<2005,90,89,18+
4,2022-07-13T10:30:00Z,2022-07-04,1878,Gemeente,GM0189,Wierden,2005-2010,67,65,12-17
4,2022-07-13T10:30:00Z,2022-07-04,114737,Gemeente,GM0193,Zwolle,<=2010,85,84,12+
4,2022-07-13T10:30:00Z,2022-07-04,105243,Gemeente,GM0193,Zwolle,<2005,87,86,18+
4,2022-07-13T10:30:00Z,2022-07-04,9494,Gemeente,GM0193,Zwolle,2005-2010,65,63,12-17
4,2022-07-13T10:30:00Z,2022-07-04,24247,Gemeente,GM0197,Aalten,<=2010,88,87,12+
4,2022-07-13T10:30:00Z,2022-07-04,22274,Gemeente,GM0197,Aalten,<2005,90,89,18+
4,2022-07-13T10:30:00Z,2022-07-04,1973,Gemeente,GM0197,Aalten,2005-2010,73,68,12-17
4,2022-07-13T10:30:00Z,2022-07-04,147207,Gemeente,GM0200,Apeldoorn,<=2010,83,81,12+
4,2022-07-13T10:30:00Z,2022-07-04,136121,Gemeente,GM0200,Apeldoorn,<2005,84,83,18+
4,2022-07-13T10:30:00Z,2022-07-04,11086,Gemeente,GM0200,Apeldoorn,2005-2010,61,59,12-17
4,2022-07-13T10:30:00Z,2022-07-04,146087,Gemeente,GM0202,Arnhem,<=2010,79,78,12+
4,2022-07-13T10:30:00Z,2022-07-04,135540,Gemeente,GM0202,Arnhem,<2005,81,80,18+
4,2022-07-13T10:30:00Z,2022-07-04,10547,Gemeente,GM0202,Arnhem,2005-2010,57,55,12-17
4,2022-07-13T10:30:00Z,2022-07-04,50887,Gemeente,GM0203,Barneveld,<=2010,68,67,12+
4,2022-07-13T10:30:00Z,2022-07-04,45806,Gemeente,GM0203,Barneveld,<2005,71,70,18+
4,2022-07-13T10:30:00Z,2022-07-04,5081,Gemeente,GM0203,Barneveld,2005-2010,39,38,12-17
4,2022-07-13T10:30:00Z,2022-07-04,23247,Gemeente,GM0209,Beuningen,<=2010,90,89,12+
4,2022-07-13T10:30:00Z,2022-07-04,21636,Gemeente,GM0209,Beuningen,<2005,91,90,18+
4,2022-07-13T10:30:00Z,2022-07-04,1611,Gemeente,GM0209,Beuningen,2005-2010,73,70,12-17
4,2022-07-13T10:30:00Z,2022-07-04,18966,Gemeente,GM0213,Brummen,<=2010,87,86,12+
4,2022-07-13T10:30:00Z,2022-07-04,17676,Gemeente,GM0213,Brummen,<2005,89,88,18+
4,2022-07-13T10:30:00Z,2022-07-04,1290,Gemeente,GM0213,Brummen,2005-2010,67,62,12-17
4,2022-07-13T10:30:00Z,2022-07-04,24312,Gemeente,GM0214,Buren,<=2010,84,83,12+
4,2022-07-13T10:30:00Z,2022-07-04,22425,Gemeente,GM0214,Buren,<2005,86,85,18+
4,2022-07-13T10:30:00Z,2022-07-04,1887,Gemeente,GM0214,Buren,2005-2010,61,59,12-17
4,2022-07-13T10:30:00Z,2022-07-04,25745,Gemeente,GM0216,Culemborg,<=2010,84,83,12+
4,2022-07-13T10:30:00Z,2022-07-04,23659,Gemeente,GM0216,Culemborg,<2005,86,85,18+
4,2022-07-13T10:30:00Z,2022-07-04,2086,Gemeente,GM0216,Culemborg,2005-2010,61,59,12-17
4,2022-07-13T10:30:00Z,2022-07-04,10122,Gemeente,GM0221,Doesburg,<=2010,85,84,12+
4,2022-07-13T10:30:00Z,2022-07-04,9429,Gemeente,GM0221,Doesburg,<2005,87,86,18+
4,2022-07-13T10:30:00Z,2022-07-04,693,Gemeente,GM0221,Doesburg,2005-2010,64,59,12-17
4,2022-07-13T10:30:00Z,2022-07-04,52223,Gemeente,GM0222,Doetinchem,<=2010,86,85,12+
4,2022-07-13T10:30:00Z,2022-07-04,48295,Gemeente,GM0222,Doetinchem,<2005,88,87,18+
4,2022-07-13T10:30:00Z,2022-07-04,3928,Gemeente,GM0222,Doetinchem,2005-2010,64,61,12-17
4,2022-07-13T10:30:00Z,2022-07-04,17289,Gemeente,GM0225,Druten,<=2010,89,88,12+
4,2022-07-13T10:30:00Z,2022-07-04,15948,Gemeente,GM0225,Druten,<2005,90,89,18+
4,2022-07-13T10:30:00Z,2022-07-04,1341,Gemeente,GM0225,Druten,2005-2010,70,69,12-17
4,2022-07-13T10:30:00Z,2022-07-04,22336,Gemeente,GM0226,Duiven,<=2010,89,89,12+
4,2022-07-13T10:30:00Z,2022-07-04,20631,Gemeente,GM0226,Duiven,<2005,91,90,18+
4,2022-07-13T10:30:00Z,2022-07-04,1705,Gemeente,GM0226,Duiven,2005-2010,72,70,12-17
4,2022-07-13T10:30:00Z,2022-07-04,104562,Gemeente,GM0228,Ede,<=2010,77,76,12+
4,2022-07-13T10:30:00Z,2022-07-04,95765,Gemeente,GM0228,Ede,<2005,80,79,18+
4,2022-07-13T10:30:00Z,2022-07-04,8797,Gemeente,GM0228,Ede,2005-2010,51,49,12-17
4,2022-07-13T10:30:00Z,2022-07-04,20648,Gemeente,GM0230,Elburg,<=2010,81,79,12+
4,2022-07-13T10:30:00Z,2022-07-04,18851,Gemeente,GM0230,Elburg,<2005,83,82,18+
4,2022-07-13T10:30:00Z,2022-07-04,1797,Gemeente,GM0230,Elburg,2005-2010,54,52,12-17
4,2022-07-13T10:30:00Z,2022-07-04,29702,Gemeente,GM0232,Epe,<=2010,85,83,12+
4,2022-07-13T10:30:00Z,2022-07-04,27535,Gemeente,GM0232,Epe,<2005,86,85,18+
4,2022-07-13T10:30:00Z,2022-07-04,2167,Gemeente,GM0232,Epe,2005-2010,61,59,12-17
4,2022-07-13T10:30:00Z,2022-07-04,24315,Gemeente,GM0233,Ermelo,<=2010,81,78,12+
4,2022-07-13T10:30:00Z,2022-07-04,22404,Gemeente,GM0233,Ermelo,<2005,83,81,18+
4,2022-07-13T10:30:00Z,2022-07-04,1911,Gemeente,GM0233,Ermelo,2005-2010,56,53,12-17
4,2022-07-13T10:30:00Z,2022-07-04,42651,Gemeente,GM0243,Harderwijk,<=2010,82,80,12+
4,2022-07-13T10:30:00Z,2022-07-04,39053,Gemeente,GM0243,Harderwijk,<2005,85,83,18+
4,2022-07-13T10:30:00Z,2022-07-04,3598,Gemeente,GM0243,Harderwijk,2005-2010,60,57,12-17
4,2022-07-13T10:30:00Z,2022-07-04,10873,Gemeente,GM0244,Hattem,<=2010,88,87,12+
4,2022-07-13T10:30:00Z,2022-07-04,9915,Gemeente,GM0244,Hattem,<2005,90,89,18+
4,2022-07-13T10:30:00Z,2022-07-04,958,Gemeente,GM0244,Hattem,2005-2010,70,68,12-17
4,2022-07-13T10:30:00Z,2022-07-04,16969,Gemeente,GM0246,Heerde,<=2010,86,85,12+
4,2022-07-13T10:30:00Z,2022-07-04,15600,Gemeente,GM0246,Heerde,<2005,88,87,18+
4,2022-07-13T10:30:00Z,2022-07-04,1369,Gemeente,GM0246,Heerde,2005-2010,63,60,12-17
4,2022-07-13T10:30:00Z,2022-07-04,14950,Gemeente,GM0252,Heumen,<=2010,91,90,12+
4,2022-07-13T10:30:00Z,2022-07-04,13810,Gemeente,GM0252,Heumen,<2005,92,91,18+
4,2022-07-13T10:30:00Z,2022-07-04,1140,Gemeente,GM0252,Heumen,2005-2010,73,70,12-17
4,2022-07-13T10:30:00Z,2022-07-04,30996,Gemeente,GM0262,Lochem,<=2010,89,87,12+
4,2022-07-13T10:30:00Z,2022-07-04,28605,Gemeente,GM0262,Lochem,<2005,90,89,18+
4,2022-07-13T10:30:00Z,2022-07-04,2391,Gemeente,GM0262,Lochem,2005-2010,69,64,12-17
4,2022-07-13T10:30:00Z,2022-07-04,22958,Gemeente,GM0263,Maasdriel,<=2010,83,82,12+
4,2022-07-13T10:30:00Z,2022-07-04,21241,Gemeente,GM0263,Maasdriel,<2005,84,84,18+
4,2022-07-13T10:30:00Z,2022-07-04,1717,Gemeente,GM0263,Maasdriel,2005-2010,65,62,12-17
4,2022-07-13T10:30:00Z,2022-07-04,38625,Gemeente,GM0267,Nijkerk,<=2010,83,82,12+
4,2022-07-13T10:30:00Z,2022-07-04,35176,Gemeente,GM0267,Nijkerk,<2005,86,85,18+
4,2022-07-13T10:30:00Z,2022-07-04,3449,Gemeente,GM0267,Nijkerk,2005-2010,59,58,12-17
4,2022-07-13T10:30:00Z,2022-07-04,161419,Gemeente,GM0268,Nijmegen,<=2010,85,83,12+
4,2022-07-13T10:30:00Z,2022-07-04,151713,Gemeente,GM0268,Nijmegen,<2005,86,85,18+
4,2022-07-13T10:30:00Z,2022-07-04,9706,Gemeente,GM0268,Nijmegen,2005-2010,62,60,12-17
4,2022-07-13T10:30:00Z,2022-07-04,20996,Gemeente,GM0269,Oldebroek,<=2010,79,78,12+
4,2022-07-13T10:30:00Z,2022-07-04,19069,Gemeente,GM0269,Oldebroek,<2005,82,81,18+
4,2022-07-13T10:30:00Z,2022-07-04,1927,Gemeente,GM0269,Oldebroek,2005-2010,52,50,12-17
4,2022-07-13T10:30:00Z,2022-07-04,21670,Gemeente,GM0273,Putten,<=2010,81,80,12+
4,2022-07-13T10:30:00Z,2022-07-04,19784,Gemeente,GM0273,Putten,<2005,84,83,18+
4,2022-07-13T10:30:00Z,2022-07-04,1886,Gemeente,GM0273,Putten,2005-2010,57,55,12-17
4,2022-07-13T10:30:00Z,2022-07-04,28436,Gemeente,GM0274,Renkum,<=2010,88,87,12+
4,2022-07-13T10:30:00Z,2022-07-04,26313,Gemeente,GM0274,Renkum,<2005,90,89,18+
4,2022-07-13T10:30:00Z,2022-07-04,2123,Gemeente,GM0274,Renkum,2005-2010,71,68,12-17
4,2022-07-13T10:30:00Z,2022-07-04,39031,Gemeente,GM0275,Rheden,<=2010,86,85,12+
4,2022-07-13T10:30:00Z,2022-07-04,36372,Gemeente,GM0275,Rheden,<2005,88,87,18+
4,2022-07-13T10:30:00Z,2022-07-04,2659,Gemeente,GM0275,Rheden,2005-2010,65,61,12-17
4,2022-07-13T10:30:00Z,2022-07-04,1524,Gemeente,GM0277,Rozendaal,<=2010,92,91,12+
4,2022-07-13T10:30:00Z,2022-07-04,1355,Gemeente,GM0277,Rozendaal,<2005,94,93,18+
4,2022-07-13T10:30:00Z,2022-07-04,169,Gemeente,GM0277,Rozendaal,2005-2010,82,76,12-17
4,2022-07-13T10:30:00Z,2022-07-04,8820,Gemeente,GM0279,Scherpenzeel,<=2010,75,74,12+
4,2022-07-13T10:30:00Z,2022-07-04,8046,Gemeente,GM0279,Scherpenzeel,<2005,78,77,18+
4,2022-07-13T10:30:00Z,2022-07-04,774,Gemeente,GM0279,Scherpenzeel,2005-2010,43,42,12-17
4,2022-07-13T10:30:00Z,2022-07-04,37665,Gemeente,GM0281,Tiel,<=2010,80,78,12+
4,2022-07-13T10:30:00Z,2022-07-04,34823,Gemeente,GM0281,Tiel,<2005,81,80,18+
4,2022-07-13T10:30:00Z,2022-07-04,2842,Gemeente,GM0281,Tiel,2005-2010,57,54,12-17
4,2022-07-13T10:30:00Z,2022-07-04,22192,Gemeente,GM0285,Voorst,<=2010,89,88,12+
4,2022-07-13T10:30:00Z,2022-07-04,20433,Gemeente,GM0285,Voorst,<2005,91,90,18+
4,2022-07-13T10:30:00Z,2022-07-04,1759,Gemeente,GM0285,Voorst,2005-2010,70,67,12-17
4,2022-07-13T10:30:00Z,2022-07-04,36453,Gemeente,GM0289,Wageningen,<=2010,85,84,12+
4,2022-07-13T10:30:00Z,2022-07-04,34361,Gemeente,GM0289,Wageningen,<2005,86,85,18+
4,2022-07-13T10:30:00Z,2022-07-04,2092,Gemeente,GM0289,Wageningen,2005-2010,71,69,12-17
4,2022-07-13T10:30:00Z,2022-07-04,13258,Gemeente,GM0293,Westervoort,<=2010,87,86,12+
4,2022-07-13T10:30:00Z,2022-07-04,12316,Gemeente,GM0293,Westervoort,<2005,88,88,18+
4,2022-07-13T10:30:00Z,2022-07-04,942,Gemeente,GM0293,Westervoort,2005-2010,63,61,12-17
4,2022-07-13T10:30:00Z,2022-07-04,26281,Gemeente,GM0294,Winterswijk,<=2010,87,85,12+
4,2022-07-13T10:30:00Z,2022-07-04,24272,Gemeente,GM0294,Winterswijk,<2005,88,87,18+
4,2022-07-13T10:30:00Z,2022-07-04,2009,Gemeente,GM0294,Winterswijk,2005-2010,65,62,12-17
4,2022-07-13T10:30:00Z,2022-07-04,37005,Gemeente,GM0296,Wijchen,<=2010,90,89,12+
4,2022-07-13T10:30:00Z,2022-07-04,34072,Gemeente,GM0296,Wijchen,<2005,91,90,18+
4,2022-07-13T10:30:00Z,2022-07-04,2933,Gemeente,GM0296,Wijchen,2005-2010,73,71,12-17
4,2022-07-13T10:30:00Z,2022-07-04,26260,Gemeente,GM0297,Zaltbommel,<=2010,76,75,12+
4,2022-07-13T10:30:00Z,2022-07-04,23913,Gemeente,GM0297,Zaltbommel,<2005,78,77,18+
4,2022-07-13T10:30:00Z,2022-07-04,2347,Gemeente,GM0297,Zaltbommel,2005-2010,52,50,12-17
4,2022-07-13T10:30:00Z,2022-07-04,40014,Gemeente,GM0299,Zevenaar,<=2010,88,87,12+
4,2022-07-13T10:30:00Z,2022-07-04,37255,Gemeente,GM0299,Zevenaar,<2005,89,89,18+
4,2022-07-13T10:30:00Z,2022-07-04,2759,Gemeente,GM0299,Zevenaar,2005-2010,70,67,12-17
4,2022-07-13T10:30:00Z,2022-07-04,43495,Gemeente,GM0301,Zutphen,<=2010,83,81,12+
4,2022-07-13T10:30:00Z,2022-07-04,40071,Gemeente,GM0301,Zutphen,<2005,84,83,18+
4,2022-07-13T10:30:00Z,2022-07-04,3424,Gemeente,GM0301,Zutphen,2005-2010,62,57,12-17
4,2022-07-13T10:30:00Z,2022-07-04,24489,Gemeente,GM0302,Nunspeet,<=2010,73,71,12+
4,2022-07-13T10:30:00Z,2022-07-04,22354,Gemeente,GM0302,Nunspeet,<2005,76,74,18+
4,2022-07-13T10:30:00Z,2022-07-04,2135,Gemeente,GM0302,Nunspeet,2005-2010,46,44,12-17
4,2022-07-13T10:30:00Z,2022-07-04,38064,Gemeente,GM0303,Dronten,<=2010,81,80,12+
4,2022-07-13T10:30:00Z,2022-07-04,34873,Gemeente,GM0303,Dronten,<2005,83,82,18+
4,2022-07-13T10:30:00Z,2022-07-04,3191,Gemeente,GM0303,Dronten,2005-2010,57,54,12-17
4,2022-07-13T10:30:00Z,2022-07-04,139174,Gemeente,GM0307,Amersfoort,<=2010,84,83,12+
4,2022-07-13T10:30:00Z,2022-07-04,127020,Gemeente,GM0307,Amersfoort,<2005,86,85,18+
4,2022-07-13T10:30:00Z,2022-07-04,12154,Gemeente,GM0307,Amersfoort,2005-2010,62,61,12-17
4,2022-07-13T10:30:00Z,2022-07-04,21975,Gemeente,GM0308,Baarn,<=2010,86,85,12+
4,2022-07-13T10:30:00Z,2022-07-04,20308,Gemeente,GM0308,Baarn,<2005,88,87,18+
4,2022-07-13T10:30:00Z,2022-07-04,1667,Gemeente,GM0308,Baarn,2005-2010,67,65,12-17
4,2022-07-13T10:30:00Z,2022-07-04,38053,Gemeente,GM0310,De Bilt,<=2010,86,85,12+
4,2022-07-13T10:30:00Z,2022-07-04,34767,Gemeente,GM0310,De Bilt,<2005,88,87,18+
4,2022-07-13T10:30:00Z,2022-07-04,3286,Gemeente,GM0310,De Bilt,2005-2010,69,67,12-17
4,2022-07-13T10:30:00Z,2022-07-04,13729,Gemeente,GM0312,Bunnik,<=2010,91,90,12+
4,2022-07-13T10:30:00Z,2022-07-04,12552,Gemeente,GM0312,Bunnik,<2005,92,91,18+
4,2022-07-13T10:30:00Z,2022-07-04,1177,Gemeente,GM0312,Bunnik,2005-2010,77,75,12-17
4,2022-07-13T10:30:00Z,2022-07-04,19241,Gemeente,GM0313,Bunschoten,<=2010,81,80,12+
4,2022-07-13T10:30:00Z,2022-07-04,17473,Gemeente,GM0313,Bunschoten,<2005,83,82,18+
4,2022-07-13T10:30:00Z,2022-07-04,1768,Gemeente,GM0313,Bunschoten,2005-2010,55,53,12-17
4,2022-07-13T10:30:00Z,2022-07-04,8368,Gemeente,GM0317,Eemnes,<=2010,87,86,12+
4,2022-07-13T10:30:00Z,2022-07-04,7676,Gemeente,GM0317,Eemnes,<2005,89,88,18+
4,2022-07-13T10:30:00Z,2022-07-04,692,Gemeente,GM0317,Eemnes,2005-2010,68,67,12-17
4,2022-07-13T10:30:00Z,2022-07-04,43949,Gemeente,GM0321,Houten,<=2010,89,89,12+
4,2022-07-13T10:30:00Z,2022-07-04,39612,Gemeente,GM0321,Houten,<2005,91,90,18+
4,2022-07-13T10:30:00Z,2022-07-04,4337,Gemeente,GM0321,Houten,2005-2010,74,73,12-17
4,2022-07-13T10:30:00Z,2022-07-04,27182,Gemeente,GM0327,Leusden,<=2010,88,87,12+
4,2022-07-13T10:30:00Z,2022-07-04,24973,Gemeente,GM0327,Leusden,<2005,90,89,18+
4,2022-07-13T10:30:00Z,2022-07-04,2209,Gemeente,GM0327,Leusden,2005-2010,69,67,12-17
4,2022-07-13T10:30:00Z,2022-07-04,12752,Gemeente,GM0331,Lopik,<=2010,84,83,12+
4,2022-07-13T10:30:00Z,2022-07-04,11706,Gemeente,GM0331,Lopik,<2005,86,85,18+
4,2022-07-13T10:30:00Z,2022-07-04,1046,Gemeente,GM0331,Lopik,2005-2010,64,63,12-17
4,2022-07-13T10:30:00Z,2022-07-04,12224,Gemeente,GM0335,Montfoort,<=2010,85,85,12+
4,2022-07-13T10:30:00Z,2022-07-04,11119,Gemeente,GM0335,Montfoort,<2005,88,87,18+
4,2022-07-13T10:30:00Z,2022-07-04,1105,Gemeente,GM0335,Montfoort,2005-2010,63,61,12-17
4,2022-07-13T10:30:00Z,2022-07-04,4853,Gemeente,GM0339,Renswoude,<=2010,70,69,12+
4,2022-07-13T10:30:00Z,2022-07-04,4409,Gemeente,GM0339,Renswoude,<2005,73,72,18+
4,2022-07-13T10:30:00Z,2022-07-04,444,Gemeente,GM0339,Renswoude,2005-2010,48,45,12-17
4,2022-07-13T10:30:00Z,2022-07-04,17741,Gemeente,GM0340,Rhenen,<=2010,75,74,12+
4,2022-07-13T10:30:00Z,2022-07-04,16159,Gemeente,GM0340,Rhenen,<2005,78,77,18+
4,2022-07-13T10:30:00Z,2022-07-04,1582,Gemeente,GM0340,Rhenen,2005-2010,48,46,12-17
4,2022-07-13T10:30:00Z,2022-07-04,41834,Gemeente,GM0342,Soest,<=2010,84,83,12+
4,2022-07-13T10:30:00Z,2022-07-04,38437,Gemeente,GM0342,Soest,<2005,86,85,18+
4,2022-07-13T10:30:00Z,2022-07-04,3397,Gemeente,GM0342,Soest,2005-2010,62,61,12-17
4,2022-07-13T10:30:00Z,2022-07-04,317413,Gemeente,GM0344,Utrecht,<=2010,82,81,12+
4,2022-07-13T10:30:00Z,2022-07-04,294938,Gemeente,GM0344,Utrecht,<2005,84,83,18+
4,2022-07-13T10:30:00Z,2022-07-04,22475,Gemeente,GM0344,Utrecht,2005-2010,57,55,12-17
4,2022-07-13T10:30:00Z,2022-07-04,58620,Gemeente,GM0345,Veenendaal,<=2010,78,77,12+
4,2022-07-13T10:30:00Z,2022-07-04,53671,Gemeente,GM0345,Veenendaal,<2005,81,80,18+
4,2022-07-13T10:30:00Z,2022-07-04,4949,Gemeente,GM0345,Veenendaal,2005-2010,49,48,12-17
4,2022-07-13T10:30:00Z,2022-07-04,11977,Gemeente,GM0351,Woudenberg,<=2010,79,78,12+
4,2022-07-13T10:30:00Z,2022-07-04,10892,Gemeente,GM0351,Woudenberg,<2005,81,81,18+
4,2022-07-13T10:30:00Z,2022-07-04,1085,Gemeente,GM0351,Woudenberg,2005-2010,52,51,12-17
4,2022-07-13T10:30:00Z,2022-07-04,21067,Gemeente,GM0352,Wijk bij Duurstede,<=2010,88,87,12+
4,2022-07-13T10:30:00Z,2022-07-04,19456,Gemeente,GM0352,Wijk bij Duurstede,<2005,90,89,18+
4,2022-07-13T10:30:00Z,2022-07-04,1611,Gemeente,GM0352,Wijk bij Duurstede,2005-2010,68,66,12-17
4,2022-07-13T10:30:00Z,2022-07-04,29707,Gemeente,GM0353,IJsselstein,<=2010,86,85,12+
4,2022-07-13T10:30:00Z,2022-07-04,27033,Gemeente,GM0353,IJsselstein,<2005,88,87,18+
4,2022-07-13T10:30:00Z,2022-07-04,2674,Gemeente,GM0353,IJsselstein,2005-2010,66,64,12-17
4,2022-07-13T10:30:00Z,2022-07-04,57743,Gemeente,GM0355,Zeist,<=2010,84,83,12+
4,2022-07-13T10:30:00Z,2022-07-04,52910,Gemeente,GM0355,Zeist,<2005,86,85,18+
4,2022-07-13T10:30:00Z,2022-07-04,4833,Gemeente,GM0355,Zeist,2005-2010,64,62,12-17
4,2022-07-13T10:30:00Z,2022-07-04,57218,Gemeente,GM0356,Nieuwegein,<=2010,84,83,12+
4,2022-07-13T10:30:00Z,2022-07-04,53318,Gemeente,GM0356,Nieuwegein,<2005,86,85,18+
4,2022-07-13T10:30:00Z,2022-07-04,3900,Gemeente,GM0356,Nieuwegein,2005-2010,59,58,12-17
4,2022-07-13T10:30:00Z,2022-07-04,28895,Gemeente,GM0358,Aalsmeer,<=2010,84,83,12+
4,2022-07-13T10:30:00Z,2022-07-04,26216,Gemeente,GM0358,Aalsmeer,<2005,86,85,18+
4,2022-07-13T10:30:00Z,2022-07-04,2679,Gemeente,GM0358,Aalsmeer,2005-2010,67,65,12-17
4,2022-07-13T10:30:00Z,2022-07-04,98338,Gemeente,GM0361,Alkmaar,<=2010,81,79,12+
4,2022-07-13T10:30:00Z,2022-07-04,91320,Gemeente,GM0361,Alkmaar,<2005,82,81,18+
4,2022-07-13T10:30:00Z,2022-07-04,7018,Gemeente,GM0361,Alkmaar,2005-2010,55,52,12-17
4,2022-07-13T10:30:00Z,2022-07-04,81005,Gemeente,GM0362,Amstelveen,<=2010,81,80,12+
4,2022-07-13T10:30:00Z,2022-07-04,74453,Gemeente,GM0362,Amstelveen,<2005,83,82,18+
4,2022-07-13T10:30:00Z,2022-07-04,6552,Gemeente,GM0362,Amstelveen,2005-2010,65,62,12-17
4,2022-07-13T10:30:00Z,2022-07-04,811208,Gemeente,GM0363,Amsterdam,<=2010,74,72,12+
4,2022-07-13T10:30:00Z,2022-07-04,763048,Gemeente,GM0363,Amsterdam,<2005,75,74,18+
4,2022-07-13T10:30:00Z,2022-07-04,48160,Gemeente,GM0363,Amsterdam,2005-2010,45,42,12-17
4,2022-07-13T10:30:00Z,2022-07-04,27562,Gemeente,GM0373,Bergen (NH.),<=2010,84,81,12+
4,2022-07-13T10:30:00Z,2022-07-04,25638,Gemeente,GM0373,Bergen (NH.),<2005,85,83,18+
4,2022-07-13T10:30:00Z,2022-07-04,1924,Gemeente,GM0373,Bergen (NH.),2005-2010,61,57,12-17
4,2022-07-13T10:30:00Z,2022-07-04,37256,Gemeente,GM0375,Beverwijk,<=2010,77,76,12+
4,2022-07-13T10:30:00Z,2022-07-04,34528,Gemeente,GM0375,Beverwijk,<2005,79,78,18+
4,2022-07-13T10:30:00Z,2022-07-04,2728,Gemeente,GM0375,Beverwijk,2005-2010,53,52,12-17
4,2022-07-13T10:30:00Z,2022-07-04,10500,Gemeente,GM0376,Blaricum,<=2010,86,85,12+
4,2022-07-13T10:30:00Z,2022-07-04,9638,Gemeente,GM0376,Blaricum,<2005,87,87,18+
4,2022-07-13T10:30:00Z,2022-07-04,862,Gemeente,GM0376,Blaricum,2005-2010,65,63,12-17
4,2022-07-13T10:30:00Z,2022-07-04,20955,Gemeente,GM0377,Bloemendaal,<=2010,89,88,12+
4,2022-07-13T10:30:00Z,2022-07-04,18768,Gemeente,GM0377,Bloemendaal,<2005,91,90,18+
4,2022-07-13T10:30:00Z,2022-07-04,2187,Gemeente,GM0377,Bloemendaal,2005-2010,74,71,12-17
4,2022-07-13T10:30:00Z,2022-07-04,32308,Gemeente,GM0383,Castricum,<=2010,87,85,12+
4,2022-07-13T10:30:00Z,2022-07-04,30006,Gemeente,GM0383,Castricum,<2005,88,87,18+
4,2022-07-13T10:30:00Z,2022-07-04,2302,Gemeente,GM0383,Castricum,2005-2010,65,61,12-17
4,2022-07-13T10:30:00Z,2022-07-04,28403,Gemeente,GM0384,Diemen,<=2010,77,75,12+
4,2022-07-13T10:30:00Z,2022-07-04,26682,Gemeente,GM0384,Diemen,<2005,78,77,18+
4,2022-07-13T10:30:00Z,2022-07-04,1721,Gemeente,GM0384,Diemen,2005-2010,52,49,12-17
4,2022-07-13T10:30:00Z,2022-07-04,32543,Gemeente,GM0385,Edam-Volendam,<=2010,79,77,12+
4,2022-07-13T10:30:00Z,2022-07-04,29867,Gemeente,GM0385,Edam-Volendam,<2005,81,80,18+
4,2022-07-13T10:30:00Z,2022-07-04,2676,Gemeente,GM0385,Edam-Volendam,2005-2010,49,48,12-17
4,2022-07-13T10:30:00Z,2022-07-04,16613,Gemeente,GM0388,Enkhuizen,<=2010,79,78,12+
4,2022-07-13T10:30:00Z,2022-07-04,15328,Gemeente,GM0388,Enkhuizen,<2005,81,80,18+
4,2022-07-13T10:30:00Z,2022-07-04,1285,Gemeente,GM0388,Enkhuizen,2005-2010,55,54,12-17
4,2022-07-13T10:30:00Z,2022-07-04,143071,Gemeente,GM0392,Haarlem,<=2010,81,80,12+
4,2022-07-13T10:30:00Z,2022-07-04,132292,Gemeente,GM0392,Haarlem,<2005,83,81,18+
4,2022-07-13T10:30:00Z,2022-07-04,10779,Gemeente,GM0392,Haarlem,2005-2010,59,57,12-17
4,2022-07-13T10:30:00Z,2022-07-04,141170,Gemeente,GM0394,Haarlemmermeer,<=2010,82,81,12+
4,2022-07-13T10:30:00Z,2022-07-04,128541,Gemeente,GM0394,Haarlemmermeer,<2005,84,83,18+
4,2022-07-13T10:30:00Z,2022-07-04,12629,Gemeente,GM0394,Haarlemmermeer,2005-2010,61,59,12-17
4,2022-07-13T10:30:00Z,2022-07-04,34868,Gemeente,GM0396,Heemskerk,<=2010,83,81,12+
4,2022-07-13T10:30:00Z,2022-07-04,32392,Gemeente,GM0396,Heemskerk,<2005,85,83,18+
4,2022-07-13T10:30:00Z,2022-07-04,2476,Gemeente,GM0396,Heemskerk,2005-2010,58,56,12-17
4,2022-07-13T10:30:00Z,2022-07-04,24004,Gemeente,GM0397,Heemstede,<=2010,89,88,12+
4,2022-07-13T10:30:00Z,2022-07-04,21862,Gemeente,GM0397,Heemstede,<2005,91,90,18+
4,2022-07-13T10:30:00Z,2022-07-04,2142,Gemeente,GM0397,Heemstede,2005-2010,73,71,12-17
4,2022-07-13T10:30:00Z,2022-07-04,21761,Gemeente,GM0399,Heiloo,<=2010,86,83,12+
4,2022-07-13T10:30:00Z,2022-07-04,20083,Gemeente,GM0399,Heiloo,<2005,88,85,18+
4,2022-07-13T10:30:00Z,2022-07-04,1678,Gemeente,GM0399,Heiloo,2005-2010,67,62,12-17
4,2022-07-13T10:30:00Z,2022-07-04,50396,Gemeente,GM0400,Den Helder,<=2010,80,77,12+
4,2022-07-13T10:30:00Z,2022-07-04,47034,Gemeente,GM0400,Den Helder,<2005,81,79,18+
4,2022-07-13T10:30:00Z,2022-07-04,3362,Gemeente,GM0400,Den Helder,2005-2010,54,45,12-17
4,2022-07-13T10:30:00Z,2022-07-04,80978,Gemeente,GM0402,Hilversum,<=2010,82,81,12+
4,2022-07-13T10:30:00Z,2022-07-04,74480,Gemeente,GM0402,Hilversum,<2005,84,83,18+
4,2022-07-13T10:30:00Z,2022-07-04,6498,Gemeente,GM0402,Hilversum,2005-2010,65,63,12-17
4,2022-07-13T10:30:00Z,2022-07-04,65523,Gemeente,GM0405,Hoorn,<=2010,79,78,12+
4,2022-07-13T10:30:00Z,2022-07-04,60444,Gemeente,GM0405,Hoorn,<2005,81,80,18+
4,2022-07-13T10:30:00Z,2022-07-04,5079,Gemeente,GM0405,Hoorn,2005-2010,55,54,12-17
4,2022-07-13T10:30:00Z,2022-07-04,36603,Gemeente,GM0406,Huizen,<=2010,83,82,12+
4,2022-07-13T10:30:00Z,2022-07-04,33809,Gemeente,GM0406,Huizen,<2005,85,84,18+
4,2022-07-13T10:30:00Z,2022-07-04,2794,Gemeente,GM0406,Huizen,2005-2010,57,55,12-17
4,2022-07-13T10:30:00Z,2022-07-04,10074,Gemeente,GM0415,Landsmeer,<=2010,84,83,12+
4,2022-07-13T10:30:00Z,2022-07-04,9242,Gemeente,GM0415,Landsmeer,<2005,86,85,18+
4,2022-07-13T10:30:00Z,2022-07-04,832,Gemeente,GM0415,Landsmeer,2005-2010,58,57,12-17
4,2022-07-13T10:30:00Z,2022-07-04,10310,Gemeente,GM0417,Laren,<=2010,88,86,12+
4,2022-07-13T10:30:00Z,2022-07-04,9469,Gemeente,GM0417,Laren,<2005,89,88,18+
4,2022-07-13T10:30:00Z,2022-07-04,841,Gemeente,GM0417,Laren,2005-2010,71,69,12-17
4,2022-07-13T10:30:00Z,2022-07-04,40622,Gemeente,GM0420,Medemblik,<=2010,81,80,12+
4,2022-07-13T10:30:00Z,2022-07-04,37350,Gemeente,GM0420,Medemblik,<2005,83,82,18+
4,2022-07-13T10:30:00Z,2022-07-04,3272,Gemeente,GM0420,Medemblik,2005-2010,62,60,12-17
4,2022-07-13T10:30:00Z,2022-07-04,8529,Gemeente,GM0431,Oostzaan,<=2010,84,83,12+
4,2022-07-13T10:30:00Z,2022-07-04,7890,Gemeente,GM0431,Oostzaan,<2005,86,85,18+
4,2022-07-13T10:30:00Z,2022-07-04,639,Gemeente,GM0431,Oostzaan,2005-2010,59,57,12-17
4,2022-07-13T10:30:00Z,2022-07-04,10807,Gemeente,GM0432,Opmeer,<=2010,81,80,12+
4,2022-07-13T10:30:00Z,2022-07-04,9995,Gemeente,GM0432,Opmeer,<2005,83,82,18+
4,2022-07-13T10:30:00Z,2022-07-04,812,Gemeente,GM0432,Opmeer,2005-2010,61,59,12-17
4,2022-07-13T10:30:00Z,2022-07-04,12439,Gemeente,GM0437,Ouder-Amstel,<=2010,83,81,12+
4,2022-07-13T10:30:00Z,2022-07-04,11465,Gemeente,GM0437,Ouder-Amstel,<2005,84,83,18+
4,2022-07-13T10:30:00Z,2022-07-04,974,Gemeente,GM0437,Ouder-Amstel,2005-2010,70,67,12-17
4,2022-07-13T10:30:00Z,2022-07-04,82850,Gemeente,GM0439,Purmerend,<=2010,82,80,12+
4,2022-07-13T10:30:00Z,2022-07-04,76976,Gemeente,GM0439,Purmerend,<2005,84,82,18+
4,2022-07-13T10:30:00Z,2022-07-04,5874,Gemeente,GM0439,Purmerend,2005-2010,55,54,12-17
4,2022-07-13T10:30:00Z,2022-07-04,42442,Gemeente,GM0441,Schagen,<=2010,83,82,12+
4,2022-07-13T10:30:00Z,2022-07-04,39047,Gemeente,GM0441,Schagen,<2005,85,84,18+
4,2022-07-13T10:30:00Z,2022-07-04,3395,Gemeente,GM0441,Schagen,2005-2010,62,56,12-17
4,2022-07-13T10:30:00Z,2022-07-04,12575,Gemeente,GM0448,Texel,<=2010,85,84,12+
4,2022-07-13T10:30:00Z,2022-07-04,11768,Gemeente,GM0448,Texel,<2005,86,85,18+
4,2022-07-13T10:30:00Z,2022-07-04,807,Gemeente,GM0448,Texel,2005-2010,69,63,12-17
4,2022-07-13T10:30:00Z,2022-07-04,11933,Gemeente,GM0450,Uitgeest,<=2010,87,86,12+
4,2022-07-13T10:30:00Z,2022-07-04,10968,Gemeente,GM0450,Uitgeest,<2005,88,87,18+
4,2022-07-13T10:30:00Z,2022-07-04,965,Gemeente,GM0450,Uitgeest,2005-2010,70,67,12-17
4,2022-07-13T10:30:00Z,2022-07-04,27137,Gemeente,GM0451,Uithoorn,<=2010,83,82,12+
4,2022-07-13T10:30:00Z,2022-07-04,24953,Gemeente,GM0451,Uithoorn,<2005,85,84,18+
4,2022-07-13T10:30:00Z,2022-07-04,2184,Gemeente,GM0451,Uithoorn,2005-2010,61,59,12-17
4,2022-07-13T10:30:00Z,2022-07-04,60773,Gemeente,GM0453,Velsen,<=2010,82,80,12+
4,2022-07-13T10:30:00Z,2022-07-04,56360,Gemeente,GM0453,Velsen,<2005,83,82,18+
4,2022-07-13T10:30:00Z,2022-07-04,4413,Gemeente,GM0453,Velsen,2005-2010,60,58,12-17
4,2022-07-13T10:30:00Z,2022-07-04,15711,Gemeente,GM0473,Zandvoort,<=2010,82,81,12+
4,2022-07-13T10:30:00Z,2022-07-04,14688,Gemeente,GM0473,Zandvoort,<2005,83,82,18+
4,2022-07-13T10:30:00Z,2022-07-04,1023,Gemeente,GM0473,Zandvoort,2005-2010,60,58,12-17
4,2022-07-13T10:30:00Z,2022-07-04,138607,Gemeente,GM0479,Zaanstad,<=2010,77,76,12+
4,2022-07-13T10:30:00Z,2022-07-04,128127,Gemeente,GM0479,Zaanstad,<2005,79,78,18+
4,2022-07-13T10:30:00Z,2022-07-04,10480,Gemeente,GM0479,Zaanstad,2005-2010,51,49,12-17
4,2022-07-13T10:30:00Z,2022-07-04,17333,Gemeente,GM0482,Alblasserdam,<=2010,72,71,12+
4,2022-07-13T10:30:00Z,2022-07-04,15800,Gemeente,GM0482,Alblasserdam,<2005,75,74,18+
4,2022-07-13T10:30:00Z,2022-07-04,1533,Gemeente,GM0482,Alblasserdam,2005-2010,41,40,12-17
4,2022-07-13T10:30:00Z,2022-07-04,100068,Gemeente,GM0484,Alphen aan den Rijn,<=2010,83,83,12+
4,2022-07-13T10:30:00Z,2022-07-04,92187,Gemeente,GM0484,Alphen aan den Rijn,<2005,85,85,18+
4,2022-07-13T10:30:00Z,2022-07-04,7881,Gemeente,GM0484,Alphen aan den Rijn,2005-2010,59,58,12-17
4,2022-07-13T10:30:00Z,2022-07-04,42680,Gemeente,GM0489,Barendrecht,<=2010,82,81,12+
4,2022-07-13T10:30:00Z,2022-07-04,38733,Gemeente,GM0489,Barendrecht,<2005,85,84,18+
4,2022-07-13T10:30:00Z,2022-07-04,3947,Gemeente,GM0489,Barendrecht,2005-2010,58,56,12-17
4,2022-07-13T10:30:00Z,2022-07-04,17730,Gemeente,GM0498,Drechterland,<=2010,83,82,12+
4,2022-07-13T10:30:00Z,2022-07-04,16352,Gemeente,GM0498,Drechterland,<2005,85,84,18+
4,2022-07-13T10:30:00Z,2022-07-04,1378,Gemeente,GM0498,Drechterland,2005-2010,62,61,12-17
4,2022-07-13T10:30:00Z,2022-07-04,15851,Gemeente,GM0501,Brielle,<=2010,84,83,12+
4,2022-07-13T10:30:00Z,2022-07-04,14803,Gemeente,GM0501,Brielle,<2005,85,85,18+
4,2022-07-13T10:30:00Z,2022-07-04,1048,Gemeente,GM0501,Brielle,2005-2010,65,63,12-17
4,2022-07-13T10:30:00Z,2022-07-04,59147,Gemeente,GM0502,Capelle aan den IJssel,<=2010,76,75,12+
4,2022-07-13T10:30:00Z,2022-07-04,54732,Gemeente,GM0502,Capelle aan den IJssel,<2005,78,77,18+
4,2022-07-13T10:30:00Z,2022-07-04,4415,Gemeente,GM0502,Capelle aan den IJssel,2005-2010,47,46,12-17
4,2022-07-13T10:30:00Z,2022-07-04,94963,Gemeente,GM0503,Delft,<=2010,81,80,12+
4,2022-07-13T10:30:00Z,2022-07-04,89959,Gemeente,GM0503,Delft,<2005,82,81,18+
4,2022-07-13T10:30:00Z,2022-07-04,5004,Gemeente,GM0503,Delft,2005-2010,58,57,12-17
4,2022-07-13T10:30:00Z,2022-07-04,106671,Gemeente,GM0505,Dordrecht,<=2010,78,77,12+
4,2022-07-13T10:30:00Z,2022-07-04,98945,Gemeente,GM0505,Dordrecht,<2005,80,79,18+
4,2022-07-13T10:30:00Z,2022-07-04,7726,Gemeente,GM0505,Dordrecht,2005-2010,52,50,12-17
4,2022-07-13T10:30:00Z,2022-07-04,33509,Gemeente,GM0512,Gorinchem,<=2010,80,78,12+
4,2022-07-13T10:30:00Z,2022-07-04,30946,Gemeente,GM0512,Gorinchem,<2005,81,80,18+
4,2022-07-13T10:30:00Z,2022-07-04,2563,Gemeente,GM0512,Gorinchem,2005-2010,56,55,12-17
4,2022-07-13T10:30:00Z,2022-07-04,65814,Gemeente,GM0513,Gouda,<=2010,80,79,12+
4,2022-07-13T10:30:00Z,2022-07-04,60811,Gemeente,GM0513,Gouda,<2005,82,81,18+
4,2022-07-13T10:30:00Z,2022-07-04,5003,Gemeente,GM0513,Gouda,2005-2010,53,51,12-17
4,2022-07-13T10:30:00Z,2022-07-04,489332,Gemeente,GM0518,'s-Gravenhage,<=2010,72,71,12+
4,2022-07-13T10:30:00Z,2022-07-04,452605,Gemeente,GM0518,'s-Gravenhage,<2005,74,73,18+
4,2022-07-13T10:30:00Z,2022-07-04,36727,Gemeente,GM0518,'s-Gravenhage,2005-2010,49,47,12-17
4,2022-07-13T10:30:00Z,2022-07-04,15891,Gemeente,GM0523,Hardinxveld-Giessendam,<=2010,73,72,12+
4,2022-07-13T10:30:00Z,2022-07-04,14417,Gemeente,GM0523,Hardinxveld-Giessendam,<2005,76,75,18+
4,2022-07-13T10:30:00Z,2022-07-04,1474,Gemeente,GM0523,Hardinxveld-Giessendam,2005-2010,45,44,12-17
4,2022-07-13T10:30:00Z,2022-07-04,36171,Gemeente,GM0530,Hellevoetsluis,<=2010,81,80,12+
4,2022-07-13T10:30:00Z,2022-07-04,33377,Gemeente,GM0530,Hellevoetsluis,<2005,83,82,18+
4,2022-07-13T10:30:00Z,2022-07-04,2794,Gemeente,GM0530,Hellevoetsluis,2005-2010,59,57,12-17
4,2022-07-13T10:30:00Z,2022-07-04,26938,Gemeente,GM0531,Hendrik-Ido-Ambacht,<=2010,80,79,12+
4,2022-07-13T10:30:00Z,2022-07-04,24361,Gemeente,GM0531,Hendrik-Ido-Ambacht,<2005,83,82,18+
4,2022-07-13T10:30:00Z,2022-07-04,2577,Gemeente,GM0531,Hendrik-Ido-Ambacht,2005-2010,54,52,12-17
4,2022-07-13T10:30:00Z,2022-07-04,19461,Gemeente,GM0532,Stede Broec,<=2010,82,81,12+
4,2022-07-13T10:30:00Z,2022-07-04,17956,Gemeente,GM0532,Stede Broec,<2005,84,83,18+
4,2022-07-13T10:30:00Z,2022-07-04,1505,Gemeente,GM0532,Stede Broec,2005-2010,59,57,12-17
4,2022-07-13T10:30:00Z,2022-07-04,19742,Gemeente,GM0534,Hillegom,<=2010,85,84,12+
4,2022-07-13T10:30:00Z,2022-07-04,18304,Gemeente,GM0534,Hillegom,<2005,87,86,18+
4,2022-07-13T10:30:00Z,2022-07-04,1438,Gemeente,GM0534,Hillegom,2005-2010,63,60,12-17
4,2022-07-13T10:30:00Z,2022-07-04,57317,Gemeente,GM0537,Katwijk,<=2010,82,81,12+
4,2022-07-13T10:30:00Z,2022-07-04,52275,Gemeente,GM0537,Katwijk,<2005,84,83,18+
4,2022-07-13T10:30:00Z,2022-07-04,5042,Gemeente,GM0537,Katwijk,2005-2010,56,54,12-17
4,2022-07-13T10:30:00Z,2022-07-04,25629,Gemeente,GM0542,Krimpen aan den IJssel,<=2010,76,75,12+
4,2022-07-13T10:30:00Z,2022-07-04,23433,Gemeente,GM0542,Krimpen aan den IJssel,<2005,79,78,18+
4,2022-07-13T10:30:00Z,2022-07-04,2196,Gemeente,GM0542,Krimpen aan den IJssel,2005-2010,47,46,12-17
4,2022-07-13T10:30:00Z,2022-07-04,113910,Gemeente,GM0546,Leiden,<=2010,85,84,12+
4,2022-07-13T10:30:00Z,2022-07-04,107433,Gemeente,GM0546,Leiden,<2005,86,85,18+
4,2022-07-13T10:30:00Z,2022-07-04,6477,Gemeente,GM0546,Leiden,2005-2010,63,61,12-17
4,2022-07-13T10:30:00Z,2022-07-04,24222,Gemeente,GM0547,Leiderdorp,<=2010,88,88,12+
4,2022-07-13T10:30:00Z,2022-07-04,22402,Gemeente,GM0547,Leiderdorp,<2005,90,89,18+
4,2022-07-13T10:30:00Z,2022-07-04,1820,Gemeente,GM0547,Leiderdorp,2005-2010,69,67,12-17
4,2022-07-13T10:30:00Z,2022-07-04,20490,Gemeente,GM0553,Lisse,<=2010,86,85,12+
4,2022-07-13T10:30:00Z,2022-07-04,18966,Gemeente,GM0553,Lisse,<2005,87,87,18+
4,2022-07-13T10:30:00Z,2022-07-04,1524,Gemeente,GM0553,Lisse,2005-2010,64,63,12-17
4,2022-07-13T10:30:00Z,2022-07-04,30534,Gemeente,GM0556,Maassluis,<=2010,78,77,12+
4,2022-07-13T10:30:00Z,2022-07-04,28267,Gemeente,GM0556,Maassluis,<2005,80,79,18+
4,2022-07-13T10:30:00Z,2022-07-04,2267,Gemeente,GM0556,Maassluis,2005-2010,48,47,12-17
4,2022-07-13T10:30:00Z,2022-07-04,25926,Gemeente,GM0569,Nieuwkoop,<=2010,86,85,12+
4,2022-07-13T10:30:00Z,2022-07-04,23983,Gemeente,GM0569,Nieuwkoop,<2005,88,87,18+
4,2022-07-13T10:30:00Z,2022-07-04,1943,Gemeente,GM0569,Nieuwkoop,2005-2010,66,64,12-17
4,2022-07-13T10:30:00Z,2022-07-04,40000,Gemeente,GM0575,Noordwijk,<=2010,85,84,12+
4,2022-07-13T10:30:00Z,2022-07-04,37223,Gemeente,GM0575,Noordwijk,<2005,87,86,18+
4,2022-07-13T10:30:00Z,2022-07-04,2777,Gemeente,GM0575,Noordwijk,2005-2010,64,63,12-17
4,2022-07-13T10:30:00Z,2022-07-04,22132,Gemeente,GM0579,Oegstgeest,<=2010,89,88,12+
4,2022-07-13T10:30:00Z,2022-07-04,20188,Gemeente,GM0579,Oegstgeest,<2005,91,90,18+
4,2022-07-13T10:30:00Z,2022-07-04,1944,Gemeente,GM0579,Oegstgeest,2005-2010,75,73,12-17
4,2022-07-13T10:30:00Z,2022-07-04,8976,Gemeente,GM0589,Oudewater,<=2010,87,86,12+
4,2022-07-13T10:30:00Z,2022-07-04,8248,Gemeente,GM0589,Oudewater,<2005,89,88,18+
4,2022-07-13T10:30:00Z,2022-07-04,728,Gemeente,GM0589,Oudewater,2005-2010,63,62,12-17
4,2022-07-13T10:30:00Z,2022-07-04,28367,Gemeente,GM0590,Papendrecht,<=2010,83,82,12+
4,2022-07-13T10:30:00Z,2022-07-04,26109,Gemeente,GM0590,Papendrecht,<2005,86,85,18+
4,2022-07-13T10:30:00Z,2022-07-04,2258,Gemeente,GM0590,Papendrecht,2005-2010,58,56,12-17
4,2022-07-13T10:30:00Z,2022-07-04,41507,Gemeente,GM0597,Ridderkerk,<=2010,79,77,12+
4,2022-07-13T10:30:00Z,2022-07-04,38577,Gemeente,GM0597,Ridderkerk,<2005,81,80,18+
4,2022-07-13T10:30:00Z,2022-07-04,2930,Gemeente,GM0597,Ridderkerk,2005-2010,48,47,12-17
4,2022-07-13T10:30:00Z,2022-07-04,580033,Gemeente,GM0599,Rotterdam,<=2010,70,68,12+
4,2022-07-13T10:30:00Z,2022-07-04,540713,Gemeente,GM0599,Rotterdam,<2005,72,71,18+
4,2022-07-13T10:30:00Z,2022-07-04,39320,Gemeente,GM0599,Rotterdam,2005-2010,39,38,12-17
4,2022-07-13T10:30:00Z,2022-07-04,49802,Gemeente,GM0603,Rijswijk,<=2010,80,79,12+
4,2022-07-13T10:30:00Z,2022-07-04,46389,Gemeente,GM0603,Rijswijk,<2005,82,81,18+
4,2022-07-13T10:30:00Z,2022-07-04,3413,Gemeente,GM0603,Rijswijk,2005-2010,53,51,12-17
4,2022-07-13T10:30:00Z,2022-07-04,70324,Gemeente,GM0606,Schiedam,<=2010,73,72,12+
4,2022-07-13T10:30:00Z,2022-07-04,65413,Gemeente,GM0606,Schiedam,<2005,75,74,18+
4,2022-07-13T10:30:00Z,2022-07-04,4911,Gemeente,GM0606,Schiedam,2005-2010,44,43,12-17
4,2022-07-13T10:30:00Z,2022-07-04,22505,Gemeente,GM0610,Sliedrecht,<=2010,77,76,12+
4,2022-07-13T10:30:00Z,2022-07-04,20666,Gemeente,GM0610,Sliedrecht,<2005,80,78,18+
4,2022-07-13T10:30:00Z,2022-07-04,1839,Gemeente,GM0610,Sliedrecht,2005-2010,46,45,12-17
4,2022-07-13T10:30:00Z,2022-07-04,22806,Gemeente,GM0613,Albrandswaard,<=2010,84,82,12+
4,2022-07-13T10:30:00Z,2022-07-04,20719,Gemeente,GM0613,Albrandswaard,<2005,86,85,18+
4,2022-07-13T10:30:00Z,2022-07-04,2087,Gemeente,GM0613,Albrandswaard,2005-2010,63,61,12-17
4,2022-07-13T10:30:00Z,2022-07-04,13627,Gemeente,GM0614,Westvoorne,<=2010,87,86,12+
4,2022-07-13T10:30:00Z,2022-07-04,12691,Gemeente,GM0614,Westvoorne,<2005,88,88,18+
4,2022-07-13T10:30:00Z,2022-07-04,936,Gemeente,GM0614,Westvoorne,2005-2010,66,64,12-17
4,2022-07-13T10:30:00Z,2022-07-04,65191,Gemeente,GM0622,Vlaardingen,<=2010,76,75,12+
4,2022-07-13T10:30:00Z,2022-07-04,60530,Gemeente,GM0622,Vlaardingen,<2005,78,77,18+
4,2022-07-13T10:30:00Z,2022-07-04,4661,Gemeente,GM0622,Vlaardingen,2005-2010,48,46,12-17
4,2022-07-13T10:30:00Z,2022-07-04,22368,Gemeente,GM0626,Voorschoten,<=2010,89,88,12+
4,2022-07-13T10:30:00Z,2022-07-04,20377,Gemeente,GM0626,Voorschoten,<2005,90,90,18+
4,2022-07-13T10:30:00Z,2022-07-04,1991,Gemeente,GM0626,Voorschoten,2005-2010,73,72,12-17
4,2022-07-13T10:30:00Z,2022-07-04,27128,Gemeente,GM0627,Waddinxveen,<=2010,81,80,12+
4,2022-07-13T10:30:00Z,2022-07-04,25014,Gemeente,GM0627,Waddinxveen,<2005,83,82,18+
4,2022-07-13T10:30:00Z,2022-07-04,2114,Gemeente,GM0627,Waddinxveen,2005-2010,55,53,12-17
4,2022-07-13T10:30:00Z,2022-07-04,24002,Gemeente,GM0629,Wassenaar,<=2010,85,84,12+
4,2022-07-13T10:30:00Z,2022-07-04,21644,Gemeente,GM0629,Wassenaar,<2005,86,85,18+
4,2022-07-13T10:30:00Z,2022-07-04,2358,Gemeente,GM0629,Wassenaar,2005-2010,69,68,12-17
4,2022-07-13T10:30:00Z,2022-07-04,46323,Gemeente,GM0632,Woerden,<=2010,86,86,12+
4,2022-07-13T10:30:00Z,2022-07-04,42255,Gemeente,GM0632,Woerden,<2005,88,88,18+
4,2022-07-13T10:30:00Z,2022-07-04,4068,Gemeente,GM0632,Woerden,2005-2010,66,64,12-17
4,2022-07-13T10:30:00Z,2022-07-04,110345,Gemeente,GM0637,Zoetermeer,<=2010,81,80,12+
4,2022-07-13T10:30:00Z,2022-07-04,101305,Gemeente,GM0637,Zoetermeer,<2005,83,82,18+
4,2022-07-13T10:30:00Z,2022-07-04,9040,Gemeente,GM0637,Zoetermeer,2005-2010,56,54,12-17
4,2022-07-13T10:30:00Z,2022-07-04,8309,Gemeente,GM0638,Zoeterwoude,<=2010,88,88,12+
4,2022-07-13T10:30:00Z,2022-07-04,7658,Gemeente,GM0638,Zoeterwoude,<2005,90,89,18+
4,2022-07-13T10:30:00Z,2022-07-04,651,Gemeente,GM0638,Zoeterwoude,2005-2010,69,67,12-17
4,2022-07-13T10:30:00Z,2022-07-04,39461,Gemeente,GM0642,Zwijndrecht,<=2010,79,78,12+
4,2022-07-13T10:30:00Z,2022-07-04,36437,Gemeente,GM0642,Zwijndrecht,<2005,82,81,18+
4,2022-07-13T10:30:00Z,2022-07-04,3024,Gemeente,GM0642,Zwijndrecht,2005-2010,50,49,12-17
4,2022-07-13T10:30:00Z,2022-07-04,20169,Gemeente,GM0654,Borsele,<=2010,78,77,12+
4,2022-07-13T10:30:00Z,2022-07-04,18523,Gemeente,GM0654,Borsele,<2005,80,79,18+
4,2022-07-13T10:30:00Z,2022-07-04,1646,Gemeente,GM0654,Borsele,2005-2010,52,47,12-17
4,2022-07-13T10:30:00Z,2022-07-04,35082,Gemeente,GM0664,Goes,<=2010,83,81,12+
4,2022-07-13T10:30:00Z,2022-07-04,32562,Gemeente,GM0664,Goes,<2005,84,83,18+
4,2022-07-13T10:30:00Z,2022-07-04,2520,Gemeente,GM0664,Goes,2005-2010,60,53,12-17
4,2022-07-13T10:30:00Z,2022-07-04,17719,Gemeente,GM0668,West Maas en Waal,<=2010,89,88,12+
4,2022-07-13T10:30:00Z,2022-07-04,16502,Gemeente,GM0668,West Maas en Waal,<2005,90,90,18+
4,2022-07-13T10:30:00Z,2022-07-04,1217,Gemeente,GM0668,West Maas en Waal,2005-2010,72,69,12-17
4,2022-07-13T10:30:00Z,2022-07-04,25023,Gemeente,GM0677,Hulst,<=2010,86,85,12+
4,2022-07-13T10:30:00Z,2022-07-04,23348,Gemeente,GM0677,Hulst,<2005,87,86,18+
4,2022-07-13T10:30:00Z,2022-07-04,1675,Gemeente,GM0677,Hulst,2005-2010,67,61,12-17
4,2022-07-13T10:30:00Z,2022-07-04,11338,Gemeente,GM0678,Kapelle,<=2010,84,82,12+
4,2022-07-13T10:30:00Z,2022-07-04,10307,Gemeente,GM0678,Kapelle,<2005,86,85,18+
4,2022-07-13T10:30:00Z,2022-07-04,1031,Gemeente,GM0678,Kapelle,2005-2010,60,54,12-17
4,2022-07-13T10:30:00Z,2022-07-04,43697,Gemeente,GM0687,Middelburg,<=2010,79,78,12+
4,2022-07-13T10:30:00Z,2022-07-04,40410,Gemeente,GM0687,Middelburg,<2005,81,80,18+
4,2022-07-13T10:30:00Z,2022-07-04,3287,Gemeente,GM0687,Middelburg,2005-2010,56,51,12-17
4,2022-07-13T10:30:00Z,2022-07-04,19608,Gemeente,GM0703,Reimerswaal,<=2010,62,60,12+
4,2022-07-13T10:30:00Z,2022-07-04,17692,Gemeente,GM0703,Reimerswaal,<2005,65,63,18+
4,2022-07-13T10:30:00Z,2022-07-04,1916,Gemeente,GM0703,Reimerswaal,2005-2010,35,31,12-17
4,2022-07-13T10:30:00Z,2022-07-04,49136,Gemeente,GM0715,Terneuzen,<=2010,81,80,12+
4,2022-07-13T10:30:00Z,2022-07-04,45877,Gemeente,GM0715,Terneuzen,<2005,83,81,18+
4,2022-07-13T10:30:00Z,2022-07-04,3259,Gemeente,GM0715,Terneuzen,2005-2010,60,55,12-17
4,2022-07-13T10:30:00Z,2022-07-04,23015,Gemeente,GM0716,Tholen,<=2010,70,68,12+
4,2022-07-13T10:30:00Z,2022-07-04,21020,Gemeente,GM0716,Tholen,<2005,73,71,18+
4,2022-07-13T10:30:00Z,2022-07-04,1995,Gemeente,GM0716,Tholen,2005-2010,43,40,12-17
4,2022-07-13T10:30:00Z,2022-07-04,19407,Gemeente,GM0717,Veere,<=2010,82,81,12+
4,2022-07-13T10:30:00Z,2022-07-04,18071,Gemeente,GM0717,Veere,<2005,84,83,18+
4,2022-07-13T10:30:00Z,2022-07-04,1336,Gemeente,GM0717,Veere,2005-2010,53,49,12-17
4,2022-07-13T10:30:00Z,2022-07-04,40211,Gemeente,GM0718,Vlissingen,<=2010,77,76,12+
4,2022-07-13T10:30:00Z,2022-07-04,37419,Gemeente,GM0718,Vlissingen,<2005,79,78,18+
4,2022-07-13T10:30:00Z,2022-07-04,2792,Gemeente,GM0718,Vlissingen,2005-2010,52,48,12-17
4,2022-07-13T10:30:00Z,2022-07-04,40018,Gemeente,GM0736,De Ronde Venen,<=2010,85,84,12+
4,2022-07-13T10:30:00Z,2022-07-04,36979,Gemeente,GM0736,De Ronde Venen,<2005,87,86,18+
4,2022-07-13T10:30:00Z,2022-07-04,3039,Gemeente,GM0736,De Ronde Venen,2005-2010,65,63,12-17
4,2022-07-13T10:30:00Z,2022-07-04,28526,Gemeente,GM0737,Tytsjerksteradiel,<=2010,80,79,12+
4,2022-07-13T10:30:00Z,2022-07-04,26144,Gemeente,GM0737,Tytsjerksteradiel,<2005,83,82,18+
4,2022-07-13T10:30:00Z,2022-07-04,2382,Gemeente,GM0737,Tytsjerksteradiel,2005-2010,53,51,12-17
4,2022-07-13T10:30:00Z,2022-07-04,15345,Gemeente,GM0743,Asten,<=2010,87,85,12+
4,2022-07-13T10:30:00Z,2022-07-04,14184,Gemeente,GM0743,Asten,<2005,88,87,18+
4,2022-07-13T10:30:00Z,2022-07-04,1161,Gemeente,GM0743,Asten,2005-2010,71,62,12-17
4,2022-07-13T10:30:00Z,2022-07-04,6276,Gemeente,GM0744,Baarle-Nassau,<=2010,88,87,12+
4,2022-07-13T10:30:00Z,2022-07-04,5886,Gemeente,GM0744,Baarle-Nassau,<2005,90,89,18+
4,2022-07-13T10:30:00Z,2022-07-04,390,Gemeente,GM0744,Baarle-Nassau,2005-2010,67,65,12-17
4,2022-07-13T10:30:00Z,2022-07-04,60659,Gemeente,GM0748,Bergen op Zoom,<=2010,83,81,12+
4,2022-07-13T10:30:00Z,2022-07-04,56332,Gemeente,GM0748,Bergen op Zoom,<2005,85,83,18+
4,2022-07-13T10:30:00Z,2022-07-04,4327,Gemeente,GM0748,Bergen op Zoom,2005-2010,56,51,12-17
4,2022-07-13T10:30:00Z,2022-07-04,27277,Gemeente,GM0753,Best,<=2010,87,86,12+
4,2022-07-13T10:30:00Z,2022-07-04,25247,Gemeente,GM0753,Best,<2005,88,87,18+
4,2022-07-13T10:30:00Z,2022-07-04,2030,Gemeente,GM0753,Best,2005-2010,71,69,12-17
4,2022-07-13T10:30:00Z,2022-07-04,9844,Gemeente,GM0755,Boekel,<=2010,88,87,12+
4,2022-07-13T10:30:00Z,2022-07-04,9020,Gemeente,GM0755,Boekel,<2005,90,89,18+
4,2022-07-13T10:30:00Z,2022-07-04,824,Gemeente,GM0755,Boekel,2005-2010,73,72,12-17
4,2022-07-13T10:30:00Z,2022-07-04,29860,Gemeente,GM0757,Boxtel,<=2010,87,86,12+
4,2022-07-13T10:30:00Z,2022-07-04,27426,Gemeente,GM0757,Boxtel,<2005,89,88,18+
4,2022-07-13T10:30:00Z,2022-07-04,2434,Gemeente,GM0757,Boxtel,2005-2010,71,69,12-17
4,2022-07-13T10:30:00Z,2022-07-04,164709,Gemeente,GM0758,Breda,<=2010,84,83,12+
4,2022-07-13T10:30:00Z,2022-07-04,152407,Gemeente,GM0758,Breda,<2005,86,85,18+
4,2022-07-13T10:30:00Z,2022-07-04,12302,Gemeente,GM0758,Breda,2005-2010,64,60,12-17
4,2022-07-13T10:30:00Z,2022-07-04,29022,Gemeente,GM0762,Deurne,<=2010,88,86,12+
4,2022-07-13T10:30:00Z,2022-07-04,26890,Gemeente,GM0762,Deurne,<2005,89,88,18+
4,2022-07-13T10:30:00Z,2022-07-04,2132,Gemeente,GM0762,Deurne,2005-2010,67,57,12-17
4,2022-07-13T10:30:00Z,2022-07-04,10959,Gemeente,GM0765,Pekela,<=2010,81,80,12+
4,2022-07-13T10:30:00Z,2022-07-04,10185,Gemeente,GM0765,Pekela,<2005,83,82,18+
4,2022-07-13T10:30:00Z,2022-07-04,774,Gemeente,GM0765,Pekela,2005-2010,58,55,12-17
4,2022-07-13T10:30:00Z,2022-07-04,23945,Gemeente,GM0766,Dongen,<=2010,87,86,12+
4,2022-07-13T10:30:00Z,2022-07-04,22277,Gemeente,GM0766,Dongen,<2005,89,88,18+
4,2022-07-13T10:30:00Z,2022-07-04,1668,Gemeente,GM0766,Dongen,2005-2010,69,67,12-17
4,2022-07-13T10:30:00Z,2022-07-04,17688,Gemeente,GM0770,Eersel,<=2010,90,89,12+
4,2022-07-13T10:30:00Z,2022-07-04,16427,Gemeente,GM0770,Eersel,<2005,91,90,18+
4,2022-07-13T10:30:00Z,2022-07-04,1261,Gemeente,GM0770,Eersel,2005-2010,74,71,12-17
4,2022-07-13T10:30:00Z,2022-07-04,215271,Gemeente,GM0772,Eindhoven,<=2010,79,77,12+
4,2022-07-13T10:30:00Z,2022-07-04,201605,Gemeente,GM0772,Eindhoven,<2005,80,79,18+
4,2022-07-13T10:30:00Z,2022-07-04,13666,Gemeente,GM0772,Eindhoven,2005-2010,56,54,12-17
4,2022-07-13T10:30:00Z,2022-07-04,39052,Gemeente,GM0777,Etten-Leur,<=2010,86,85,12+
4,2022-07-13T10:30:00Z,2022-07-04,35828,Gemeente,GM0777,Etten-Leur,<2005,88,87,18+
4,2022-07-13T10:30:00Z,2022-07-04,3224,Gemeente,GM0777,Etten-Leur,2005-2010,66,62,12-17
4,2022-07-13T10:30:00Z,2022-07-04,19558,Gemeente,GM0779,Geertruidenberg,<=2010,88,87,12+
4,2022-07-13T10:30:00Z,2022-07-04,18083,Gemeente,GM0779,Geertruidenberg,<2005,89,88,18+
4,2022-07-13T10:30:00Z,2022-07-04,1475,Gemeente,GM0779,Geertruidenberg,2005-2010,70,68,12-17
4,2022-07-13T10:30:00Z,2022-07-04,23616,Gemeente,GM0784,Gilze en Rijen,<=2010,86,85,12+
4,2022-07-13T10:30:00Z,2022-07-04,21745,Gemeente,GM0784,Gilze en Rijen,<2005,88,87,18+
4,2022-07-13T10:30:00Z,2022-07-04,1871,Gemeente,GM0784,Gilze en Rijen,2005-2010,62,58,12-17
4,2022-07-13T10:30:00Z,2022-07-04,21182,Gemeente,GM0785,Goirle,<=2010,90,89,12+
4,2022-07-13T10:30:00Z,2022-07-04,19362,Gemeente,GM0785,Goirle,<2005,92,91,18+
4,2022-07-13T10:30:00Z,2022-07-04,1820,Gemeente,GM0785,Goirle,2005-2010,71,70,12-17
4,2022-07-13T10:30:00Z,2022-07-04,83212,Gemeente,GM0794,Helmond,<=2010,79,77,12+
4,2022-07-13T10:30:00Z,2022-07-04,76627,Gemeente,GM0794,Helmond,<2005,81,79,18+
4,2022-07-13T10:30:00Z,2022-07-04,6585,Gemeente,GM0794,Helmond,2005-2010,55,48,12-17
4,2022-07-13T10:30:00Z,2022-07-04,139746,Gemeente,GM0796,'s-Hertogenbosch,<=2010,84,83,12+
4,2022-07-13T10:30:00Z,2022-07-04,129963,Gemeente,GM0796,'s-Hertogenbosch,<2005,86,85,18+
4,2022-07-13T10:30:00Z,2022-07-04,9783,Gemeente,GM0796,'s-Hertogenbosch,2005-2010,62,61,12-17
4,2022-07-13T10:30:00Z,2022-07-04,40584,Gemeente,GM0797,Heusden,<=2010,87,86,12+
4,2022-07-13T10:30:00Z,2022-07-04,37552,Gemeente,GM0797,Heusden,<2005,88,87,18+
4,2022-07-13T10:30:00Z,2022-07-04,3032,Gemeente,GM0797,Heusden,2005-2010,67,66,12-17
4,2022-07-13T10:30:00Z,2022-07-04,14200,Gemeente,GM0798,Hilvarenbeek,<=2010,92,91,12+
4,2022-07-13T10:30:00Z,2022-07-04,13128,Gemeente,GM0798,Hilvarenbeek,<2005,93,93,18+
4,2022-07-13T10:30:00Z,2022-07-04,1072,Gemeente,GM0798,Hilvarenbeek,2005-2010,76,74,12-17
4,2022-07-13T10:30:00Z,2022-07-04,21119,Gemeente,GM0809,Loon op Zand,<=2010,88,87,12+
4,2022-07-13T10:30:00Z,2022-07-04,19643,Gemeente,GM0809,Loon op Zand,<2005,90,89,18+
4,2022-07-13T10:30:00Z,2022-07-04,1476,Gemeente,GM0809,Loon op Zand,2005-2010,70,68,12-17
4,2022-07-13T10:30:00Z,2022-07-04,21118,Gemeente,GM0820,"Nuenen, Gerwen en Nederwetten",<=2010,89,88,12+
4,2022-07-13T10:30:00Z,2022-07-04,19570,Gemeente,GM0820,"Nuenen, Gerwen en Nederwetten",<2005,91,90,18+
4,2022-07-13T10:30:00Z,2022-07-04,1548,Gemeente,GM0820,"Nuenen, Gerwen en Nederwetten",2005-2010,72,65,12-17
4,2022-07-13T10:30:00Z,2022-07-04,17102,Gemeente,GM0823,Oirschot,<=2010,91,90,12+
4,2022-07-13T10:30:00Z,2022-07-04,15919,Gemeente,GM0823,Oirschot,<2005,92,91,18+
4,2022-07-13T10:30:00Z,2022-07-04,1183,Gemeente,GM0823,Oirschot,2005-2010,77,75,12-17
4,2022-07-13T10:30:00Z,2022-07-04,29231,Gemeente,GM0824,Oisterwijk,<=2010,90,89,12+
4,2022-07-13T10:30:00Z,2022-07-04,27095,Gemeente,GM0824,Oisterwijk,<2005,91,90,18+
4,2022-07-13T10:30:00Z,2022-07-04,2136,Gemeente,GM0824,Oisterwijk,2005-2010,72,70,12-17
4,2022-07-13T10:30:00Z,2022-07-04,50336,Gemeente,GM0826,Oosterhout,<=2010,85,84,12+
4,2022-07-13T10:30:00Z,2022-07-04,46759,Gemeente,GM0826,Oosterhout,<2005,87,86,18+
4,2022-07-13T10:30:00Z,2022-07-04,3577,Gemeente,GM0826,Oosterhout,2005-2010,63,59,12-17
4,2022-07-13T10:30:00Z,2022-07-04,83491,Gemeente,GM0828,Oss,<=2010,84,83,12+
4,2022-07-13T10:30:00Z,2022-07-04,77570,Gemeente,GM0828,Oss,<2005,86,85,18+
4,2022-07-13T10:30:00Z,2022-07-04,5921,Gemeente,GM0828,Oss,2005-2010,66,65,12-17
4,2022-07-13T10:30:00Z,2022-07-04,21129,Gemeente,GM0840,Rucphen,<=2010,87,86,12+
4,2022-07-13T10:30:00Z,2022-07-04,19866,Gemeente,GM0840,Rucphen,<2005,88,87,18+
4,2022-07-13T10:30:00Z,2022-07-04,1263,Gemeente,GM0840,Rucphen,2005-2010,68,63,12-17
4,2022-07-13T10:30:00Z,2022-07-04,26262,Gemeente,GM0845,Sint-Michielsgestel,<=2010,91,90,12+
4,2022-07-13T10:30:00Z,2022-07-04,24118,Gemeente,GM0845,Sint-Michielsgestel,<2005,92,92,18+
4,2022-07-13T10:30:00Z,2022-07-04,2144,Gemeente,GM0845,Sint-Michielsgestel,2005-2010,74,72,12-17
4,2022-07-13T10:30:00Z,2022-07-04,17525,Gemeente,GM0847,Someren,<=2010,87,85,12+
4,2022-07-13T10:30:00Z,2022-07-04,16421,Gemeente,GM0847,Someren,<2005,88,87,18+
4,2022-07-13T10:30:00Z,2022-07-04,1104,Gemeente,GM0847,Someren,2005-2010,69,60,12-17
4,2022-07-13T10:30:00Z,2022-07-04,15631,Gemeente,GM0848,Son en Breugel,<=2010,89,88,12+
4,2022-07-13T10:30:00Z,2022-07-04,14345,Gemeente,GM0848,Son en Breugel,<2005,90,89,18+
4,2022-07-13T10:30:00Z,2022-07-04,1286,Gemeente,GM0848,Son en Breugel,2005-2010,70,69,12-17
4,2022-07-13T10:30:00Z,2022-07-04,21928,Gemeente,GM0851,Steenbergen,<=2010,84,83,12+
4,2022-07-13T10:30:00Z,2022-07-04,20473,Gemeente,GM0851,Steenbergen,<2005,86,84,18+
4,2022-07-13T10:30:00Z,2022-07-04,1455,Gemeente,GM0851,Steenbergen,2005-2010,65,61,12-17
4,2022-07-13T10:30:00Z,2022-07-04,15429,Gemeente,GM0852,Waterland,<=2010,88,87,12+
4,2022-07-13T10:30:00Z,2022-07-04,14204,Gemeente,GM0852,Waterland,<2005,90,88,18+
4,2022-07-13T10:30:00Z,2022-07-04,1225,Gemeente,GM0852,Waterland,2005-2010,69,67,12-17
4,2022-07-13T10:30:00Z,2022-07-04,200877,Gemeente,GM0855,Tilburg,<=2010,80,79,12+
4,2022-07-13T10:30:00Z,2022-07-04,187406,Gemeente,GM0855,Tilburg,<2005,82,81,18+
4,2022-07-13T10:30:00Z,2022-07-04,13471,Gemeente,GM0855,Tilburg,2005-2010,59,57,12-17
4,2022-07-13T10:30:00Z,2022-07-04,28099,Gemeente,GM0858,Valkenswaard,<=2010,88,87,12+
4,2022-07-13T10:30:00Z,2022-07-04,26306,Gemeente,GM0858,Valkenswaard,<2005,89,88,18+
4,2022-07-13T10:30:00Z,2022-07-04,1793,Gemeente,GM0858,Valkenswaard,2005-2010,67,65,12-17
4,2022-07-13T10:30:00Z,2022-07-04,41015,Gemeente,GM0861,Veldhoven,<=2010,88,87,12+
4,2022-07-13T10:30:00Z,2022-07-04,38042,Gemeente,GM0861,Veldhoven,<2005,89,88,18+
4,2022-07-13T10:30:00Z,2022-07-04,2973,Gemeente,GM0861,Veldhoven,2005-2010,70,67,12-17
4,2022-07-13T10:30:00Z,2022-07-04,27996,Gemeente,GM0865,Vught,<=2010,89,88,12+
4,2022-07-13T10:30:00Z,2022-07-04,25707,Gemeente,GM0865,Vught,<2005,91,90,18+
4,2022-07-13T10:30:00Z,2022-07-04,2289,Gemeente,GM0865,Vught,2005-2010,73,71,12-17
4,2022-07-13T10:30:00Z,2022-07-04,15681,Gemeente,GM0866,Waalre,<=2010,89,87,12+
4,2022-07-13T10:30:00Z,2022-07-04,14405,Gemeente,GM0866,Waalre,<2005,90,89,18+
4,2022-07-13T10:30:00Z,2022-07-04,1276,Gemeente,GM0866,Waalre,2005-2010,71,68,12-17
4,2022-07-13T10:30:00Z,2022-07-04,44034,Gemeente,GM0867,Waalwijk,<=2010,84,83,12+
4,2022-07-13T10:30:00Z,2022-07-04,40918,Gemeente,GM0867,Waalwijk,<2005,85,84,18+
4,2022-07-13T10:30:00Z,2022-07-04,3116,Gemeente,GM0867,Waalwijk,2005-2010,63,62,12-17
4,2022-07-13T10:30:00Z,2022-07-04,19900,Gemeente,GM0873,Woensdrecht,<=2010,87,85,12+
4,2022-07-13T10:30:00Z,2022-07-04,18570,Gemeente,GM0873,Woensdrecht,<2005,88,87,18+
4,2022-07-13T10:30:00Z,2022-07-04,1330,Gemeente,GM0873,Woensdrecht,2005-2010,69,62,12-17
4,2022-07-13T10:30:00Z,2022-07-04,20193,Gemeente,GM0879,Zundert,<=2010,87,86,12+
4,2022-07-13T10:30:00Z,2022-07-04,18994,Gemeente,GM0879,Zundert,<2005,88,88,18+
4,2022-07-13T10:30:00Z,2022-07-04,1199,Gemeente,GM0879,Zundert,2005-2010,68,64,12-17
4,2022-07-13T10:30:00Z,2022-07-04,14756,Gemeente,GM0880,Wormerland,<=2010,85,84,12+
4,2022-07-13T10:30:00Z,2022-07-04,13672,Gemeente,GM0880,Wormerland,<2005,87,86,18+
4,2022-07-13T10:30:00Z,2022-07-04,1084,Gemeente,GM0880,Wormerland,2005-2010,63,62,12-17
4,2022-07-13T10:30:00Z,2022-07-04,33591,Gemeente,GM0882,Landgraaf,<=2010,80,79,12+
4,2022-07-13T10:30:00Z,2022-07-04,31526,Gemeente,GM0882,Landgraaf,<2005,82,81,18+
4,2022-07-13T10:30:00Z,2022-07-04,2065,Gemeente,GM0882,Landgraaf,2005-2010,52,49,12-17
4,2022-07-13T10:30:00Z,2022-07-04,14315,Gemeente,GM0888,Beek,<=2010,86,85,12+
4,2022-07-13T10:30:00Z,2022-07-04,13503,Gemeente,GM0888,Beek,<2005,88,86,18+
4,2022-07-13T10:30:00Z,2022-07-04,812,Gemeente,GM0888,Beek,2005-2010,64,62,12-17
4,2022-07-13T10:30:00Z,2022-07-04,12144,Gemeente,GM0889,Beesel,<=2010,85,84,12+
4,2022-07-13T10:30:00Z,2022-07-04,11290,Gemeente,GM0889,Beesel,<2005,87,86,18+
4,2022-07-13T10:30:00Z,2022-07-04,854,Gemeente,GM0889,Beesel,2005-2010,61,54,12-17
4,2022-07-13T10:30:00Z,2022-07-04,11926,Gemeente,GM0893,Bergen (L.),<=2010,88,86,12+
4,2022-07-13T10:30:00Z,2022-07-04,11162,Gemeente,GM0893,Bergen (L.),<2005,89,88,18+
4,2022-07-13T10:30:00Z,2022-07-04,764,Gemeente,GM0893,Bergen (L.),2005-2010,69,62,12-17
4,2022-07-13T10:30:00Z,2022-07-04,25123,Gemeente,GM0899,Brunssum,<=2010,79,77,12+
4,2022-07-13T10:30:00Z,2022-07-04,23593,Gemeente,GM0899,Brunssum,<2005,81,79,18+
4,2022-07-13T10:30:00Z,2022-07-04,1530,Gemeente,GM0899,Brunssum,2005-2010,50,48,12-17
4,2022-07-13T10:30:00Z,2022-07-04,15831,Gemeente,GM0907,Gennep,<=2010,83,83,12+
4,2022-07-13T10:30:00Z,2022-07-04,14652,Gemeente,GM0907,Gennep,<2005,85,84,18+
4,2022-07-13T10:30:00Z,2022-07-04,1179,Gemeente,GM0907,Gennep,2005-2010,65,63,12-17
4,2022-07-13T10:30:00Z,2022-07-04,78373,Gemeente,GM0917,Heerlen,<=2010,75,73,12+
4,2022-07-13T10:30:00Z,2022-07-04,73702,Gemeente,GM0917,Heerlen,<2005,77,75,18+
4,2022-07-13T10:30:00Z,2022-07-04,4671,Gemeente,GM0917,Heerlen,2005-2010,46,43,12-17
4,2022-07-13T10:30:00Z,2022-07-04,41206,Gemeente,GM0928,Kerkrade,<=2010,75,74,12+
4,2022-07-13T10:30:00Z,2022-07-04,38822,Gemeente,GM0928,Kerkrade,<2005,77,75,18+
4,2022-07-13T10:30:00Z,2022-07-04,2384,Gemeente,GM0928,Kerkrade,2005-2010,47,44,12-17
4,2022-07-13T10:30:00Z,2022-07-04,110817,Gemeente,GM0935,Maastricht,<=2010,79,78,12+
4,2022-07-13T10:30:00Z,2022-07-04,105557,Gemeente,GM0935,Maastricht,<2005,80,79,18+
4,2022-07-13T10:30:00Z,2022-07-04,5260,Gemeente,GM0935,Maastricht,2005-2010,61,59,12-17
4,2022-07-13T10:30:00Z,2022-07-04,16814,Gemeente,GM0938,Meerssen,<=2010,88,87,12+
4,2022-07-13T10:30:00Z,2022-07-04,15677,Gemeente,GM0938,Meerssen,<2005,89,88,18+
4,2022-07-13T10:30:00Z,2022-07-04,1137,Gemeente,GM0938,Meerssen,2005-2010,71,70,12-17
4,2022-07-13T10:30:00Z,2022-07-04,7311,Gemeente,GM0944,Mook en Middelaar,<=2010,90,89,12+
4,2022-07-13T10:30:00Z,2022-07-04,6809,Gemeente,GM0944,Mook en Middelaar,<2005,91,90,18+
4,2022-07-13T10:30:00Z,2022-07-04,502,Gemeente,GM0944,Mook en Middelaar,2005-2010,79,76,12-17
4,2022-07-13T10:30:00Z,2022-07-04,15590,Gemeente,GM0946,Nederweert,<=2010,87,85,12+
4,2022-07-13T10:30:00Z,2022-07-04,14609,Gemeente,GM0946,Nederweert,<2005,88,87,18+
4,2022-07-13T10:30:00Z,2022-07-04,981,Gemeente,GM0946,Nederweert,2005-2010,68,61,12-17
4,2022-07-13T10:30:00Z,2022-07-04,53285,Gemeente,GM0957,Roermond,<=2010,79,78,12+
4,2022-07-13T10:30:00Z,2022-07-04,49677,Gemeente,GM0957,Roermond,<2005,81,80,18+
4,2022-07-13T10:30:00Z,2022-07-04,3608,Gemeente,GM0957,Roermond,2005-2010,54,51,12-17
4,2022-07-13T10:30:00Z,2022-07-04,9449,Gemeente,GM0965,Simpelveld,<=2010,84,83,12+
4,2022-07-13T10:30:00Z,2022-07-04,8876,Gemeente,GM0965,Simpelveld,<2005,85,84,18+
4,2022-07-13T10:30:00Z,2022-07-04,573,Gemeente,GM0965,Simpelveld,2005-2010,70,65,12-17
4,2022-07-13T10:30:00Z,2022-07-04,22516,Gemeente,GM0971,Stein,<=2010,85,83,12+
4,2022-07-13T10:30:00Z,2022-07-04,21142,Gemeente,GM0971,Stein,<2005,86,85,18+
4,2022-07-13T10:30:00Z,2022-07-04,1374,Gemeente,GM0971,Stein,2005-2010,63,61,12-17
4,2022-07-13T10:30:00Z,2022-07-04,9222,Gemeente,GM0981,Vaals,<=2010,66,65,12+
4,2022-07-13T10:30:00Z,2022-07-04,8788,Gemeente,GM0981,Vaals,<2005,67,66,18+
4,2022-07-13T10:30:00Z,2022-07-04,434,Gemeente,GM0981,Vaals,2005-2010,46,42,12-17
4,2022-07-13T10:30:00Z,2022-07-04,91923,Gemeente,GM0983,Venlo,<=2010,80,78,12+
4,2022-07-13T10:30:00Z,2022-07-04,85691,Gemeente,GM0983,Venlo,<2005,81,80,18+
4,2022-07-13T10:30:00Z,2022-07-04,6232,Gemeente,GM0983,Venlo,2005-2010,55,49,12-17
4,2022-07-13T10:30:00Z,2022-07-04,39599,Gemeente,GM0984,Venray,<=2010,84,82,12+
4,2022-07-13T10:30:00Z,2022-07-04,36891,Gemeente,GM0984,Venray,<2005,86,84,18+
4,2022-07-13T10:30:00Z,2022-07-04,2708,Gemeente,GM0984,Venray,2005-2010,63,55,12-17
4,2022-07-13T10:30:00Z,2022-07-04,11107,Gemeente,GM0986,Voerendaal,<=2010,86,86,12+
4,2022-07-13T10:30:00Z,2022-07-04,10405,Gemeente,GM0986,Voerendaal,<2005,88,87,18+
4,2022-07-13T10:30:00Z,2022-07-04,702,Gemeente,GM0986,Voerendaal,2005-2010,62,58,12-17
4,2022-07-13T10:30:00Z,2022-07-04,45492,Gemeente,GM0988,Weert,<=2010,84,83,12+
4,2022-07-13T10:30:00Z,2022-07-04,42489,Gemeente,GM0988,Weert,<2005,85,84,18+
4,2022-07-13T10:30:00Z,2022-07-04,3003,Gemeente,GM0988,Weert,2005-2010,61,57,12-17
4,2022-07-13T10:30:00Z,2022-07-04,15019,Gemeente,GM0994,Valkenburg aan de Geul,<=2010,87,85,12+
4,2022-07-13T10:30:00Z,2022-07-04,14184,Gemeente,GM0994,Valkenburg aan de Geul,<2005,88,87,18+
4,2022-07-13T10:30:00Z,2022-07-04,835,Gemeente,GM0994,Valkenburg aan de Geul,2005-2010,69,68,12-17
4,2022-07-13T10:30:00Z,2022-07-04,71452,Gemeente,GM0995,Lelystad,<=2010,73,72,12+
4,2022-07-13T10:30:00Z,2022-07-04,65194,Gemeente,GM0995,Lelystad,<2005,75,74,18+
4,2022-07-13T10:30:00Z,2022-07-04,6258,Gemeente,GM0995,Lelystad,2005-2010,47,45,12-17
4,2022-07-13T10:30:00Z,2022-07-04,38930,Gemeente,GM1507,Horst aan de Maas,<=2010,87,85,12+
4,2022-07-13T10:30:00Z,2022-07-04,36269,Gemeente,GM1507,Horst aan de Maas,<2005,88,87,18+
4,2022-07-13T10:30:00Z,2022-07-04,2661,Gemeente,GM1507,Horst aan de Maas,2005-2010,69,61,12-17
4,2022-07-13T10:30:00Z,2022-07-04,35529,Gemeente,GM1509,Oude IJsselstreek,<=2010,88,87,12+
4,2022-07-13T10:30:00Z,2022-07-04,32974,Gemeente,GM1509,Oude IJsselstreek,<2005,90,89,18+
4,2022-07-13T10:30:00Z,2022-07-04,2555,Gemeente,GM1509,Oude IJsselstreek,2005-2010,68,65,12-17
4,2022-07-13T10:30:00Z,2022-07-04,33714,Gemeente,GM1525,Teylingen,<=2010,89,88,12+
4,2022-07-13T10:30:00Z,2022-07-04,31051,Gemeente,GM1525,Teylingen,<2005,90,89,18+
4,2022-07-13T10:30:00Z,2022-07-04,2663,Gemeente,GM1525,Teylingen,2005-2010,72,71,12-17
4,2022-07-13T10:30:00Z,2022-07-04,44168,Gemeente,GM1581,Utrechtse Heuvelrug,<=2010,85,84,12+
4,2022-07-13T10:30:00Z,2022-07-04,40621,Gemeente,GM1581,Utrechtse Heuvelrug,<2005,87,86,18+
4,2022-07-13T10:30:00Z,2022-07-04,3547,Gemeente,GM1581,Utrechtse Heuvelrug,2005-2010,66,64,12-17
4,2022-07-13T10:30:00Z,2022-07-04,26587,Gemeente,GM1586,Oost Gelre,<=2010,91,90,12+
4,2022-07-13T10:30:00Z,2022-07-04,24542,Gemeente,GM1586,Oost Gelre,<2005,92,91,18+
4,2022-07-13T10:30:00Z,2022-07-04,2045,Gemeente,GM1586,Oost Gelre,2005-2010,73,70,12-17
4,2022-07-13T10:30:00Z,2022-07-04,20606,Gemeente,GM1598,Koggenland,<=2010,83,82,12+
4,2022-07-13T10:30:00Z,2022-07-04,18999,Gemeente,GM1598,Koggenland,<2005,85,84,18+
4,2022-07-13T10:30:00Z,2022-07-04,1607,Gemeente,GM1598,Koggenland,2005-2010,63,61,12-17
4,2022-07-13T10:30:00Z,2022-07-04,54551,Gemeente,GM1621,Lansingerland,<=2010,86,85,12+
4,2022-07-13T10:30:00Z,2022-07-04,48926,Gemeente,GM1621,Lansingerland,<2005,88,87,18+
4,2022-07-13T10:30:00Z,2022-07-04,5625,Gemeente,GM1621,Lansingerland,2005-2010,66,65,12-17
4,2022-07-13T10:30:00Z,2022-07-04,32796,Gemeente,GM1640,Leudal,<=2010,87,85,12+
4,2022-07-13T10:30:00Z,2022-07-04,30691,Gemeente,GM1640,Leudal,<2005,88,87,18+
4,2022-07-13T10:30:00Z,2022-07-04,2105,Gemeente,GM1640,Leudal,2005-2010,68,63,12-17
4,2022-07-13T10:30:00Z,2022-07-04,21949,Gemeente,GM1641,Maasgouw,<=2010,86,85,12+
4,2022-07-13T10:30:00Z,2022-07-04,20766,Gemeente,GM1641,Maasgouw,<2005,87,87,18+
4,2022-07-13T10:30:00Z,2022-07-04,1183,Gemeente,GM1641,Maasgouw,2005-2010,65,63,12-17
4,2022-07-13T10:30:00Z,2022-07-04,27558,Gemeente,GM1652,Gemert-Bakel,<=2010,87,86,12+
4,2022-07-13T10:30:00Z,2022-07-04,25440,Gemeente,GM1652,Gemert-Bakel,<2005,89,88,18+
4,2022-07-13T10:30:00Z,2022-07-04,2118,Gemeente,GM1652,Gemert-Bakel,2005-2010,69,63,12-17
4,2022-07-13T10:30:00Z,2022-07-04,27627,Gemeente,GM1655,Halderberge,<=2010,85,84,12+
4,2022-07-13T10:30:00Z,2022-07-04,25694,Gemeente,GM1655,Halderberge,<2005,87,86,18+
4,2022-07-13T10:30:00Z,2022-07-04,1933,Gemeente,GM1655,Halderberge,2005-2010,63,59,12-17
4,2022-07-13T10:30:00Z,2022-07-04,14775,Gemeente,GM1658,Heeze-Leende,<=2010,89,88,12+
4,2022-07-13T10:30:00Z,2022-07-04,13786,Gemeente,GM1658,Heeze-Leende,<2005,91,89,18+
4,2022-07-13T10:30:00Z,2022-07-04,989,Gemeente,GM1658,Heeze-Leende,2005-2010,69,65,12-17
4,2022-07-13T10:30:00Z,2022-07-04,20552,Gemeente,GM1659,Laarbeek,<=2010,89,87,12+
4,2022-07-13T10:30:00Z,2022-07-04,18982,Gemeente,GM1659,Laarbeek,<2005,90,89,18+
4,2022-07-13T10:30:00Z,2022-07-04,1570,Gemeente,GM1659,Laarbeek,2005-2010,73,66,12-17
4,2022-07-13T10:30:00Z,2022-07-04,11780,Gemeente,GM1667,Reusel-De Mierden,<=2010,90,89,12+
4,2022-07-13T10:30:00Z,2022-07-04,10868,Gemeente,GM1667,Reusel-De Mierden,<2005,91,91,18+
4,2022-07-13T10:30:00Z,2022-07-04,912,Gemeente,GM1667,Reusel-De Mierden,2005-2010,73,71,12-17
4,2022-07-13T10:30:00Z,2022-07-04,18653,Gemeente,GM1669,Roerdalen,<=2010,84,84,12+
4,2022-07-13T10:30:00Z,2022-07-04,17542,Gemeente,GM1669,Roerdalen,<2005,86,85,18+
4,2022-07-13T10:30:00Z,2022-07-04,1111,Gemeente,GM1669,Roerdalen,2005-2010,62,59,12-17
4,2022-07-13T10:30:00Z,2022-07-04,69041,Gemeente,GM1674,Roosendaal,<=2010,81,80,12+
4,2022-07-13T10:30:00Z,2022-07-04,64197,Gemeente,GM1674,Roosendaal,<2005,83,82,18+
4,2022-07-13T10:30:00Z,2022-07-04,4844,Gemeente,GM1674,Roosendaal,2005-2010,57,53,12-17
4,2022-07-13T10:30:00Z,2022-07-04,30799,Gemeente,GM1676,Schouwen-Duiveland,<=2010,83,81,12+
4,2022-07-13T10:30:00Z,2022-07-04,28770,Gemeente,GM1676,Schouwen-Duiveland,<2005,85,84,18+
4,2022-07-13T10:30:00Z,2022-07-04,2029,Gemeente,GM1676,Schouwen-Duiveland,2005-2010,56,51,12-17
4,2022-07-13T10:30:00Z,2022-07-04,23068,Gemeente,GM1680,Aa en Hunze,<=2010,90,88,12+
4,2022-07-13T10:30:00Z,2022-07-04,21416,Gemeente,GM1680,Aa en Hunze,<2005,91,90,18+
4,2022-07-13T10:30:00Z,2022-07-04,1652,Gemeente,GM1680,Aa en Hunze,2005-2010,74,71,12-17
4,2022-07-13T10:30:00Z,2022-07-04,23147,Gemeente,GM1681,Borger-Odoorn,<=2010,85,84,12+
4,2022-07-13T10:30:00Z,2022-07-04,21536,Gemeente,GM1681,Borger-Odoorn,<2005,87,86,18+
4,2022-07-13T10:30:00Z,2022-07-04,1611,Gemeente,GM1681,Borger-Odoorn,2005-2010,64,61,12-17
4,2022-07-13T10:30:00Z,2022-07-04,21828,Gemeente,GM1690,De Wolden,<=2010,87,86,12+
4,2022-07-13T10:30:00Z,2022-07-04,20270,Gemeente,GM1690,De Wolden,<2005,89,88,18+
4,2022-07-13T10:30:00Z,2022-07-04,1558,Gemeente,GM1690,De Wolden,2005-2010,64,61,12-17
4,2022-07-13T10:30:00Z,2022-07-04,7089,Gemeente,GM1695,Noord-Beveland,<=2010,82,80,12+
4,2022-07-13T10:30:00Z,2022-07-04,6686,Gemeente,GM1695,Noord-Beveland,<2005,83,82,18+
4,2022-07-13T10:30:00Z,2022-07-04,403,Gemeente,GM1695,Noord-Beveland,2005-2010,60,54,12-17
4,2022-07-13T10:30:00Z,2022-07-04,21768,Gemeente,GM1696,Wijdemeren,<=2010,86,85,12+
4,2022-07-13T10:30:00Z,2022-07-04,20095,Gemeente,GM1696,Wijdemeren,<2005,87,87,18+
4,2022-07-13T10:30:00Z,2022-07-04,1673,Gemeente,GM1696,Wijdemeren,2005-2010,65,62,12-17
4,2022-07-13T10:30:00Z,2022-07-04,28207,Gemeente,GM1699,Noordenveld,<=2010,88,87,12+
4,2022-07-13T10:30:00Z,2022-07-04,26157,Gemeente,GM1699,Noordenveld,<2005,89,89,18+
4,2022-07-13T10:30:00Z,2022-07-04,2050,Gemeente,GM1699,Noordenveld,2005-2010,69,66,12-17
4,2022-07-13T10:30:00Z,2022-07-04,29645,Gemeente,GM1700,Twenterand,<=2010,83,82,12+
4,2022-07-13T10:30:00Z,2022-07-04,26877,Gemeente,GM1700,Twenterand,<2005,86,84,18+
4,2022-07-13T10:30:00Z,2022-07-04,2768,Gemeente,GM1700,Twenterand,2005-2010,61,59,12-17
4,2022-07-13T10:30:00Z,2022-07-04,18025,Gemeente,GM1701,Westerveld,<=2010,86,85,12+
4,2022-07-13T10:30:00Z,2022-07-04,16887,Gemeente,GM1701,Westerveld,<2005,87,86,18+
4,2022-07-13T10:30:00Z,2022-07-04,1138,Gemeente,GM1701,Westerveld,2005-2010,64,61,12-17
4,2022-07-13T10:30:00Z,2022-07-04,41732,Gemeente,GM1705,Lingewaard,<=2010,91,90,12+
4,2022-07-13T10:30:00Z,2022-07-04,38265,Gemeente,GM1705,Lingewaard,<2005,92,91,18+
4,2022-07-13T10:30:00Z,2022-07-04,3467,Gemeente,GM1705,Lingewaard,2005-2010,76,74,12-17
4,2022-07-13T10:30:00Z,2022-07-04,18846,Gemeente,GM1706,Cranendonck,<=2010,85,84,12+
4,2022-07-13T10:30:00Z,2022-07-04,17544,Gemeente,GM1706,Cranendonck,<2005,87,86,18+
4,2022-07-13T10:30:00Z,2022-07-04,1302,Gemeente,GM1706,Cranendonck,2005-2010,63,60,12-17
4,2022-07-13T10:30:00Z,2022-07-04,39977,Gemeente,GM1708,Steenwijkerland,<=2010,84,83,12+
4,2022-07-13T10:30:00Z,2022-07-04,37010,Gemeente,GM1708,Steenwijkerland,<2005,86,85,18+
4,2022-07-13T10:30:00Z,2022-07-04,2967,Gemeente,GM1708,Steenwijkerland,2005-2010,61,58,12-17
4,2022-07-13T10:30:00Z,2022-07-04,33549,Gemeente,GM1709,Moerdijk,<=2010,86,85,12+
4,2022-07-13T10:30:00Z,2022-07-04,31132,Gemeente,GM1709,Moerdijk,<2005,88,87,18+
4,2022-07-13T10:30:00Z,2022-07-04,2417,Gemeente,GM1709,Moerdijk,2005-2010,68,64,12-17
4,2022-07-13T10:30:00Z,2022-07-04,29009,Gemeente,GM1711,Echt-Susteren,<=2010,84,83,12+
4,2022-07-13T10:30:00Z,2022-07-04,27272,Gemeente,GM1711,Echt-Susteren,<2005,86,85,18+
4,2022-07-13T10:30:00Z,2022-07-04,1737,Gemeente,GM1711,Echt-Susteren,2005-2010,63,61,12-17
4,2022-07-13T10:30:00Z,2022-07-04,21069,Gemeente,GM1714,Sluis,<=2010,85,83,12+
4,2022-07-13T10:30:00Z,2022-07-04,19830,Gemeente,GM1714,Sluis,<2005,86,85,18+
4,2022-07-13T10:30:00Z,2022-07-04,1239,Gemeente,GM1714,Sluis,2005-2010,65,59,12-17
4,2022-07-13T10:30:00Z,2022-07-04,24926,Gemeente,GM1719,Drimmelen,<=2010,89,89,12+
4,2022-07-13T10:30:00Z,2022-07-04,23245,Gemeente,GM1719,Drimmelen,<2005,91,90,18+
4,2022-07-13T10:30:00Z,2022-07-04,1681,Gemeente,GM1719,Drimmelen,2005-2010,70,67,12-17
4,2022-07-13T10:30:00Z,2022-07-04,28478,Gemeente,GM1721,Bernheze,<=2010,89,88,12+
4,2022-07-13T10:30:00Z,2022-07-04,26262,Gemeente,GM1721,Bernheze,<2005,91,90,18+
4,2022-07-13T10:30:00Z,2022-07-04,2216,Gemeente,GM1721,Bernheze,2005-2010,72,71,12-17
4,2022-07-13T10:30:00Z,2022-07-04,9323,Gemeente,GM1723,Alphen-Chaam,<=2010,91,90,12+
4,2022-07-13T10:30:00Z,2022-07-04,8672,Gemeente,GM1723,Alphen-Chaam,<2005,92,92,18+
4,2022-07-13T10:30:00Z,2022-07-04,651,Gemeente,GM1723,Alphen-Chaam,2005-2010,70,66,12-17
4,2022-07-13T10:30:00Z,2022-07-04,17013,Gemeente,GM1724,Bergeijk,<=2010,90,89,12+
4,2022-07-13T10:30:00Z,2022-07-04,15782,Gemeente,GM1724,Bergeijk,<2005,91,90,18+
4,2022-07-13T10:30:00Z,2022-07-04,1231,Gemeente,GM1724,Bergeijk,2005-2010,73,71,12-17
4,2022-07-13T10:30:00Z,2022-07-04,18618,Gemeente,GM1728,Bladel,<=2010,89,88,12+
4,2022-07-13T10:30:00Z,2022-07-04,17274,Gemeente,GM1728,Bladel,<2005,90,89,18+
4,2022-07-13T10:30:00Z,2022-07-04,1344,Gemeente,GM1728,Bladel,2005-2010,70,69,12-17
4,2022-07-13T10:30:00Z,2022-07-04,12955,Gemeente,GM1729,Gulpen-Wittem,<=2010,87,86,12+
4,2022-07-13T10:30:00Z,2022-07-04,12268,Gemeente,GM1729,Gulpen-Wittem,<2005,88,87,18+
4,2022-07-13T10:30:00Z,2022-07-04,687,Gemeente,GM1729,Gulpen-Wittem,2005-2010,66,64,12-17
4,2022-07-13T10:30:00Z,2022-07-04,30105,Gemeente,GM1730,Tynaarlo,<=2010,90,89,12+
4,2022-07-13T10:30:00Z,2022-07-04,27596,Gemeente,GM1730,Tynaarlo,<2005,92,91,18+
4,2022-07-13T10:30:00Z,2022-07-04,2509,Gemeente,GM1730,Tynaarlo,2005-2010,73,69,12-17
4,2022-07-13T10:30:00Z,2022-07-04,30294,Gemeente,GM1731,Midden-Drenthe,<=2010,87,86,12+
4,2022-07-13T10:30:00Z,2022-07-04,28106,Gemeente,GM1731,Midden-Drenthe,<2005,88,88,18+
4,2022-07-13T10:30:00Z,2022-07-04,2188,Gemeente,GM1731,Midden-Drenthe,2005-2010,67,64,12-17
4,2022-07-13T10:30:00Z,2022-07-04,42400,Gemeente,GM1734,Overbetuwe,<=2010,88,87,12+
4,2022-07-13T10:30:00Z,2022-07-04,38718,Gemeente,GM1734,Overbetuwe,<2005,90,89,18+
4,2022-07-13T10:30:00Z,2022-07-04,3682,Gemeente,GM1734,Overbetuwe,2005-2010,70,68,12-17
4,2022-07-13T10:30:00Z,2022-07-04,31767,Gemeente,GM1735,Hof van Twente,<=2010,89,88,12+
4,2022-07-13T10:30:00Z,2022-07-04,29308,Gemeente,GM1735,Hof van Twente,<2005,91,90,18+
4,2022-07-13T10:30:00Z,2022-07-04,2459,Gemeente,GM1735,Hof van Twente,2005-2010,70,68,12-17
4,2022-07-13T10:30:00Z,2022-07-04,21164,Gemeente,GM1740,Neder-Betuwe,<=2010,61,60,12+
4,2022-07-13T10:30:00Z,2022-07-04,19098,Gemeente,GM1740,Neder-Betuwe,<2005,64,63,18+
4,2022-07-13T10:30:00Z,2022-07-04,2066,Gemeente,GM1740,Neder-Betuwe,2005-2010,34,33,12-17
4,2022-07-13T10:30:00Z,2022-07-04,32974,Gemeente,GM1742,Rijssen-Holten,<=2010,79,77,12+
4,2022-07-13T10:30:00Z,2022-07-04,29666,Gemeente,GM1742,Rijssen-Holten,<2005,81,80,18+
4,2022-07-13T10:30:00Z,2022-07-04,3308,Gemeente,GM1742,Rijssen-Holten,2005-2010,53,51,12-17
4,2022-07-13T10:30:00Z,2022-07-04,35672,Gemeente,GM1771,Geldrop-Mierlo,<=2010,85,83,12+
4,2022-07-13T10:30:00Z,2022-07-04,33099,Gemeente,GM1771,Geldrop-Mierlo,<2005,87,85,18+
4,2022-07-13T10:30:00Z,2022-07-04,2573,Gemeente,GM1771,Geldrop-Mierlo,2005-2010,63,58,12-17
4,2022-07-13T10:30:00Z,2022-07-04,16612,Gemeente,GM1773,Olst-Wijhe,<=2010,90,88,12+
4,2022-07-13T10:30:00Z,2022-07-04,15341,Gemeente,GM1773,Olst-Wijhe,<2005,91,90,18+
4,2022-07-13T10:30:00Z,2022-07-04,1271,Gemeente,GM1773,Olst-Wijhe,2005-2010,70,68,12-17
4,2022-07-13T10:30:00Z,2022-07-04,23867,Gemeente,GM1774,Dinkelland,<=2010,91,90,12+
4,2022-07-13T10:30:00Z,2022-07-04,22011,Gemeente,GM1774,Dinkelland,<2005,92,92,18+
4,2022-07-13T10:30:00Z,2022-07-04,1856,Gemeente,GM1774,Dinkelland,2005-2010,75,73,12-17
4,2022-07-13T10:30:00Z,2022-07-04,99770,Gemeente,GM1783,Westland,<=2010,81,80,12+
4,2022-07-13T10:30:00Z,2022-07-04,91750,Gemeente,GM1783,Westland,<2005,83,82,18+
4,2022-07-13T10:30:00Z,2022-07-04,8020,Gemeente,GM1783,Westland,2005-2010,57,56,12-17
4,2022-07-13T10:30:00Z,2022-07-04,16987,Gemeente,GM1842,Midden-Delfland,<=2010,88,87,12+
4,2022-07-13T10:30:00Z,2022-07-04,15586,Gemeente,GM1842,Midden-Delfland,<2005,90,89,18+
4,2022-07-13T10:30:00Z,2022-07-04,1401,Gemeente,GM1842,Midden-Delfland,2005-2010,66,64,12-17
4,2022-07-13T10:30:00Z,2022-07-04,39720,Gemeente,GM1859,Berkelland,<=2010,89,88,12+
4,2022-07-13T10:30:00Z,2022-07-04,36678,Gemeente,GM1859,Berkelland,<2005,91,90,18+
4,2022-07-13T10:30:00Z,2022-07-04,3042,Gemeente,GM1859,Berkelland,2005-2010,71,67,12-17
4,2022-07-13T10:30:00Z,2022-07-04,32985,Gemeente,GM1876,Bronckhorst,<=2010,90,89,12+
4,2022-07-13T10:30:00Z,2022-07-04,30571,Gemeente,GM1876,Bronckhorst,<2005,92,91,18+
4,2022-07-13T10:30:00Z,2022-07-04,2414,Gemeente,GM1876,Bronckhorst,2005-2010,73,69,12-17
4,2022-07-13T10:30:00Z,2022-07-04,83318,Gemeente,GM1883,Sittard-Geleen,<=2010,81,80,12+
4,2022-07-13T10:30:00Z,2022-07-04,78320,Gemeente,GM1883,Sittard-Geleen,<2005,83,82,18+
4,2022-07-13T10:30:00Z,2022-07-04,4998,Gemeente,GM1883,Sittard-Geleen,2005-2010,55,54,12-17
4,2022-07-13T10:30:00Z,2022-07-04,24857,Gemeente,GM1884,Kaag en Braassem,<=2010,87,86,12+
4,2022-07-13T10:30:00Z,2022-07-04,23082,Gemeente,GM1884,Kaag en Braassem,<2005,88,88,18+
4,2022-07-13T10:30:00Z,2022-07-04,1775,Gemeente,GM1884,Kaag en Braassem,2005-2010,69,67,12-17
4,2022-07-13T10:30:00Z,2022-07-04,16741,Gemeente,GM1891,Dantumadiel,<=2010,75,73,12+
4,2022-07-13T10:30:00Z,2022-07-04,15428,Gemeente,GM1891,Dantumadiel,<2005,77,76,18+
4,2022-07-13T10:30:00Z,2022-07-04,1313,Gemeente,GM1891,Dantumadiel,2005-2010,44,42,12-17
4,2022-07-13T10:30:00Z,2022-07-04,39620,Gemeente,GM1892,Zuidplas,<=2010,83,82,12+
4,2022-07-13T10:30:00Z,2022-07-04,36291,Gemeente,GM1892,Zuidplas,<2005,85,84,18+
4,2022-07-13T10:30:00Z,2022-07-04,3329,Gemeente,GM1892,Zuidplas,2005-2010,59,57,12-17
4,2022-07-13T10:30:00Z,2022-07-04,40283,Gemeente,GM1894,Peel en Maas,<=2010,86,85,12+
4,2022-07-13T10:30:00Z,2022-07-04,37469,Gemeente,GM1894,Peel en Maas,<2005,88,87,18+
4,2022-07-13T10:30:00Z,2022-07-04,2814,Gemeente,GM1894,Peel en Maas,2005-2010,67,58,12-17
4,2022-07-13T10:30:00Z,2022-07-04,35020,Gemeente,GM1895,Oldambt,<=2010,84,83,12+
4,2022-07-13T10:30:00Z,2022-07-04,32594,Gemeente,GM1895,Oldambt,<2005,85,84,18+
4,2022-07-13T10:30:00Z,2022-07-04,2426,Gemeente,GM1895,Oldambt,2005-2010,62,60,12-17
4,2022-07-13T10:30:00Z,2022-07-04,19762,Gemeente,GM1896,Zwartewaterland,<=2010,75,74,12+
4,2022-07-13T10:30:00Z,2022-07-04,17758,Gemeente,GM1896,Zwartewaterland,<2005,78,77,18+
4,2022-07-13T10:30:00Z,2022-07-04,2004,Gemeente,GM1896,Zwartewaterland,2005-2010,51,49,12-17
4,2022-07-13T10:30:00Z,2022-07-04,80302,Gemeente,GM1900,Sdwest-Frysln,<=2010,81,80,12+
4,2022-07-13T10:30:00Z,2022-07-04,73710,Gemeente,GM1900,Sdwest-Frysln,<2005,83,82,18+
4,2022-07-13T10:30:00Z,2022-07-04,6592,Gemeente,GM1900,Sdwest-Frysln,2005-2010,58,56,12-17
4,2022-07-13T10:30:00Z,2022-07-04,31213,Gemeente,GM1901,Bodegraven-Reeuwijk,<=2010,83,82,12+
4,2022-07-13T10:30:00Z,2022-07-04,28617,Gemeente,GM1901,Bodegraven-Reeuwijk,<2005,85,84,18+
4,2022-07-13T10:30:00Z,2022-07-04,2596,Gemeente,GM1901,Bodegraven-Reeuwijk,2005-2010,60,58,12-17
4,2022-07-13T10:30:00Z,2022-07-04,23028,Gemeente,GM1903,Eijsden-Margraten,<=2010,90,89,12+
4,2022-07-13T10:30:00Z,2022-07-04,21547,Gemeente,GM1903,Eijsden-Margraten,<2005,92,90,18+
4,2022-07-13T10:30:00Z,2022-07-04,1481,Gemeente,GM1903,Eijsden-Margraten,2005-2010,72,71,12-17
4,2022-07-13T10:30:00Z,2022-07-04,57247,Gemeente,GM1904,Stichtse Vecht,<=2010,86,85,12+
4,2022-07-13T10:30:00Z,2022-07-04,52536,Gemeente,GM1904,Stichtse Vecht,<2005,87,87,18+
4,2022-07-13T10:30:00Z,2022-07-04,4711,Gemeente,GM1904,Stichtse Vecht,2005-2010,66,64,12-17
4,2022-07-13T10:30:00Z,2022-07-04,43753,Gemeente,GM1911,Hollands Kroon,<=2010,81,79,12+
4,2022-07-13T10:30:00Z,2022-07-04,40432,Gemeente,GM1911,Hollands Kroon,<2005,83,82,18+
4,2022-07-13T10:30:00Z,2022-07-04,3321,Gemeente,GM1911,Hollands Kroon,2005-2010,60,54,12-17
4,2022-07-13T10:30:00Z,2022-07-04,67885,Gemeente,GM1916,Leidschendam-Voorburg,<=2010,85,84,12+
4,2022-07-13T10:30:00Z,2022-07-04,62775,Gemeente,GM1916,Leidschendam-Voorburg,<2005,86,85,18+
4,2022-07-13T10:30:00Z,2022-07-04,5110,Gemeente,GM1916,Leidschendam-Voorburg,2005-2010,65,63,12-17
4,2022-07-13T10:30:00Z,2022-07-04,45368,Gemeente,GM1924,Goeree-Overflakkee,<=2010,80,78,12+
4,2022-07-13T10:30:00Z,2022-07-04,41811,Gemeente,GM1924,Goeree-Overflakkee,<2005,82,81,18+
4,2022-07-13T10:30:00Z,2022-07-04,3557,Gemeente,GM1924,Goeree-Overflakkee,2005-2010,53,50,12-17
4,2022-07-13T10:30:00Z,2022-07-04,49313,Gemeente,GM1926,Pijnacker-Nootdorp,<=2010,87,86,12+
4,2022-07-13T10:30:00Z,2022-07-04,44198,Gemeente,GM1926,Pijnacker-Nootdorp,<2005,89,88,18+
4,2022-07-13T10:30:00Z,2022-07-04,5115,Gemeente,GM1926,Pijnacker-Nootdorp,2005-2010,68,66,12-17
4,2022-07-13T10:30:00Z,2022-07-04,75991,Gemeente,GM1930,Nissewaard,<=2010,79,78,12+
4,2022-07-13T10:30:00Z,2022-07-04,70452,Gemeente,GM1930,Nissewaard,<2005,81,80,18+
4,2022-07-13T10:30:00Z,2022-07-04,5539,Gemeente,GM1930,Nissewaard,2005-2010,50,49,12-17
4,2022-07-13T10:30:00Z,2022-07-04,50382,Gemeente,GM1931,Krimpenerwaard,<=2010,82,81,12+
4,2022-07-13T10:30:00Z,2022-07-04,46222,Gemeente,GM1931,Krimpenerwaard,<2005,84,83,18+
4,2022-07-13T10:30:00Z,2022-07-04,4160,Gemeente,GM1931,Krimpenerwaard,2005-2010,56,55,12-17
4,2022-07-13T10:30:00Z,2022-07-04,46162,Gemeente,GM1940,De Fryske Marren,<=2010,81,80,12+
4,2022-07-13T10:30:00Z,2022-07-04,42499,Gemeente,GM1940,De Fryske Marren,<2005,83,82,18+
4,2022-07-13T10:30:00Z,2022-07-04,3663,Gemeente,GM1940,De Fryske Marren,2005-2010,56,54,12-17
4,2022-07-13T10:30:00Z,2022-07-04,51387,Gemeente,GM1942,Gooise Meren,<=2010,86,85,12+
4,2022-07-13T10:30:00Z,2022-07-04,46458,Gemeente,GM1942,Gooise Meren,<2005,87,86,18+
4,2022-07-13T10:30:00Z,2022-07-04,4929,Gemeente,GM1942,Gooise Meren,2005-2010,70,68,12-17
4,2022-07-13T10:30:00Z,2022-07-04,31749,Gemeente,GM1945,Berg en Dal,<=2010,89,88,12+
4,2022-07-13T10:30:00Z,2022-07-04,29639,Gemeente,GM1945,Berg en Dal,<2005,91,90,18+
4,2022-07-13T10:30:00Z,2022-07-04,2110,Gemeente,GM1945,Berg en Dal,2005-2010,73,71,12-17
4,2022-07-13T10:30:00Z,2022-07-04,73686,Gemeente,GM1948,Meierijstad,<=2010,88,87,12+
4,2022-07-13T10:30:00Z,2022-07-04,68284,Gemeente,GM1948,Meierijstad,<2005,89,89,18+
4,2022-07-13T10:30:00Z,2022-07-04,5402,Gemeente,GM1948,Meierijstad,2005-2010,69,68,12-17
4,2022-07-13T10:30:00Z,2022-07-04,41284,Gemeente,GM1949,Waadhoeke,<=2010,82,80,12+
4,2022-07-13T10:30:00Z,2022-07-04,38009,Gemeente,GM1949,Waadhoeke,<2005,84,82,18+
4,2022-07-13T10:30:00Z,2022-07-04,3275,Gemeente,GM1949,Waadhoeke,2005-2010,58,57,12-17
4,2022-07-13T10:30:00Z,2022-07-04,23643,Gemeente,GM1950,Westerwolde,<=2010,79,76,12+
4,2022-07-13T10:30:00Z,2022-07-04,21888,Gemeente,GM1950,Westerwolde,<2005,81,78,18+
4,2022-07-13T10:30:00Z,2022-07-04,1755,Gemeente,GM1950,Westerwolde,2005-2010,53,50,12-17
4,2022-07-13T10:30:00Z,2022-07-04,54630,Gemeente,GM1952,Midden-Groningen,<=2010,83,82,12+
4,2022-07-13T10:30:00Z,2022-07-04,50691,Gemeente,GM1952,Midden-Groningen,<2005,85,84,18+
4,2022-07-13T10:30:00Z,2022-07-04,3939,Gemeente,GM1952,Midden-Groningen,2005-2010,63,60,12-17
4,2022-07-13T10:30:00Z,2022-07-04,32401,Gemeente,GM1954,Beekdaelen,<=2010,84,83,12+
4,2022-07-13T10:30:00Z,2022-07-04,30417,Gemeente,GM1954,Beekdaelen,<2005,86,84,18+
4,2022-07-13T10:30:00Z,2022-07-04,1984,Gemeente,GM1954,Beekdaelen,2005-2010,64,61,12-17
4,2022-07-13T10:30:00Z,2022-07-04,33057,Gemeente,GM1955,Montferland,<=2010,88,88,12+
4,2022-07-13T10:30:00Z,2022-07-04,30866,Gemeente,GM1955,Montferland,<2005,90,89,18+
4,2022-07-13T10:30:00Z,2022-07-04,2191,Gemeente,GM1955,Montferland,2005-2010,71,67,12-17
4,2022-07-13T10:30:00Z,2022-07-04,50021,Gemeente,GM1959,Altena,<=2010,77,76,12+
4,2022-07-13T10:30:00Z,2022-07-04,45736,Gemeente,GM1959,Altena,<2005,79,79,18+
4,2022-07-13T10:30:00Z,2022-07-04,4285,Gemeente,GM1959,Altena,2005-2010,51,50,12-17
4,2022-07-13T10:30:00Z,2022-07-04,45887,Gemeente,GM1960,West Betuwe,<=2010,81,80,12+
4,2022-07-13T10:30:00Z,2022-07-04,41949,Gemeente,GM1960,West Betuwe,<2005,83,82,18+
4,2022-07-13T10:30:00Z,2022-07-04,3938,Gemeente,GM1960,West Betuwe,2005-2010,58,56,12-17
4,2022-07-13T10:30:00Z,2022-07-04,51211,Gemeente,GM1961,Vijfheerenlanden,<=2010,81,80,12+
4,2022-07-13T10:30:00Z,2022-07-04,47215,Gemeente,GM1961,Vijfheerenlanden,<2005,84,83,18+
4,2022-07-13T10:30:00Z,2022-07-04,3996,Gemeente,GM1961,Vijfheerenlanden,2005-2010,55,54,12-17
4,2022-07-13T10:30:00Z,2022-07-04,78816,Gemeente,GM1963,Hoeksche Waard,<=2010,81,80,12+
4,2022-07-13T10:30:00Z,2022-07-04,72756,Gemeente,GM1963,Hoeksche Waard,<2005,84,83,18+
4,2022-07-13T10:30:00Z,2022-07-04,6060,Gemeente,GM1963,Hoeksche Waard,2005-2010,56,54,12-17
4,2022-07-13T10:30:00Z,2022-07-04,42825,Gemeente,GM1966,Het Hogeland,<=2010,85,84,12+
4,2022-07-13T10:30:00Z,2022-07-04,39478,Gemeente,GM1966,Het Hogeland,<2005,87,86,18+
4,2022-07-13T10:30:00Z,2022-07-04,3347,Gemeente,GM1966,Het Hogeland,2005-2010,64,60,12-17
4,2022-07-13T10:30:00Z,2022-07-04,56438,Gemeente,GM1969,Westerkwartier,<=2010,85,84,12+
4,2022-07-13T10:30:00Z,2022-07-04,51671,Gemeente,GM1969,Westerkwartier,<2005,87,86,18+
4,2022-07-13T10:30:00Z,2022-07-04,4767,Gemeente,GM1969,Westerkwartier,2005-2010,65,63,12-17
4,2022-07-13T10:30:00Z,2022-07-04,40198,Gemeente,GM1970,Noardeast-Frysln,<=2010,78,77,12+
4,2022-07-13T10:30:00Z,2022-07-04,36797,Gemeente,GM1970,Noardeast-Frysln,<2005,81,80,18+
4,2022-07-13T10:30:00Z,2022-07-04,3401,Gemeente,GM1970,Noardeast-Frysln,2005-2010,49,47,12-17
4,2022-07-13T10:30:00Z,2022-07-04,38993,Gemeente,GM1978,Molenlanden,<=2010,78,77,12+
4,2022-07-13T10:30:00Z,2022-07-04,35332,Gemeente,GM1978,Molenlanden,<2005,81,80,18+
4,2022-07-13T10:30:00Z,2022-07-04,3661,Gemeente,GM1978,Molenlanden,2005-2010,52,51,12-17
4,2022-07-13T10:30:00Z,2022-07-04,40850,Gemeente,GM1979,Eemsdelta,<=2010,83,81,12+
4,2022-07-13T10:30:00Z,2022-07-04,37945,Gemeente,GM1979,Eemsdelta,<2005,84,83,18+
4,2022-07-13T10:30:00Z,2022-07-04,2905,Gemeente,GM1979,Eemsdelta,2005-2010,62,59,12-17
4,2022-07-13T10:30:00Z,2022-07-04,77150,Gemeente,GM1980,Dijk en Waard,<=2010,81,79,12+
4,2022-07-13T10:30:00Z,2022-07-04,70615,Gemeente,GM1980,Dijk en Waard,<2005,83,82,18+
4,2022-07-13T10:30:00Z,2022-07-04,6535,Gemeente,GM1980,Dijk en Waard,2005-2010,57,54,12-17
4,2022-07-13T10:30:00Z,2022-07-04,81595,Gemeente,GM1982,Land van Cuijk,<=2010,89,88,12+
4,2022-07-13T10:30:00Z,2022-07-04,75731,Gemeente,GM1982,Land van Cuijk,<2005,90,89,18+
4,2022-07-13T10:30:00Z,2022-07-04,5864,Gemeente,GM1982,Land van Cuijk,2005-2010,71,68,12-17
4,2022-07-13T10:30:00Z,2022-07-04,51950,Gemeente,GM1991,Maashorst,<=2010,87,86,12+
4,2022-07-13T10:30:00Z,2022-07-04,48135,Gemeente,GM1991,Maashorst,<2005,89,88,18+
4,2022-07-13T10:30:00Z,2022-07-04,3815,Gemeente,GM1991,Maashorst,2005-2010,67,65,12-17
4,2022-07-13T10:30:00Z,2022-07-04,531255,Veiligheidsregio,VR01,Groningen,<=2010,83,82,12+
4,2022-07-13T10:30:00Z,2022-07-04,495745,Veiligheidsregio,VR01,Groningen,<2005,85,83,18+
4,2022-07-13T10:30:00Z,2022-07-04,35510,Veiligheidsregio,VR01,Groningen,2005-2010,63,59,12-17
4,2022-07-13T10:30:00Z,2022-07-04,582526,Veiligheidsregio,VR02,Frysln,<=2010,80,79,12+
4,2022-07-13T10:30:00Z,2022-07-04,536775,Veiligheidsregio,VR02,Frysln,<2005,82,81,18+
4,2022-07-13T10:30:00Z,2022-07-04,45751,Veiligheidsregio,VR02,Frysln,2005-2010,55,54,12-17
4,2022-07-13T10:30:00Z,2022-07-04,445852,Veiligheidsregio,VR03,Drenthe,<=2010,85,84,12+
4,2022-07-13T10:30:00Z,2022-07-04,411875,Veiligheidsregio,VR03,Drenthe,<2005,87,86,18+
4,2022-07-13T10:30:00Z,2022-07-04,33977,Veiligheidsregio,VR03,Drenthe,2005-2010,64,61,12-17
4,2022-07-13T10:30:00Z,2022-07-04,473797,Veiligheidsregio,VR04,IJsselland,<=2010,84,83,12+
4,2022-07-13T10:30:00Z,2022-07-04,434141,Veiligheidsregio,VR04,IJsselland,<2005,86,85,18+
4,2022-07-13T10:30:00Z,2022-07-04,39656,Veiligheidsregio,VR04,IJsselland,2005-2010,62,60,12-17
4,2022-07-13T10:30:00Z,2022-07-04,565747,Veiligheidsregio,VR05,Twente,<=2010,83,82,12+
4,2022-07-13T10:30:00Z,2022-07-04,520845,Veiligheidsregio,VR05,Twente,<2005,85,84,18+
4,2022-07-13T10:30:00Z,2022-07-04,44902,Veiligheidsregio,VR05,Twente,2005-2010,62,60,12-17
4,2022-07-13T10:30:00Z,2022-07-04,745798,Veiligheidsregio,VR06,Noord- en Oost-Gelderland,<=2010,85,84,12+
4,2022-07-13T10:30:00Z,2022-07-04,687943,Veiligheidsregio,VR06,Noord- en Oost-Gelderland,<2005,87,86,18+
4,2022-07-13T10:30:00Z,2022-07-04,57855,Veiligheidsregio,VR06,Noord- en Oost-Gelderland,2005-2010,63,60,12-17
4,2022-07-13T10:30:00Z,2022-07-04,624287,Veiligheidsregio,VR07,Gelderland-Midden,<=2010,82,81,12+
4,2022-07-13T10:30:00Z,2022-07-04,575348,Veiligheidsregio,VR07,Gelderland-Midden,<2005,84,83,18+
4,2022-07-13T10:30:00Z,2022-07-04,48939,Veiligheidsregio,VR07,Gelderland-Midden,2005-2010,59,57,12-17
4,2022-07-13T10:30:00Z,2022-07-04,507369,Veiligheidsregio,VR08,Gelderland-Zuid,<=2010,84,83,12+
4,2022-07-13T10:30:00Z,2022-07-04,470428,Veiligheidsregio,VR08,Gelderland-Zuid,<2005,85,84,18+
4,2022-07-13T10:30:00Z,2022-07-04,36941,Veiligheidsregio,VR08,Gelderland-Zuid,2005-2010,62,60,12-17
4,2022-07-13T10:30:00Z,2022-07-04,1202763,Veiligheidsregio,VR09,Utrecht,<=2010,84,83,12+
4,2022-07-13T10:30:00Z,2022-07-04,1106283,Veiligheidsregio,VR09,Utrecht,<2005,86,85,18+
4,2022-07-13T10:30:00Z,2022-07-04,96480,Veiligheidsregio,VR09,Utrecht,2005-2010,61,60,12-17
4,2022-07-13T10:30:00Z,2022-07-04,597647,Veiligheidsregio,VR10,Noord-Holland-Noord,<=2010,82,80,12+
4,2022-07-13T10:30:00Z,2022-07-04,552367,Veiligheidsregio,VR10,Noord-Holland-Noord,<2005,83,82,18+
4,2022-07-13T10:30:00Z,2022-07-04,45280,Veiligheidsregio,VR10,Noord-Holland-Noord,2005-2010,59,55,12-17
4,2022-07-13T10:30:00Z,2022-07-04,302788,Veiligheidsregio,VR11,Zaanstreek-Waterland,<=2010,80,79,12+
4,2022-07-13T10:30:00Z,2022-07-04,279978,Veiligheidsregio,VR11,Zaanstreek-Waterland,<2005,82,81,18+
4,2022-07-13T10:30:00Z,2022-07-04,22810,Veiligheidsregio,VR11,Zaanstreek-Waterland,2005-2010,54,52,12-17
4,2022-07-13T10:30:00Z,2022-07-04,489741,Veiligheidsregio,VR12,Kennemerland,<=2010,82,81,12+
4,2022-07-13T10:30:00Z,2022-07-04,450399,Veiligheidsregio,VR12,Kennemerland,<2005,84,83,18+
4,2022-07-13T10:30:00Z,2022-07-04,39342,Veiligheidsregio,VR12,Kennemerland,2005-2010,61,59,12-17
4,2022-07-13T10:30:00Z,2022-07-04,989087,Veiligheidsregio,VR13,Amsterdam-Amstelland,<=2010,75,73,12+
4,2022-07-13T10:30:00Z,2022-07-04,926817,Veiligheidsregio,VR13,Amsterdam-Amstelland,<2005,77,75,18+
4,2022-07-13T10:30:00Z,2022-07-04,62270,Veiligheidsregio,VR13,Amsterdam-Amstelland,2005-2010,49,46,12-17
4,2022-07-13T10:30:00Z,2022-07-04,211546,Veiligheidsregio,VR14,Gooi en Vechtstreek,<=2010,84,83,12+
4,2022-07-13T10:30:00Z,2022-07-04,193949,Veiligheidsregio,VR14,Gooi en Vechtstreek,<2005,86,85,18+
4,2022-07-13T10:30:00Z,2022-07-04,17597,Veiligheidsregio,VR14,Gooi en Vechtstreek,2005-2010,65,63,12-17
4,2022-07-13T10:30:00Z,2022-07-04,1002399,Veiligheidsregio,VR15,Haaglanden,<=2010,77,76,12+
4,2022-07-13T10:30:00Z,2022-07-04,926211,Veiligheidsregio,VR15,Haaglanden,<2005,79,78,18+
4,2022-07-13T10:30:00Z,2022-07-04,76188,Veiligheidsregio,VR15,Haaglanden,2005-2010,55,53,12-17
4,2022-07-13T10:30:00Z,2022-07-04,727212,Veiligheidsregio,VR16,Hollands-Midden,<=2010,84,83,12+
4,2022-07-13T10:30:00Z,2022-07-04,672084,Veiligheidsregio,VR16,Hollands-Midden,<2005,86,85,18+
4,2022-07-13T10:30:00Z,2022-07-04,55128,Veiligheidsregio,VR16,Hollands-Midden,2005-2010,61,60,12-17
4,2022-07-13T10:30:00Z,2022-07-04,1179410,Veiligheidsregio,VR17,Rotterdam-Rijnmond,<=2010,74,73,12+
4,2022-07-13T10:30:00Z,2022-07-04,1093177,Veiligheidsregio,VR17,Rotterdam-Rijnmond,<2005,77,75,18+
4,2022-07-13T10:30:00Z,2022-07-04,86233,Veiligheidsregio,VR17,Rotterdam-Rijnmond,2005-2010,47,45,12-17
4,2022-07-13T10:30:00Z,2022-07-04,408484,Veiligheidsregio,VR18,Zuid-Holland-Zuid,<=2010,79,78,12+
4,2022-07-13T10:30:00Z,2022-07-04,375769,Veiligheidsregio,VR18,Zuid-Holland-Zuid,<2005,81,80,18+
4,2022-07-13T10:30:00Z,2022-07-04,32715,Veiligheidsregio,VR18,Zuid-Holland-Zuid,2005-2010,52,51,12-17
4,2022-07-13T10:30:00Z,2022-07-04,345643,Veiligheidsregio,VR19,Zeeland,<=2010,79,78,12+
4,2022-07-13T10:30:00Z,2022-07-04,320515,Veiligheidsregio,VR19,Zeeland,<2005,81,80,18+
4,2022-07-13T10:30:00Z,2022-07-04,25128,Veiligheidsregio,VR19,Zeeland,2005-2010,55,50,12-17
4,2022-07-13T10:30:00Z,2022-07-04,1016431,Veiligheidsregio,VR20,Midden- en West-Brabant,<=2010,84,83,12+
4,2022-07-13T10:30:00Z,2022-07-04,943448,Veiligheidsregio,VR20,Midden- en West-Brabant,<2005,86,85,18+
4,2022-07-13T10:30:00Z,2022-07-04,72983,Veiligheidsregio,VR20,Midden- en West-Brabant,2005-2010,63,60,12-17
4,2022-07-13T10:30:00Z,2022-07-04,593492,Veiligheidsregio,VR21,Brabant-Noord,<=2010,87,86,12+
4,2022-07-13T10:30:00Z,2022-07-04,549768,Veiligheidsregio,VR21,Brabant-Noord,<2005,88,87,18+
4,2022-07-13T10:30:00Z,2022-07-04,43724,Veiligheidsregio,VR21,Brabant-Noord,2005-2010,68,66,12-17
4,2022-07-13T10:30:00Z,2022-07-04,708800,Veiligheidsregio,VR22,Brabant-Zuidoost,<=2010,84,83,12+
4,2022-07-13T10:30:00Z,2022-07-04,658763,Veiligheidsregio,VR22,Brabant-Zuidoost,<2005,86,84,18+
4,2022-07-13T10:30:00Z,2022-07-04,50037,Veiligheidsregio,VR22,Brabant-Zuidoost,2005-2010,64,60,12-17
4,2022-07-13T10:30:00Z,2022-07-04,474721,Veiligheidsregio,VR23,Limburg-Noord,<=2010,84,82,12+
4,2022-07-13T10:30:00Z,2022-07-04,443279,Veiligheidsregio,VR23,Limburg-Noord,<2005,85,84,18+
4,2022-07-13T10:30:00Z,2022-07-04,31442,Veiligheidsregio,VR23,Limburg-Noord,2005-2010,62,57,12-17
4,2022-07-13T10:30:00Z,2022-07-04,539254,Veiligheidsregio,VR24,Limburg-Zuid,<=2010,80,79,12+
4,2022-07-13T10:30:00Z,2022-07-04,508327,Veiligheidsregio,VR24,Limburg-Zuid,<2005,82,81,18+
4,2022-07-13T10:30:00Z,2022-07-04,30927,Veiligheidsregio,VR24,Limburg-Zuid,2005-2010,57,55,12-17
4,2022-07-13T10:30:00Z,2022-07-04,378472,Veiligheidsregio,VR25,Flevoland,<=2010,73,72,12+
4,2022-07-13T10:30:00Z,2022-07-04,344837,Veiligheidsregio,VR25,Flevoland,<2005,76,75,18+
4,2022-07-13T10:30:00Z,2022-07-04,33635,Veiligheidsregio,VR25,Flevoland,2005-2010,47,45,12-17
