Version,Date_of_report,Date_of_statistics,Region_level,Region_code,Region_name,Birth_year,Vaccination_coverage_partly,Vaccination_coverage_completed,Age_group
1,2021-09-08T10:30:00Z,2021-08-30,Gemeente,GM0014,Groningen,<=2009,80,68,12+
1,2021-09-08T10:30:00Z,2021-08-30,Gemeente,GM0014,Groningen,<2004,81,70,18+
1,2021-09-08T10:30:00Z,2021-08-30,Gemeente,GM0014,Groningen,2004-2009,58,46,12-17
1,2021-09-08T10:30:00Z,2021-08-30,Gemeente,GM0034,Almere,<=2009,70,60,12+
1,2021-09-08T10:30:00Z,2021-08-30,Gemeente,GM0034,Almere,<2004,73,64,18+
1,2021-09-08T10:30:00Z,2021-08-30,Gemeente,GM0034,Almere,2004-2009,39,28,12-17
1,2021-09-08T10:30:00Z,2021-08-30,Gemeente,GM0037,Stadskanaal,<=2009,80,70,12+
1,2021-09-08T10:30:00Z,2021-08-30,Gemeente,GM0037,Stadskanaal,<2004,82,73,18+
1,2021-09-08T10:30:00Z,2021-08-30,Gemeente,GM0037,Stadskanaal,2004-2009,52,40,12-17
1,2021-09-08T10:30:00Z,2021-08-30,Gemeente,GM0047,Veendam,<=2009,79,71,12+
1,2021-09-08T10:30:00Z,2021-08-30,Gemeente,GM0047,Veendam,<2004,81,73,18+
1,2021-09-08T10:30:00Z,2021-08-30,Gemeente,GM0047,Veendam,2004-2009,56,43,12-17
1,2021-09-08T10:30:00Z,2021-08-30,Gemeente,GM0050,Zeewolde,<=2009,77,64,12+
1,2021-09-08T10:30:00Z,2021-08-30,Gemeente,GM0050,Zeewolde,<2004,79,67,18+
1,2021-09-08T10:30:00Z,2021-08-30,Gemeente,GM0050,Zeewolde,2004-2009,53,40,12-17
1,2021-09-08T10:30:00Z,2021-08-30,Gemeente,GM0059,Achtkarspelen,<=2009,71,61,12+
1,2021-09-08T10:30:00Z,2021-08-30,Gemeente,GM0059,Achtkarspelen,<2004,74,64,18+
1,2021-09-08T10:30:00Z,2021-08-30,Gemeente,GM0059,Achtkarspelen,2004-2009,36,26,12-17
1,2021-09-08T10:30:00Z,2021-08-30,Gemeente,GM0060,Ameland,<=2009,89,85,12+
1,2021-09-08T10:30:00Z,2021-08-30,Gemeente,GM0060,Ameland,<2004,91,87,18+
1,2021-09-08T10:30:00Z,2021-08-30,Gemeente,GM0060,Ameland,2004-2009,72,60,12-17
1,2021-09-08T10:30:00Z,2021-08-30,Gemeente,GM0072,Harlingen,<=2009,80,71,12+
1,2021-09-08T10:30:00Z,2021-08-30,Gemeente,GM0072,Harlingen,<2004,82,74,18+
1,2021-09-08T10:30:00Z,2021-08-30,Gemeente,GM0072,Harlingen,2004-2009,52,42,12-17
1,2021-09-08T10:30:00Z,2021-08-30,Gemeente,GM0074,Heerenveen,<=2009,79,70,12+
1,2021-09-08T10:30:00Z,2021-08-30,Gemeente,GM0074,Heerenveen,<2004,81,73,18+
1,2021-09-08T10:30:00Z,2021-08-30,Gemeente,GM0074,Heerenveen,2004-2009,54,41,12-17
1,2021-09-08T10:30:00Z,2021-08-30,Gemeente,GM0080,Leeuwarden,<=2009,76,66,12+
1,2021-09-08T10:30:00Z,2021-08-30,Gemeente,GM0080,Leeuwarden,<2004,78,68,18+
1,2021-09-08T10:30:00Z,2021-08-30,Gemeente,GM0080,Leeuwarden,2004-2009,49,36,12-17
1,2021-09-08T10:30:00Z,2021-08-30,Gemeente,GM0085,Ooststellingwerf,<=2009,79,71,12+
1,2021-09-08T10:30:00Z,2021-08-30,Gemeente,GM0085,Ooststellingwerf,<2004,81,73,18+
1,2021-09-08T10:30:00Z,2021-08-30,Gemeente,GM0085,Ooststellingwerf,2004-2009,54,42,12-17
1,2021-09-08T10:30:00Z,2021-08-30,Gemeente,GM0086,Opsterland,<=2009,77,68,12+
1,2021-09-08T10:30:00Z,2021-08-30,Gemeente,GM0086,Opsterland,<2004,79,71,18+
1,2021-09-08T10:30:00Z,2021-08-30,Gemeente,GM0086,Opsterland,2004-2009,45,33,12-17
1,2021-09-08T10:30:00Z,2021-08-30,Gemeente,GM0088,Schiermonnikoog,<=2009,9999,9999,12+
1,2021-09-08T10:30:00Z,2021-08-30,Gemeente,GM0088,Schiermonnikoog,<2004,>=95,93,18+
1,2021-09-08T10:30:00Z,2021-08-30,Gemeente,GM0088,Schiermonnikoog,2004-2009,9999,9999,12-17
1,2021-09-08T10:30:00Z,2021-08-30,Gemeente,GM0090,Smallingerland,<=2009,77,68,12+
1,2021-09-08T10:30:00Z,2021-08-30,Gemeente,GM0090,Smallingerland,<2004,80,71,18+
1,2021-09-08T10:30:00Z,2021-08-30,Gemeente,GM0090,Smallingerland,2004-2009,48,35,12-17
1,2021-09-08T10:30:00Z,2021-08-30,Gemeente,GM0093,Terschelling,<=2009,91,86,12+
1,2021-09-08T10:30:00Z,2021-08-30,Gemeente,GM0093,Terschelling,<2004,91,88,18+
1,2021-09-08T10:30:00Z,2021-08-30,Gemeente,GM0093,Terschelling,2004-2009,76,68,12-17
1,2021-09-08T10:30:00Z,2021-08-30,Gemeente,GM0096,Vlieland,<=2009,88,82,12+
1,2021-09-08T10:30:00Z,2021-08-30,Gemeente,GM0096,Vlieland,<2004,89,83,18+
1,2021-09-08T10:30:00Z,2021-08-30,Gemeente,GM0096,Vlieland,2004-2009,76,67,12-17
1,2021-09-08T10:30:00Z,2021-08-30,Gemeente,GM0098,Weststellingwerf,<=2009,79,70,12+
1,2021-09-08T10:30:00Z,2021-08-30,Gemeente,GM0098,Weststellingwerf,<2004,81,73,18+
1,2021-09-08T10:30:00Z,2021-08-30,Gemeente,GM0098,Weststellingwerf,2004-2009,49,38,12-17
1,2021-09-08T10:30:00Z,2021-08-30,Gemeente,GM0106,Assen,<=2009,82,74,12+
1,2021-09-08T10:30:00Z,2021-08-30,Gemeente,GM0106,Assen,<2004,84,76,18+
1,2021-09-08T10:30:00Z,2021-08-30,Gemeente,GM0106,Assen,2004-2009,60,47,12-17
1,2021-09-08T10:30:00Z,2021-08-30,Gemeente,GM0109,Coevorden,<=2009,84,74,12+
1,2021-09-08T10:30:00Z,2021-08-30,Gemeente,GM0109,Coevorden,<2004,86,76,18+
1,2021-09-08T10:30:00Z,2021-08-30,Gemeente,GM0109,Coevorden,2004-2009,58,47,12-17
1,2021-09-08T10:30:00Z,2021-08-30,Gemeente,GM0114,Emmen,<=2009,81,72,12+
1,2021-09-08T10:30:00Z,2021-08-30,Gemeente,GM0114,Emmen,<2004,83,74,18+
1,2021-09-08T10:30:00Z,2021-08-30,Gemeente,GM0114,Emmen,2004-2009,55,42,12-17
1,2021-09-08T10:30:00Z,2021-08-30,Gemeente,GM0118,Hoogeveen,<=2009,76,66,12+
1,2021-09-08T10:30:00Z,2021-08-30,Gemeente,GM0118,Hoogeveen,<2004,79,69,18+
1,2021-09-08T10:30:00Z,2021-08-30,Gemeente,GM0118,Hoogeveen,2004-2009,44,34,12-17
1,2021-09-08T10:30:00Z,2021-08-30,Gemeente,GM0119,Meppel,<=2009,81,71,12+
1,2021-09-08T10:30:00Z,2021-08-30,Gemeente,GM0119,Meppel,<2004,83,74,18+
1,2021-09-08T10:30:00Z,2021-08-30,Gemeente,GM0119,Meppel,2004-2009,57,43,12-17
1,2021-09-08T10:30:00Z,2021-08-30,Gemeente,GM0141,Almelo,<=2009,76,65,12+
1,2021-09-08T10:30:00Z,2021-08-30,Gemeente,GM0141,Almelo,<2004,79,68,18+
1,2021-09-08T10:30:00Z,2021-08-30,Gemeente,GM0141,Almelo,2004-2009,49,35,12-17
1,2021-09-08T10:30:00Z,2021-08-30,Gemeente,GM0147,Borne,<=2009,87,75,12+
1,2021-09-08T10:30:00Z,2021-08-30,Gemeente,GM0147,Borne,<2004,89,78,18+
1,2021-09-08T10:30:00Z,2021-08-30,Gemeente,GM0147,Borne,2004-2009,63,44,12-17
1,2021-09-08T10:30:00Z,2021-08-30,Gemeente,GM0148,Dalfsen,<=2009,85,74,12+
1,2021-09-08T10:30:00Z,2021-08-30,Gemeente,GM0148,Dalfsen,<2004,87,77,18+
1,2021-09-08T10:30:00Z,2021-08-30,Gemeente,GM0148,Dalfsen,2004-2009,63,50,12-17
1,2021-09-08T10:30:00Z,2021-08-30,Gemeente,GM0150,Deventer,<=2009,81,71,12+
1,2021-09-08T10:30:00Z,2021-08-30,Gemeente,GM0150,Deventer,<2004,83,73,18+
1,2021-09-08T10:30:00Z,2021-08-30,Gemeente,GM0150,Deventer,2004-2009,59,44,12-17
1,2021-09-08T10:30:00Z,2021-08-30,Gemeente,GM0153,Enschede,<=2009,75,64,12+
1,2021-09-08T10:30:00Z,2021-08-30,Gemeente,GM0153,Enschede,<2004,77,66,18+
1,2021-09-08T10:30:00Z,2021-08-30,Gemeente,GM0153,Enschede,2004-2009,45,32,12-17
1,2021-09-08T10:30:00Z,2021-08-30,Gemeente,GM0158,Haaksbergen,<=2009,85,73,12+
1,2021-09-08T10:30:00Z,2021-08-30,Gemeente,GM0158,Haaksbergen,<2004,87,76,18+
1,2021-09-08T10:30:00Z,2021-08-30,Gemeente,GM0158,Haaksbergen,2004-2009,61,43,12-17
1,2021-09-08T10:30:00Z,2021-08-30,Gemeente,GM0160,Hardenberg,<=2009,83,72,12+
1,2021-09-08T10:30:00Z,2021-08-30,Gemeente,GM0160,Hardenberg,<2004,85,74,18+
1,2021-09-08T10:30:00Z,2021-08-30,Gemeente,GM0160,Hardenberg,2004-2009,56,43,12-17
1,2021-09-08T10:30:00Z,2021-08-30,Gemeente,GM0163,Hellendoorn,<=2009,86,71,12+
1,2021-09-08T10:30:00Z,2021-08-30,Gemeente,GM0163,Hellendoorn,<2004,88,74,18+
1,2021-09-08T10:30:00Z,2021-08-30,Gemeente,GM0163,Hellendoorn,2004-2009,65,46,12-17
1,2021-09-08T10:30:00Z,2021-08-30,Gemeente,GM0164,Hengelo (O.),<=2009,80,69,12+
1,2021-09-08T10:30:00Z,2021-08-30,Gemeente,GM0164,Hengelo (O.),<2004,82,72,18+
1,2021-09-08T10:30:00Z,2021-08-30,Gemeente,GM0164,Hengelo (O.),2004-2009,55,39,12-17
1,2021-09-08T10:30:00Z,2021-08-30,Gemeente,GM0166,Kampen,<=2009,75,65,12+
1,2021-09-08T10:30:00Z,2021-08-30,Gemeente,GM0166,Kampen,<2004,78,68,18+
1,2021-09-08T10:30:00Z,2021-08-30,Gemeente,GM0166,Kampen,2004-2009,44,30,12-17
1,2021-09-08T10:30:00Z,2021-08-30,Gemeente,GM0168,Losser,<=2009,85,72,12+
1,2021-09-08T10:30:00Z,2021-08-30,Gemeente,GM0168,Losser,<2004,87,75,18+
1,2021-09-08T10:30:00Z,2021-08-30,Gemeente,GM0168,Losser,2004-2009,60,40,12-17
1,2021-09-08T10:30:00Z,2021-08-30,Gemeente,GM0171,Noordoostpolder,<=2009,75,64,12+
1,2021-09-08T10:30:00Z,2021-08-30,Gemeente,GM0171,Noordoostpolder,<2004,78,68,18+
1,2021-09-08T10:30:00Z,2021-08-30,Gemeente,GM0171,Noordoostpolder,2004-2009,45,30,12-17
1,2021-09-08T10:30:00Z,2021-08-30,Gemeente,GM0173,Oldenzaal,<=2009,84,72,12+
1,2021-09-08T10:30:00Z,2021-08-30,Gemeente,GM0173,Oldenzaal,<2004,87,75,18+
1,2021-09-08T10:30:00Z,2021-08-30,Gemeente,GM0173,Oldenzaal,2004-2009,61,42,12-17
1,2021-09-08T10:30:00Z,2021-08-30,Gemeente,GM0175,Ommen,<=2009,83,73,12+
1,2021-09-08T10:30:00Z,2021-08-30,Gemeente,GM0175,Ommen,<2004,86,75,18+
1,2021-09-08T10:30:00Z,2021-08-30,Gemeente,GM0175,Ommen,2004-2009,57,44,12-17
1,2021-09-08T10:30:00Z,2021-08-30,Gemeente,GM0177,Raalte,<=2009,90,78,12+
1,2021-09-08T10:30:00Z,2021-08-30,Gemeente,GM0177,Raalte,<2004,92,80,18+
1,2021-09-08T10:30:00Z,2021-08-30,Gemeente,GM0177,Raalte,2004-2009,73,53,12-17
1,2021-09-08T10:30:00Z,2021-08-30,Gemeente,GM0180,Staphorst,<=2009,52,44,12+
1,2021-09-08T10:30:00Z,2021-08-30,Gemeente,GM0180,Staphorst,<2004,56,48,18+
1,2021-09-08T10:30:00Z,2021-08-30,Gemeente,GM0180,Staphorst,2004-2009,20,14,12-17
1,2021-09-08T10:30:00Z,2021-08-30,Gemeente,GM0183,Tubbergen,<=2009,87,72,12+
1,2021-09-08T10:30:00Z,2021-08-30,Gemeente,GM0183,Tubbergen,<2004,90,74,18+
1,2021-09-08T10:30:00Z,2021-08-30,Gemeente,GM0183,Tubbergen,2004-2009,64,44,12-17
1,2021-09-08T10:30:00Z,2021-08-30,Gemeente,GM0184,Urk,<=2009,27,20,12+
1,2021-09-08T10:30:00Z,2021-08-30,Gemeente,GM0184,Urk,<2004,31,23,18+
1,2021-09-08T10:30:00Z,2021-08-30,Gemeente,GM0184,Urk,2004-2009,6,<=5,12-17
1,2021-09-08T10:30:00Z,2021-08-30,Gemeente,GM0189,Wierden,<=2009,85,72,12+
1,2021-09-08T10:30:00Z,2021-08-30,Gemeente,GM0189,Wierden,<2004,87,75,18+
1,2021-09-08T10:30:00Z,2021-08-30,Gemeente,GM0189,Wierden,2004-2009,59,40,12-17
1,2021-09-08T10:30:00Z,2021-08-30,Gemeente,GM0193,Zwolle,<=2009,81,71,12+
1,2021-09-08T10:30:00Z,2021-08-30,Gemeente,GM0193,Zwolle,<2004,83,73,18+
1,2021-09-08T10:30:00Z,2021-08-30,Gemeente,GM0193,Zwolle,2004-2009,59,43,12-17
1,2021-09-08T10:30:00Z,2021-08-30,Gemeente,GM0197,Aalten,<=2009,86,76,12+
1,2021-09-08T10:30:00Z,2021-08-30,Gemeente,GM0197,Aalten,<2004,87,78,18+
1,2021-09-08T10:30:00Z,2021-08-30,Gemeente,GM0197,Aalten,2004-2009,68,55,12-17
1,2021-09-08T10:30:00Z,2021-08-30,Gemeente,GM0200,Apeldoorn,<=2009,79,70,12+
1,2021-09-08T10:30:00Z,2021-08-30,Gemeente,GM0200,Apeldoorn,<2004,81,72,18+
1,2021-09-08T10:30:00Z,2021-08-30,Gemeente,GM0200,Apeldoorn,2004-2009,54,42,12-17
1,2021-09-08T10:30:00Z,2021-08-30,Gemeente,GM0202,Arnhem,<=2009,76,66,12+
1,2021-09-08T10:30:00Z,2021-08-30,Gemeente,GM0202,Arnhem,<2004,78,68,18+
1,2021-09-08T10:30:00Z,2021-08-30,Gemeente,GM0202,Arnhem,2004-2009,51,39,12-17
1,2021-09-08T10:30:00Z,2021-08-30,Gemeente,GM0203,Barneveld,<=2009,64,54,12+
1,2021-09-08T10:30:00Z,2021-08-30,Gemeente,GM0203,Barneveld,<2004,68,58,18+
1,2021-09-08T10:30:00Z,2021-08-30,Gemeente,GM0203,Barneveld,2004-2009,32,23,12-17
1,2021-09-08T10:30:00Z,2021-08-30,Gemeente,GM0209,Beuningen,<=2009,87,76,12+
1,2021-09-08T10:30:00Z,2021-08-30,Gemeente,GM0209,Beuningen,<2004,89,78,18+
1,2021-09-08T10:30:00Z,2021-08-30,Gemeente,GM0209,Beuningen,2004-2009,69,52,12-17
1,2021-09-08T10:30:00Z,2021-08-30,Gemeente,GM0213,Brummen,<=2009,84,75,12+
1,2021-09-08T10:30:00Z,2021-08-30,Gemeente,GM0213,Brummen,<2004,86,77,18+
1,2021-09-08T10:30:00Z,2021-08-30,Gemeente,GM0213,Brummen,2004-2009,61,48,12-17
1,2021-09-08T10:30:00Z,2021-08-30,Gemeente,GM0214,Buren,<=2009,81,71,12+
1,2021-09-08T10:30:00Z,2021-08-30,Gemeente,GM0214,Buren,<2004,83,73,18+
1,2021-09-08T10:30:00Z,2021-08-30,Gemeente,GM0214,Buren,2004-2009,57,45,12-17
1,2021-09-08T10:30:00Z,2021-08-30,Gemeente,GM0216,Culemborg,<=2009,81,71,12+
1,2021-09-08T10:30:00Z,2021-08-30,Gemeente,GM0216,Culemborg,<2004,84,73,18+
1,2021-09-08T10:30:00Z,2021-08-30,Gemeente,GM0216,Culemborg,2004-2009,56,44,12-17
1,2021-09-08T10:30:00Z,2021-08-30,Gemeente,GM0221,Doesburg,<=2009,82,74,12+
1,2021-09-08T10:30:00Z,2021-08-30,Gemeente,GM0221,Doesburg,<2004,84,75,18+
1,2021-09-08T10:30:00Z,2021-08-30,Gemeente,GM0221,Doesburg,2004-2009,58,47,12-17
1,2021-09-08T10:30:00Z,2021-08-30,Gemeente,GM0222,Doetinchem,<=2009,83,73,12+
1,2021-09-08T10:30:00Z,2021-08-30,Gemeente,GM0222,Doetinchem,<2004,85,75,18+
1,2021-09-08T10:30:00Z,2021-08-30,Gemeente,GM0222,Doetinchem,2004-2009,60,45,12-17
1,2021-09-08T10:30:00Z,2021-08-30,Gemeente,GM0225,Druten,<=2009,87,76,12+
1,2021-09-08T10:30:00Z,2021-08-30,Gemeente,GM0225,Druten,<2004,88,78,18+
1,2021-09-08T10:30:00Z,2021-08-30,Gemeente,GM0225,Druten,2004-2009,68,51,12-17
1,2021-09-08T10:30:00Z,2021-08-30,Gemeente,GM0226,Duiven,<=2009,86,76,12+
1,2021-09-08T10:30:00Z,2021-08-30,Gemeente,GM0226,Duiven,<2004,88,78,18+
1,2021-09-08T10:30:00Z,2021-08-30,Gemeente,GM0226,Duiven,2004-2009,65,50,12-17
1,2021-09-08T10:30:00Z,2021-08-30,Gemeente,GM0228,Ede,<=2009,75,65,12+
1,2021-09-08T10:30:00Z,2021-08-30,Gemeente,GM0228,Ede,<2004,77,67,18+
1,2021-09-08T10:30:00Z,2021-08-30,Gemeente,GM0228,Ede,2004-2009,46,34,12-17
1,2021-09-08T10:30:00Z,2021-08-30,Gemeente,GM0230,Elburg,<=2009,76,65,12+
1,2021-09-08T10:30:00Z,2021-08-30,Gemeente,GM0230,Elburg,<2004,79,69,18+
1,2021-09-08T10:30:00Z,2021-08-30,Gemeente,GM0230,Elburg,2004-2009,43,29,12-17
1,2021-09-08T10:30:00Z,2021-08-30,Gemeente,GM0232,Epe,<=2009,81,71,12+
1,2021-09-08T10:30:00Z,2021-08-30,Gemeente,GM0232,Epe,<2004,83,74,18+
1,2021-09-08T10:30:00Z,2021-08-30,Gemeente,GM0232,Epe,2004-2009,55,41,12-17
1,2021-09-08T10:30:00Z,2021-08-30,Gemeente,GM0233,Ermelo,<=2009,77,66,12+
1,2021-09-08T10:30:00Z,2021-08-30,Gemeente,GM0233,Ermelo,<2004,80,69,18+
1,2021-09-08T10:30:00Z,2021-08-30,Gemeente,GM0233,Ermelo,2004-2009,48,33,12-17
1,2021-09-08T10:30:00Z,2021-08-30,Gemeente,GM0243,Harderwijk,<=2009,79,67,12+
1,2021-09-08T10:30:00Z,2021-08-30,Gemeente,GM0243,Harderwijk,<2004,81,70,18+
1,2021-09-08T10:30:00Z,2021-08-30,Gemeente,GM0243,Harderwijk,2004-2009,51,37,12-17
1,2021-09-08T10:30:00Z,2021-08-30,Gemeente,GM0244,Hattem,<=2009,87,73,12+
1,2021-09-08T10:30:00Z,2021-08-30,Gemeente,GM0244,Hattem,<2004,89,76,18+
1,2021-09-08T10:30:00Z,2021-08-30,Gemeente,GM0244,Hattem,2004-2009,61,44,12-17
1,2021-09-08T10:30:00Z,2021-08-30,Gemeente,GM0246,Heerde,<=2009,82,74,12+
1,2021-09-08T10:30:00Z,2021-08-30,Gemeente,GM0246,Heerde,<2004,85,77,18+
1,2021-09-08T10:30:00Z,2021-08-30,Gemeente,GM0246,Heerde,2004-2009,55,42,12-17
1,2021-09-08T10:30:00Z,2021-08-30,Gemeente,GM0252,Heumen,<=2009,90,80,12+
1,2021-09-08T10:30:00Z,2021-08-30,Gemeente,GM0252,Heumen,<2004,91,82,18+
1,2021-09-08T10:30:00Z,2021-08-30,Gemeente,GM0252,Heumen,2004-2009,76,59,12-17
1,2021-09-08T10:30:00Z,2021-08-30,Gemeente,GM0262,Lochem,<=2009,86,78,12+
1,2021-09-08T10:30:00Z,2021-08-30,Gemeente,GM0262,Lochem,<2004,88,80,18+
1,2021-09-08T10:30:00Z,2021-08-30,Gemeente,GM0262,Lochem,2004-2009,63,49,12-17
1,2021-09-08T10:30:00Z,2021-08-30,Gemeente,GM0263,Maasdriel,<=2009,81,68,12+
1,2021-09-08T10:30:00Z,2021-08-30,Gemeente,GM0263,Maasdriel,<2004,82,70,18+
1,2021-09-08T10:30:00Z,2021-08-30,Gemeente,GM0263,Maasdriel,2004-2009,60,45,12-17
1,2021-09-08T10:30:00Z,2021-08-30,Gemeente,GM0267,Nijkerk,<=2009,79,68,12+
1,2021-09-08T10:30:00Z,2021-08-30,Gemeente,GM0267,Nijkerk,<2004,82,71,18+
1,2021-09-08T10:30:00Z,2021-08-30,Gemeente,GM0267,Nijkerk,2004-2009,48,36,12-17
1,2021-09-08T10:30:00Z,2021-08-30,Gemeente,GM0268,Nijmegen,<=2009,82,70,12+
1,2021-09-08T10:30:00Z,2021-08-30,Gemeente,GM0268,Nijmegen,<2004,84,72,18+
1,2021-09-08T10:30:00Z,2021-08-30,Gemeente,GM0268,Nijmegen,2004-2009,56,43,12-17
1,2021-09-08T10:30:00Z,2021-08-30,Gemeente,GM0269,Oldebroek,<=2009,75,64,12+
1,2021-09-08T10:30:00Z,2021-08-30,Gemeente,GM0269,Oldebroek,<2004,78,68,18+
1,2021-09-08T10:30:00Z,2021-08-30,Gemeente,GM0269,Oldebroek,2004-2009,43,29,12-17
1,2021-09-08T10:30:00Z,2021-08-30,Gemeente,GM0273,Putten,<=2009,76,63,12+
1,2021-09-08T10:30:00Z,2021-08-30,Gemeente,GM0273,Putten,<2004,79,66,18+
1,2021-09-08T10:30:00Z,2021-08-30,Gemeente,GM0273,Putten,2004-2009,42,30,12-17
1,2021-09-08T10:30:00Z,2021-08-30,Gemeente,GM0274,Renkum,<=2009,86,77,12+
1,2021-09-08T10:30:00Z,2021-08-30,Gemeente,GM0274,Renkum,<2004,88,79,18+
1,2021-09-08T10:30:00Z,2021-08-30,Gemeente,GM0274,Renkum,2004-2009,66,53,12-17
1,2021-09-08T10:30:00Z,2021-08-30,Gemeente,GM0275,Rheden,<=2009,84,75,12+
1,2021-09-08T10:30:00Z,2021-08-30,Gemeente,GM0275,Rheden,<2004,86,77,18+
1,2021-09-08T10:30:00Z,2021-08-30,Gemeente,GM0275,Rheden,2004-2009,59,45,12-17
1,2021-09-08T10:30:00Z,2021-08-30,Gemeente,GM0277,Rozendaal,<=2009,91,81,12+
1,2021-09-08T10:30:00Z,2021-08-30,Gemeente,GM0277,Rozendaal,<2004,93,84,18+
1,2021-09-08T10:30:00Z,2021-08-30,Gemeente,GM0277,Rozendaal,2004-2009,71,57,12-17
1,2021-09-08T10:30:00Z,2021-08-30,Gemeente,GM0279,Scherpenzeel,<=2009,71,60,12+
1,2021-09-08T10:30:00Z,2021-08-30,Gemeente,GM0279,Scherpenzeel,<2004,75,64,18+
1,2021-09-08T10:30:00Z,2021-08-30,Gemeente,GM0279,Scherpenzeel,2004-2009,35,26,12-17
1,2021-09-08T10:30:00Z,2021-08-30,Gemeente,GM0281,Tiel,<=2009,76,65,12+
1,2021-09-08T10:30:00Z,2021-08-30,Gemeente,GM0281,Tiel,<2004,78,67,18+
1,2021-09-08T10:30:00Z,2021-08-30,Gemeente,GM0281,Tiel,2004-2009,48,35,12-17
1,2021-09-08T10:30:00Z,2021-08-30,Gemeente,GM0285,Voorst,<=2009,87,77,12+
1,2021-09-08T10:30:00Z,2021-08-30,Gemeente,GM0285,Voorst,<2004,89,79,18+
1,2021-09-08T10:30:00Z,2021-08-30,Gemeente,GM0285,Voorst,2004-2009,65,50,12-17
1,2021-09-08T10:30:00Z,2021-08-30,Gemeente,GM0289,Wageningen,<=2009,84,71,12+
1,2021-09-08T10:30:00Z,2021-08-30,Gemeente,GM0289,Wageningen,<2004,85,72,18+
1,2021-09-08T10:30:00Z,2021-08-30,Gemeente,GM0289,Wageningen,2004-2009,67,52,12-17
1,2021-09-08T10:30:00Z,2021-08-30,Gemeente,GM0293,Westervoort,<=2009,83,74,12+
1,2021-09-08T10:30:00Z,2021-08-30,Gemeente,GM0293,Westervoort,<2004,85,77,18+
1,2021-09-08T10:30:00Z,2021-08-30,Gemeente,GM0293,Westervoort,2004-2009,57,41,12-17
1,2021-09-08T10:30:00Z,2021-08-30,Gemeente,GM0294,Winterswijk,<=2009,84,74,12+
1,2021-09-08T10:30:00Z,2021-08-30,Gemeente,GM0294,Winterswijk,<2004,86,77,18+
1,2021-09-08T10:30:00Z,2021-08-30,Gemeente,GM0294,Winterswijk,2004-2009,59,48,12-17
1,2021-09-08T10:30:00Z,2021-08-30,Gemeente,GM0296,Wijchen,<=2009,87,77,12+
1,2021-09-08T10:30:00Z,2021-08-30,Gemeente,GM0296,Wijchen,<2004,89,79,18+
1,2021-09-08T10:30:00Z,2021-08-30,Gemeente,GM0296,Wijchen,2004-2009,69,51,12-17
1,2021-09-08T10:30:00Z,2021-08-30,Gemeente,GM0297,Zaltbommel,<=2009,73,61,12+
1,2021-09-08T10:30:00Z,2021-08-30,Gemeente,GM0297,Zaltbommel,<2004,75,64,18+
1,2021-09-08T10:30:00Z,2021-08-30,Gemeente,GM0297,Zaltbommel,2004-2009,48,36,12-17
1,2021-09-08T10:30:00Z,2021-08-30,Gemeente,GM0299,Zevenaar,<=2009,86,76,12+
1,2021-09-08T10:30:00Z,2021-08-30,Gemeente,GM0299,Zevenaar,<2004,87,78,18+
1,2021-09-08T10:30:00Z,2021-08-30,Gemeente,GM0299,Zevenaar,2004-2009,65,50,12-17
1,2021-09-08T10:30:00Z,2021-08-30,Gemeente,GM0301,Zutphen,<=2009,79,70,12+
1,2021-09-08T10:30:00Z,2021-08-30,Gemeente,GM0301,Zutphen,<2004,81,73,18+
1,2021-09-08T10:30:00Z,2021-08-30,Gemeente,GM0301,Zutphen,2004-2009,56,44,12-17
1,2021-09-08T10:30:00Z,2021-08-30,Gemeente,GM0302,Nunspeet,<=2009,69,57,12+
1,2021-09-08T10:30:00Z,2021-08-30,Gemeente,GM0302,Nunspeet,<2004,72,60,18+
1,2021-09-08T10:30:00Z,2021-08-30,Gemeente,GM0302,Nunspeet,2004-2009,40,27,12-17
1,2021-09-08T10:30:00Z,2021-08-30,Gemeente,GM0303,Dronten,<=2009,78,68,12+
1,2021-09-08T10:30:00Z,2021-08-30,Gemeente,GM0303,Dronten,<2004,81,71,18+
1,2021-09-08T10:30:00Z,2021-08-30,Gemeente,GM0303,Dronten,2004-2009,50,29,12-17
1,2021-09-08T10:30:00Z,2021-08-30,Gemeente,GM0307,Amersfoort,<=2009,80,70,12+
1,2021-09-08T10:30:00Z,2021-08-30,Gemeente,GM0307,Amersfoort,<2004,83,72,18+
1,2021-09-08T10:30:00Z,2021-08-30,Gemeente,GM0307,Amersfoort,2004-2009,56,44,12-17
1,2021-09-08T10:30:00Z,2021-08-30,Gemeente,GM0308,Baarn,<=2009,83,73,12+
1,2021-09-08T10:30:00Z,2021-08-30,Gemeente,GM0308,Baarn,<2004,85,76,18+
1,2021-09-08T10:30:00Z,2021-08-30,Gemeente,GM0308,Baarn,2004-2009,61,46,12-17
1,2021-09-08T10:30:00Z,2021-08-30,Gemeente,GM0310,De Bilt,<=2009,84,73,12+
1,2021-09-08T10:30:00Z,2021-08-30,Gemeente,GM0310,De Bilt,<2004,86,76,18+
1,2021-09-08T10:30:00Z,2021-08-30,Gemeente,GM0310,De Bilt,2004-2009,63,48,12-17
1,2021-09-08T10:30:00Z,2021-08-30,Gemeente,GM0312,Bunnik,<=2009,89,80,12+
1,2021-09-08T10:30:00Z,2021-08-30,Gemeente,GM0312,Bunnik,<2004,91,82,18+
1,2021-09-08T10:30:00Z,2021-08-30,Gemeente,GM0312,Bunnik,2004-2009,74,57,12-17
1,2021-09-08T10:30:00Z,2021-08-30,Gemeente,GM0313,Bunschoten,<=2009,76,60,12+
1,2021-09-08T10:30:00Z,2021-08-30,Gemeente,GM0313,Bunschoten,<2004,79,63,18+
1,2021-09-08T10:30:00Z,2021-08-30,Gemeente,GM0313,Bunschoten,2004-2009,42,28,12-17
1,2021-09-08T10:30:00Z,2021-08-30,Gemeente,GM0317,Eemnes,<=2009,84,73,12+
1,2021-09-08T10:30:00Z,2021-08-30,Gemeente,GM0317,Eemnes,<2004,86,76,18+
1,2021-09-08T10:30:00Z,2021-08-30,Gemeente,GM0317,Eemnes,2004-2009,60,44,12-17
1,2021-09-08T10:30:00Z,2021-08-30,Gemeente,GM0321,Houten,<=2009,87,76,12+
1,2021-09-08T10:30:00Z,2021-08-30,Gemeente,GM0321,Houten,<2004,89,79,18+
1,2021-09-08T10:30:00Z,2021-08-30,Gemeente,GM0321,Houten,2004-2009,68,56,12-17
1,2021-09-08T10:30:00Z,2021-08-30,Gemeente,GM0327,Leusden,<=2009,85,76,12+
1,2021-09-08T10:30:00Z,2021-08-30,Gemeente,GM0327,Leusden,<2004,87,78,18+
1,2021-09-08T10:30:00Z,2021-08-30,Gemeente,GM0327,Leusden,2004-2009,65,52,12-17
1,2021-09-08T10:30:00Z,2021-08-30,Gemeente,GM0331,Lopik,<=2009,80,67,12+
1,2021-09-08T10:30:00Z,2021-08-30,Gemeente,GM0331,Lopik,<2004,82,70,18+
1,2021-09-08T10:30:00Z,2021-08-30,Gemeente,GM0331,Lopik,2004-2009,55,42,12-17
1,2021-09-08T10:30:00Z,2021-08-30,Gemeente,GM0335,Montfoort,<=2009,83,71,12+
1,2021-09-08T10:30:00Z,2021-08-30,Gemeente,GM0335,Montfoort,<2004,85,73,18+
1,2021-09-08T10:30:00Z,2021-08-30,Gemeente,GM0335,Montfoort,2004-2009,62,49,12-17
1,2021-09-08T10:30:00Z,2021-08-30,Gemeente,GM0339,Renswoude,<=2009,69,58,12+
1,2021-09-08T10:30:00Z,2021-08-30,Gemeente,GM0339,Renswoude,<2004,72,61,18+
1,2021-09-08T10:30:00Z,2021-08-30,Gemeente,GM0339,Renswoude,2004-2009,40,29,12-17
1,2021-09-08T10:30:00Z,2021-08-30,Gemeente,GM0340,Rhenen,<=2009,73,63,12+
1,2021-09-08T10:30:00Z,2021-08-30,Gemeente,GM0340,Rhenen,<2004,76,66,18+
1,2021-09-08T10:30:00Z,2021-08-30,Gemeente,GM0340,Rhenen,2004-2009,44,31,12-17
1,2021-09-08T10:30:00Z,2021-08-30,Gemeente,GM0342,Soest,<=2009,81,71,12+
1,2021-09-08T10:30:00Z,2021-08-30,Gemeente,GM0342,Soest,<2004,83,73,18+
1,2021-09-08T10:30:00Z,2021-08-30,Gemeente,GM0342,Soest,2004-2009,56,43,12-17
1,2021-09-08T10:30:00Z,2021-08-30,Gemeente,GM0344,Utrecht,<=2009,80,67,12+
1,2021-09-08T10:30:00Z,2021-08-30,Gemeente,GM0344,Utrecht,<2004,82,69,18+
1,2021-09-08T10:30:00Z,2021-08-30,Gemeente,GM0344,Utrecht,2004-2009,52,41,12-17
1,2021-09-08T10:30:00Z,2021-08-30,Gemeente,GM0345,Veenendaal,<=2009,74,64,12+
1,2021-09-08T10:30:00Z,2021-08-30,Gemeente,GM0345,Veenendaal,<2004,77,67,18+
1,2021-09-08T10:30:00Z,2021-08-30,Gemeente,GM0345,Veenendaal,2004-2009,42,30,12-17
1,2021-09-08T10:30:00Z,2021-08-30,Gemeente,GM0351,Woudenberg,<=2009,77,66,12+
1,2021-09-08T10:30:00Z,2021-08-30,Gemeente,GM0351,Woudenberg,<2004,80,69,18+
1,2021-09-08T10:30:00Z,2021-08-30,Gemeente,GM0351,Woudenberg,2004-2009,47,37,12-17
1,2021-09-08T10:30:00Z,2021-08-30,Gemeente,GM0352,Wijk bij Duurstede,<=2009,84,75,12+
1,2021-09-08T10:30:00Z,2021-08-30,Gemeente,GM0352,Wijk bij Duurstede,<2004,86,77,18+
1,2021-09-08T10:30:00Z,2021-08-30,Gemeente,GM0352,Wijk bij Duurstede,2004-2009,60,47,12-17
1,2021-09-08T10:30:00Z,2021-08-30,Gemeente,GM0353,IJsselstein,<=2009,83,72,12+
1,2021-09-08T10:30:00Z,2021-08-30,Gemeente,GM0353,IJsselstein,<2004,85,74,18+
1,2021-09-08T10:30:00Z,2021-08-30,Gemeente,GM0353,IJsselstein,2004-2009,61,48,12-17
1,2021-09-08T10:30:00Z,2021-08-30,Gemeente,GM0355,Zeist,<=2009,82,72,12+
1,2021-09-08T10:30:00Z,2021-08-30,Gemeente,GM0355,Zeist,<2004,84,74,18+
1,2021-09-08T10:30:00Z,2021-08-30,Gemeente,GM0355,Zeist,2004-2009,59,45,12-17
1,2021-09-08T10:30:00Z,2021-08-30,Gemeente,GM0356,Nieuwegein,<=2009,81,71,12+
1,2021-09-08T10:30:00Z,2021-08-30,Gemeente,GM0356,Nieuwegein,<2004,83,74,18+
1,2021-09-08T10:30:00Z,2021-08-30,Gemeente,GM0356,Nieuwegein,2004-2009,54,41,12-17
1,2021-09-08T10:30:00Z,2021-08-30,Gemeente,GM0358,Aalsmeer,<=2009,82,69,12+
1,2021-09-08T10:30:00Z,2021-08-30,Gemeente,GM0358,Aalsmeer,<2004,84,72,18+
1,2021-09-08T10:30:00Z,2021-08-30,Gemeente,GM0358,Aalsmeer,2004-2009,58,40,12-17
1,2021-09-08T10:30:00Z,2021-08-30,Gemeente,GM0361,Alkmaar,<=2009,77,67,12+
1,2021-09-08T10:30:00Z,2021-08-30,Gemeente,GM0361,Alkmaar,<2004,79,69,18+
1,2021-09-08T10:30:00Z,2021-08-30,Gemeente,GM0361,Alkmaar,2004-2009,50,37,12-17
1,2021-09-08T10:30:00Z,2021-08-30,Gemeente,GM0362,Amstelveen,<=2009,83,72,12+
1,2021-09-08T10:30:00Z,2021-08-30,Gemeente,GM0362,Amstelveen,<2004,85,74,18+
1,2021-09-08T10:30:00Z,2021-08-30,Gemeente,GM0362,Amstelveen,2004-2009,60,43,12-17
1,2021-09-08T10:30:00Z,2021-08-30,Gemeente,GM0363,Amsterdam,<=2009,72,59,12+
1,2021-09-08T10:30:00Z,2021-08-30,Gemeente,GM0363,Amsterdam,<2004,74,61,18+
1,2021-09-08T10:30:00Z,2021-08-30,Gemeente,GM0363,Amsterdam,2004-2009,39,26,12-17
1,2021-09-08T10:30:00Z,2021-08-30,Gemeente,GM0370,Beemster,<=2009,84,73,12+
1,2021-09-08T10:30:00Z,2021-08-30,Gemeente,GM0370,Beemster,<2004,87,75,18+
1,2021-09-08T10:30:00Z,2021-08-30,Gemeente,GM0370,Beemster,2004-2009,59,45,12-17
1,2021-09-08T10:30:00Z,2021-08-30,Gemeente,GM0373,Bergen (NH.),<=2009,80,70,12+
1,2021-09-08T10:30:00Z,2021-08-30,Gemeente,GM0373,Bergen (NH.),<2004,83,72,18+
1,2021-09-08T10:30:00Z,2021-08-30,Gemeente,GM0373,Bergen (NH.),2004-2009,53,38,12-17
1,2021-09-08T10:30:00Z,2021-08-30,Gemeente,GM0375,Beverwijk,<=2009,73,62,12+
1,2021-09-08T10:30:00Z,2021-08-30,Gemeente,GM0375,Beverwijk,<2004,75,65,18+
1,2021-09-08T10:30:00Z,2021-08-30,Gemeente,GM0375,Beverwijk,2004-2009,46,34,12-17
1,2021-09-08T10:30:00Z,2021-08-30,Gemeente,GM0376,Blaricum,<=2009,84,73,12+
1,2021-09-08T10:30:00Z,2021-08-30,Gemeente,GM0376,Blaricum,<2004,86,76,18+
1,2021-09-08T10:30:00Z,2021-08-30,Gemeente,GM0376,Blaricum,2004-2009,57,38,12-17
1,2021-09-08T10:30:00Z,2021-08-30,Gemeente,GM0377,Bloemendaal,<=2009,87,75,12+
1,2021-09-08T10:30:00Z,2021-08-30,Gemeente,GM0377,Bloemendaal,<2004,89,79,18+
1,2021-09-08T10:30:00Z,2021-08-30,Gemeente,GM0377,Bloemendaal,2004-2009,65,46,12-17
1,2021-09-08T10:30:00Z,2021-08-30,Gemeente,GM0383,Castricum,<=2009,84,73,12+
1,2021-09-08T10:30:00Z,2021-08-30,Gemeente,GM0383,Castricum,<2004,86,75,18+
1,2021-09-08T10:30:00Z,2021-08-30,Gemeente,GM0383,Castricum,2004-2009,56,41,12-17
1,2021-09-08T10:30:00Z,2021-08-30,Gemeente,GM0384,Diemen,<=2009,76,64,12+
1,2021-09-08T10:30:00Z,2021-08-30,Gemeente,GM0384,Diemen,<2004,78,66,18+
1,2021-09-08T10:30:00Z,2021-08-30,Gemeente,GM0384,Diemen,2004-2009,45,32,12-17
1,2021-09-08T10:30:00Z,2021-08-30,Gemeente,GM0385,Edam-Volendam,<=2009,75,60,12+
1,2021-09-08T10:30:00Z,2021-08-30,Gemeente,GM0385,Edam-Volendam,<2004,78,63,18+
1,2021-09-08T10:30:00Z,2021-08-30,Gemeente,GM0385,Edam-Volendam,2004-2009,39,27,12-17
1,2021-09-08T10:30:00Z,2021-08-30,Gemeente,GM0388,Enkhuizen,<=2009,75,64,12+
1,2021-09-08T10:30:00Z,2021-08-30,Gemeente,GM0388,Enkhuizen,<2004,77,67,18+
1,2021-09-08T10:30:00Z,2021-08-30,Gemeente,GM0388,Enkhuizen,2004-2009,46,30,12-17
1,2021-09-08T10:30:00Z,2021-08-30,Gemeente,GM0392,Haarlem,<=2009,78,67,12+
1,2021-09-08T10:30:00Z,2021-08-30,Gemeente,GM0392,Haarlem,<2004,80,69,18+
1,2021-09-08T10:30:00Z,2021-08-30,Gemeente,GM0392,Haarlem,2004-2009,50,36,12-17
1,2021-09-08T10:30:00Z,2021-08-30,Gemeente,GM0394,Haarlemmermeer,<=2009,78,67,12+
1,2021-09-08T10:30:00Z,2021-08-30,Gemeente,GM0394,Haarlemmermeer,<2004,81,70,18+
1,2021-09-08T10:30:00Z,2021-08-30,Gemeente,GM0394,Haarlemmermeer,2004-2009,53,38,12-17
1,2021-09-08T10:30:00Z,2021-08-30,Gemeente,GM0396,Heemskerk,<=2009,79,69,12+
1,2021-09-08T10:30:00Z,2021-08-30,Gemeente,GM0396,Heemskerk,<2004,82,71,18+
1,2021-09-08T10:30:00Z,2021-08-30,Gemeente,GM0396,Heemskerk,2004-2009,50,38,12-17
1,2021-09-08T10:30:00Z,2021-08-30,Gemeente,GM0397,Heemstede,<=2009,88,78,12+
1,2021-09-08T10:30:00Z,2021-08-30,Gemeente,GM0397,Heemstede,<2004,90,80,18+
1,2021-09-08T10:30:00Z,2021-08-30,Gemeente,GM0397,Heemstede,2004-2009,65,47,12-17
1,2021-09-08T10:30:00Z,2021-08-30,Gemeente,GM0398,Heerhugowaard,<=2009,77,64,12+
1,2021-09-08T10:30:00Z,2021-08-30,Gemeente,GM0398,Heerhugowaard,<2004,79,67,18+
1,2021-09-08T10:30:00Z,2021-08-30,Gemeente,GM0398,Heerhugowaard,2004-2009,47,35,12-17
1,2021-09-08T10:30:00Z,2021-08-30,Gemeente,GM0399,Heiloo,<=2009,83,70,12+
1,2021-09-08T10:30:00Z,2021-08-30,Gemeente,GM0399,Heiloo,<2004,85,72,18+
1,2021-09-08T10:30:00Z,2021-08-30,Gemeente,GM0399,Heiloo,2004-2009,60,47,12-17
1,2021-09-08T10:30:00Z,2021-08-30,Gemeente,GM0400,Den Helder,<=2009,76,66,12+
1,2021-09-08T10:30:00Z,2021-08-30,Gemeente,GM0400,Den Helder,<2004,78,69,18+
1,2021-09-08T10:30:00Z,2021-08-30,Gemeente,GM0400,Den Helder,2004-2009,47,31,12-17
1,2021-09-08T10:30:00Z,2021-08-30,Gemeente,GM0402,Hilversum,<=2009,80,70,12+
1,2021-09-08T10:30:00Z,2021-08-30,Gemeente,GM0402,Hilversum,<2004,82,72,18+
1,2021-09-08T10:30:00Z,2021-08-30,Gemeente,GM0402,Hilversum,2004-2009,59,42,12-17
1,2021-09-08T10:30:00Z,2021-08-30,Gemeente,GM0405,Hoorn,<=2009,75,63,12+
1,2021-09-08T10:30:00Z,2021-08-30,Gemeente,GM0405,Hoorn,<2004,78,66,18+
1,2021-09-08T10:30:00Z,2021-08-30,Gemeente,GM0405,Hoorn,2004-2009,47,33,12-17
1,2021-09-08T10:30:00Z,2021-08-30,Gemeente,GM0406,Huizen,<=2009,80,69,12+
1,2021-09-08T10:30:00Z,2021-08-30,Gemeente,GM0406,Huizen,<2004,82,72,18+
1,2021-09-08T10:30:00Z,2021-08-30,Gemeente,GM0406,Huizen,2004-2009,49,35,12-17
1,2021-09-08T10:30:00Z,2021-08-30,Gemeente,GM0415,Landsmeer,<=2009,81,70,12+
1,2021-09-08T10:30:00Z,2021-08-30,Gemeente,GM0415,Landsmeer,<2004,83,72,18+
1,2021-09-08T10:30:00Z,2021-08-30,Gemeente,GM0415,Landsmeer,2004-2009,53,39,12-17
1,2021-09-08T10:30:00Z,2021-08-30,Gemeente,GM0416,Langedijk,<=2009,81,70,12+
1,2021-09-08T10:30:00Z,2021-08-30,Gemeente,GM0416,Langedijk,<2004,83,73,18+
1,2021-09-08T10:30:00Z,2021-08-30,Gemeente,GM0416,Langedijk,2004-2009,56,39,12-17
1,2021-09-08T10:30:00Z,2021-08-30,Gemeente,GM0417,Laren,<=2009,85,74,12+
1,2021-09-08T10:30:00Z,2021-08-30,Gemeente,GM0417,Laren,<2004,87,77,18+
1,2021-09-08T10:30:00Z,2021-08-30,Gemeente,GM0417,Laren,2004-2009,58,39,12-17
1,2021-09-08T10:30:00Z,2021-08-30,Gemeente,GM0420,Medemblik,<=2009,78,65,12+
1,2021-09-08T10:30:00Z,2021-08-30,Gemeente,GM0420,Medemblik,<2004,80,68,18+
1,2021-09-08T10:30:00Z,2021-08-30,Gemeente,GM0420,Medemblik,2004-2009,53,34,12-17
1,2021-09-08T10:30:00Z,2021-08-30,Gemeente,GM0431,Oostzaan,<=2009,81,69,12+
1,2021-09-08T10:30:00Z,2021-08-30,Gemeente,GM0431,Oostzaan,<2004,83,72,18+
1,2021-09-08T10:30:00Z,2021-08-30,Gemeente,GM0431,Oostzaan,2004-2009,55,39,12-17
1,2021-09-08T10:30:00Z,2021-08-30,Gemeente,GM0432,Opmeer,<=2009,78,65,12+
1,2021-09-08T10:30:00Z,2021-08-30,Gemeente,GM0432,Opmeer,<2004,80,68,18+
1,2021-09-08T10:30:00Z,2021-08-30,Gemeente,GM0432,Opmeer,2004-2009,55,38,12-17
1,2021-09-08T10:30:00Z,2021-08-30,Gemeente,GM0437,Ouder-Amstel,<=2009,80,69,12+
1,2021-09-08T10:30:00Z,2021-08-30,Gemeente,GM0437,Ouder-Amstel,<2004,82,71,18+
1,2021-09-08T10:30:00Z,2021-08-30,Gemeente,GM0437,Ouder-Amstel,2004-2009,64,47,12-17
1,2021-09-08T10:30:00Z,2021-08-30,Gemeente,GM0439,Purmerend,<=2009,77,67,12+
1,2021-09-08T10:30:00Z,2021-08-30,Gemeente,GM0439,Purmerend,<2004,79,69,18+
1,2021-09-08T10:30:00Z,2021-08-30,Gemeente,GM0439,Purmerend,2004-2009,46,33,12-17
1,2021-09-08T10:30:00Z,2021-08-30,Gemeente,GM0441,Schagen,<=2009,80,69,12+
1,2021-09-08T10:30:00Z,2021-08-30,Gemeente,GM0441,Schagen,<2004,83,72,18+
1,2021-09-08T10:30:00Z,2021-08-30,Gemeente,GM0441,Schagen,2004-2009,53,38,12-17
1,2021-09-08T10:30:00Z,2021-08-30,Gemeente,GM0448,Texel,<=2009,85,82,12+
1,2021-09-08T10:30:00Z,2021-08-30,Gemeente,GM0448,Texel,<2004,87,84,18+
1,2021-09-08T10:30:00Z,2021-08-30,Gemeente,GM0448,Texel,2004-2009,65,59,12-17
1,2021-09-08T10:30:00Z,2021-08-30,Gemeente,GM0450,Uitgeest,<=2009,83,72,12+
1,2021-09-08T10:30:00Z,2021-08-30,Gemeente,GM0450,Uitgeest,<2004,85,74,18+
1,2021-09-08T10:30:00Z,2021-08-30,Gemeente,GM0450,Uitgeest,2004-2009,64,49,12-17
1,2021-09-08T10:30:00Z,2021-08-30,Gemeente,GM0451,Uithoorn,<=2009,80,69,12+
1,2021-09-08T10:30:00Z,2021-08-30,Gemeente,GM0451,Uithoorn,<2004,82,72,18+
1,2021-09-08T10:30:00Z,2021-08-30,Gemeente,GM0451,Uithoorn,2004-2009,57,41,12-17
1,2021-09-08T10:30:00Z,2021-08-30,Gemeente,GM0453,Velsen,<=2009,78,68,12+
1,2021-09-08T10:30:00Z,2021-08-30,Gemeente,GM0453,Velsen,<2004,80,70,18+
1,2021-09-08T10:30:00Z,2021-08-30,Gemeente,GM0453,Velsen,2004-2009,49,38,12-17
1,2021-09-08T10:30:00Z,2021-08-30,Gemeente,GM0457,Weesp,<=2009,82,71,12+
1,2021-09-08T10:30:00Z,2021-08-30,Gemeente,GM0457,Weesp,<2004,84,73,18+
1,2021-09-08T10:30:00Z,2021-08-30,Gemeente,GM0457,Weesp,2004-2009,56,41,12-17
1,2021-09-08T10:30:00Z,2021-08-30,Gemeente,GM0473,Zandvoort,<=2009,78,68,12+
1,2021-09-08T10:30:00Z,2021-08-30,Gemeente,GM0473,Zandvoort,<2004,80,71,18+
1,2021-09-08T10:30:00Z,2021-08-30,Gemeente,GM0473,Zandvoort,2004-2009,44,31,12-17
1,2021-09-08T10:30:00Z,2021-08-30,Gemeente,GM0479,Zaanstad,<=2009,73,62,12+
1,2021-09-08T10:30:00Z,2021-08-30,Gemeente,GM0479,Zaanstad,<2004,75,65,18+
1,2021-09-08T10:30:00Z,2021-08-30,Gemeente,GM0479,Zaanstad,2004-2009,44,32,12-17
1,2021-09-08T10:30:00Z,2021-08-30,Gemeente,GM0482,Alblasserdam,<=2009,69,59,12+
1,2021-09-08T10:30:00Z,2021-08-30,Gemeente,GM0482,Alblasserdam,<2004,72,62,18+
1,2021-09-08T10:30:00Z,2021-08-30,Gemeente,GM0482,Alblasserdam,2004-2009,36,26,12-17
1,2021-09-08T10:30:00Z,2021-08-30,Gemeente,GM0484,Alphen aan den Rijn,<=2009,80,70,12+
1,2021-09-08T10:30:00Z,2021-08-30,Gemeente,GM0484,Alphen aan den Rijn,<2004,82,72,18+
1,2021-09-08T10:30:00Z,2021-08-30,Gemeente,GM0484,Alphen aan den Rijn,2004-2009,54,41,12-17
1,2021-09-08T10:30:00Z,2021-08-30,Gemeente,GM0489,Barendrecht,<=2009,79,68,12+
1,2021-09-08T10:30:00Z,2021-08-30,Gemeente,GM0489,Barendrecht,<2004,82,72,18+
1,2021-09-08T10:30:00Z,2021-08-30,Gemeente,GM0489,Barendrecht,2004-2009,52,40,12-17
1,2021-09-08T10:30:00Z,2021-08-30,Gemeente,GM0498,Drechterland,<=2009,80,68,12+
1,2021-09-08T10:30:00Z,2021-08-30,Gemeente,GM0498,Drechterland,<2004,83,71,18+
1,2021-09-08T10:30:00Z,2021-08-30,Gemeente,GM0498,Drechterland,2004-2009,55,39,12-17
1,2021-09-08T10:30:00Z,2021-08-30,Gemeente,GM0501,Brielle,<=2009,83,71,12+
1,2021-09-08T10:30:00Z,2021-08-30,Gemeente,GM0501,Brielle,<2004,84,73,18+
1,2021-09-08T10:30:00Z,2021-08-30,Gemeente,GM0501,Brielle,2004-2009,58,42,12-17
1,2021-09-08T10:30:00Z,2021-08-30,Gemeente,GM0502,Capelle aan den IJssel,<=2009,73,64,12+
1,2021-09-08T10:30:00Z,2021-08-30,Gemeente,GM0502,Capelle aan den IJssel,<2004,75,66,18+
1,2021-09-08T10:30:00Z,2021-08-30,Gemeente,GM0502,Capelle aan den IJssel,2004-2009,43,32,12-17
1,2021-09-08T10:30:00Z,2021-08-30,Gemeente,GM0503,Delft,<=2009,79,67,12+
1,2021-09-08T10:30:00Z,2021-08-30,Gemeente,GM0503,Delft,<2004,81,68,18+
1,2021-09-08T10:30:00Z,2021-08-30,Gemeente,GM0503,Delft,2004-2009,52,39,12-17
1,2021-09-08T10:30:00Z,2021-08-30,Gemeente,GM0505,Dordrecht,<=2009,74,63,12+
1,2021-09-08T10:30:00Z,2021-08-30,Gemeente,GM0505,Dordrecht,<2004,77,66,18+
1,2021-09-08T10:30:00Z,2021-08-30,Gemeente,GM0505,Dordrecht,2004-2009,46,32,12-17
1,2021-09-08T10:30:00Z,2021-08-30,Gemeente,GM0512,Gorinchem,<=2009,76,65,12+
1,2021-09-08T10:30:00Z,2021-08-30,Gemeente,GM0512,Gorinchem,<2004,78,68,18+
1,2021-09-08T10:30:00Z,2021-08-30,Gemeente,GM0512,Gorinchem,2004-2009,52,38,12-17
1,2021-09-08T10:30:00Z,2021-08-30,Gemeente,GM0513,Gouda,<=2009,77,67,12+
1,2021-09-08T10:30:00Z,2021-08-30,Gemeente,GM0513,Gouda,<2004,79,70,18+
1,2021-09-08T10:30:00Z,2021-08-30,Gemeente,GM0513,Gouda,2004-2009,49,38,12-17
1,2021-09-08T10:30:00Z,2021-08-30,Gemeente,GM0518,'s-Gravenhage,<=2009,69,58,12+
1,2021-09-08T10:30:00Z,2021-08-30,Gemeente,GM0518,'s-Gravenhage,<2004,71,60,18+
1,2021-09-08T10:30:00Z,2021-08-30,Gemeente,GM0518,'s-Gravenhage,2004-2009,41,30,12-17
1,2021-09-08T10:30:00Z,2021-08-30,Gemeente,GM0523,Hardinxveld-Giessendam,<=2009,69,58,12+
1,2021-09-08T10:30:00Z,2021-08-30,Gemeente,GM0523,Hardinxveld-Giessendam,<2004,73,61,18+
1,2021-09-08T10:30:00Z,2021-08-30,Gemeente,GM0523,Hardinxveld-Giessendam,2004-2009,38,26,12-17
1,2021-09-08T10:30:00Z,2021-08-30,Gemeente,GM0530,Hellevoetsluis,<=2009,78,69,12+
1,2021-09-08T10:30:00Z,2021-08-30,Gemeente,GM0530,Hellevoetsluis,<2004,80,71,18+
1,2021-09-08T10:30:00Z,2021-08-30,Gemeente,GM0530,Hellevoetsluis,2004-2009,53,40,12-17
1,2021-09-08T10:30:00Z,2021-08-30,Gemeente,GM0531,Hendrik-Ido-Ambacht,<=2009,77,66,12+
1,2021-09-08T10:30:00Z,2021-08-30,Gemeente,GM0531,Hendrik-Ido-Ambacht,<2004,80,70,18+
1,2021-09-08T10:30:00Z,2021-08-30,Gemeente,GM0531,Hendrik-Ido-Ambacht,2004-2009,48,35,12-17
1,2021-09-08T10:30:00Z,2021-08-30,Gemeente,GM0532,Stede Broec,<=2009,78,66,12+
1,2021-09-08T10:30:00Z,2021-08-30,Gemeente,GM0532,Stede Broec,<2004,81,69,18+
1,2021-09-08T10:30:00Z,2021-08-30,Gemeente,GM0532,Stede Broec,2004-2009,50,35,12-17
1,2021-09-08T10:30:00Z,2021-08-30,Gemeente,GM0534,Hillegom,<=2009,83,71,12+
1,2021-09-08T10:30:00Z,2021-08-30,Gemeente,GM0534,Hillegom,<2004,85,74,18+
1,2021-09-08T10:30:00Z,2021-08-30,Gemeente,GM0534,Hillegom,2004-2009,55,42,12-17
1,2021-09-08T10:30:00Z,2021-08-30,Gemeente,GM0537,Katwijk,<=2009,77,64,12+
1,2021-09-08T10:30:00Z,2021-08-30,Gemeente,GM0537,Katwijk,<2004,80,67,18+
1,2021-09-08T10:30:00Z,2021-08-30,Gemeente,GM0537,Katwijk,2004-2009,47,32,12-17
1,2021-09-08T10:30:00Z,2021-08-30,Gemeente,GM0542,Krimpen aan den IJssel,<=2009,73,64,12+
1,2021-09-08T10:30:00Z,2021-08-30,Gemeente,GM0542,Krimpen aan den IJssel,<2004,76,67,18+
1,2021-09-08T10:30:00Z,2021-08-30,Gemeente,GM0542,Krimpen aan den IJssel,2004-2009,42,31,12-17
1,2021-09-08T10:30:00Z,2021-08-30,Gemeente,GM0546,Leiden,<=2009,83,70,12+
1,2021-09-08T10:30:00Z,2021-08-30,Gemeente,GM0546,Leiden,<2004,84,72,18+
1,2021-09-08T10:30:00Z,2021-08-30,Gemeente,GM0546,Leiden,2004-2009,56,42,12-17
1,2021-09-08T10:30:00Z,2021-08-30,Gemeente,GM0547,Leiderdorp,<=2009,86,76,12+
1,2021-09-08T10:30:00Z,2021-08-30,Gemeente,GM0547,Leiderdorp,<2004,88,78,18+
1,2021-09-08T10:30:00Z,2021-08-30,Gemeente,GM0547,Leiderdorp,2004-2009,64,51,12-17
1,2021-09-08T10:30:00Z,2021-08-30,Gemeente,GM0553,Lisse,<=2009,82,71,12+
1,2021-09-08T10:30:00Z,2021-08-30,Gemeente,GM0553,Lisse,<2004,84,74,18+
1,2021-09-08T10:30:00Z,2021-08-30,Gemeente,GM0553,Lisse,2004-2009,58,41,12-17
1,2021-09-08T10:30:00Z,2021-08-30,Gemeente,GM0556,Maassluis,<=2009,75,65,12+
1,2021-09-08T10:30:00Z,2021-08-30,Gemeente,GM0556,Maassluis,<2004,78,68,18+
1,2021-09-08T10:30:00Z,2021-08-30,Gemeente,GM0556,Maassluis,2004-2009,44,32,12-17
1,2021-09-08T10:30:00Z,2021-08-30,Gemeente,GM0569,Nieuwkoop,<=2009,84,71,12+
1,2021-09-08T10:30:00Z,2021-08-30,Gemeente,GM0569,Nieuwkoop,<2004,85,73,18+
1,2021-09-08T10:30:00Z,2021-08-30,Gemeente,GM0569,Nieuwkoop,2004-2009,61,42,12-17
1,2021-09-08T10:30:00Z,2021-08-30,Gemeente,GM0575,Noordwijk,<=2009,83,71,12+
1,2021-09-08T10:30:00Z,2021-08-30,Gemeente,GM0575,Noordwijk,<2004,85,73,18+
1,2021-09-08T10:30:00Z,2021-08-30,Gemeente,GM0575,Noordwijk,2004-2009,54,40,12-17
1,2021-09-08T10:30:00Z,2021-08-30,Gemeente,GM0579,Oegstgeest,<=2009,89,78,12+
1,2021-09-08T10:30:00Z,2021-08-30,Gemeente,GM0579,Oegstgeest,<2004,91,81,18+
1,2021-09-08T10:30:00Z,2021-08-30,Gemeente,GM0579,Oegstgeest,2004-2009,70,54,12-17
1,2021-09-08T10:30:00Z,2021-08-30,Gemeente,GM0589,Oudewater,<=2009,84,72,12+
1,2021-09-08T10:30:00Z,2021-08-30,Gemeente,GM0589,Oudewater,<2004,86,74,18+
1,2021-09-08T10:30:00Z,2021-08-30,Gemeente,GM0589,Oudewater,2004-2009,59,45,12-17
1,2021-09-08T10:30:00Z,2021-08-30,Gemeente,GM0590,Papendrecht,<=2009,80,69,12+
1,2021-09-08T10:30:00Z,2021-08-30,Gemeente,GM0590,Papendrecht,<2004,83,72,18+
1,2021-09-08T10:30:00Z,2021-08-30,Gemeente,GM0590,Papendrecht,2004-2009,53,38,12-17
1,2021-09-08T10:30:00Z,2021-08-30,Gemeente,GM0597,Ridderkerk,<=2009,75,65,12+
1,2021-09-08T10:30:00Z,2021-08-30,Gemeente,GM0597,Ridderkerk,<2004,77,68,18+
1,2021-09-08T10:30:00Z,2021-08-30,Gemeente,GM0597,Ridderkerk,2004-2009,45,30,12-17
1,2021-09-08T10:30:00Z,2021-08-30,Gemeente,GM0599,Rotterdam,<=2009,67,55,12+
1,2021-09-08T10:30:00Z,2021-08-30,Gemeente,GM0599,Rotterdam,<2004,69,58,18+
1,2021-09-08T10:30:00Z,2021-08-30,Gemeente,GM0599,Rotterdam,2004-2009,33,23,12-17
1,2021-09-08T10:30:00Z,2021-08-30,Gemeente,GM0603,Rijswijk,<=2009,78,69,12+
1,2021-09-08T10:30:00Z,2021-08-30,Gemeente,GM0603,Rijswijk,<2004,80,71,18+
1,2021-09-08T10:30:00Z,2021-08-30,Gemeente,GM0603,Rijswijk,2004-2009,48,38,12-17
1,2021-09-08T10:30:00Z,2021-08-30,Gemeente,GM0606,Schiedam,<=2009,69,59,12+
1,2021-09-08T10:30:00Z,2021-08-30,Gemeente,GM0606,Schiedam,<2004,72,61,18+
1,2021-09-08T10:30:00Z,2021-08-30,Gemeente,GM0606,Schiedam,2004-2009,39,28,12-17
1,2021-09-08T10:30:00Z,2021-08-30,Gemeente,GM0610,Sliedrecht,<=2009,74,62,12+
1,2021-09-08T10:30:00Z,2021-08-30,Gemeente,GM0610,Sliedrecht,<2004,77,65,18+
1,2021-09-08T10:30:00Z,2021-08-30,Gemeente,GM0610,Sliedrecht,2004-2009,42,30,12-17
1,2021-09-08T10:30:00Z,2021-08-30,Gemeente,GM0613,Albrandswaard,<=2009,81,70,12+
1,2021-09-08T10:30:00Z,2021-08-30,Gemeente,GM0613,Albrandswaard,<2004,83,72,18+
1,2021-09-08T10:30:00Z,2021-08-30,Gemeente,GM0613,Albrandswaard,2004-2009,58,42,12-17
1,2021-09-08T10:30:00Z,2021-08-30,Gemeente,GM0614,Westvoorne,<=2009,85,75,12+
1,2021-09-08T10:30:00Z,2021-08-30,Gemeente,GM0614,Westvoorne,<2004,86,77,18+
1,2021-09-08T10:30:00Z,2021-08-30,Gemeente,GM0614,Westvoorne,2004-2009,60,46,12-17
1,2021-09-08T10:30:00Z,2021-08-30,Gemeente,GM0622,Vlaardingen,<=2009,73,63,12+
1,2021-09-08T10:30:00Z,2021-08-30,Gemeente,GM0622,Vlaardingen,<2004,75,65,18+
1,2021-09-08T10:30:00Z,2021-08-30,Gemeente,GM0622,Vlaardingen,2004-2009,42,30,12-17
1,2021-09-08T10:30:00Z,2021-08-30,Gemeente,GM0626,Voorschoten,<=2009,86,76,12+
1,2021-09-08T10:30:00Z,2021-08-30,Gemeente,GM0626,Voorschoten,<2004,88,78,18+
1,2021-09-08T10:30:00Z,2021-08-30,Gemeente,GM0626,Voorschoten,2004-2009,65,50,12-17
1,2021-09-08T10:30:00Z,2021-08-30,Gemeente,GM0627,Waddinxveen,<=2009,78,68,12+
1,2021-09-08T10:30:00Z,2021-08-30,Gemeente,GM0627,Waddinxveen,<2004,80,70,18+
1,2021-09-08T10:30:00Z,2021-08-30,Gemeente,GM0627,Waddinxveen,2004-2009,50,38,12-17
1,2021-09-08T10:30:00Z,2021-08-30,Gemeente,GM0629,Wassenaar,<=2009,83,72,12+
1,2021-09-08T10:30:00Z,2021-08-30,Gemeente,GM0629,Wassenaar,<2004,85,74,18+
1,2021-09-08T10:30:00Z,2021-08-30,Gemeente,GM0629,Wassenaar,2004-2009,64,47,12-17
1,2021-09-08T10:30:00Z,2021-08-30,Gemeente,GM0632,Woerden,<=2009,84,72,12+
1,2021-09-08T10:30:00Z,2021-08-30,Gemeente,GM0632,Woerden,<2004,86,75,18+
1,2021-09-08T10:30:00Z,2021-08-30,Gemeente,GM0632,Woerden,2004-2009,63,48,12-17
1,2021-09-08T10:30:00Z,2021-08-30,Gemeente,GM0637,Zoetermeer,<=2009,77,68,12+
1,2021-09-08T10:30:00Z,2021-08-30,Gemeente,GM0637,Zoetermeer,<2004,80,71,18+
1,2021-09-08T10:30:00Z,2021-08-30,Gemeente,GM0637,Zoetermeer,2004-2009,49,38,12-17
1,2021-09-08T10:30:00Z,2021-08-30,Gemeente,GM0638,Zoeterwoude,<=2009,88,77,12+
1,2021-09-08T10:30:00Z,2021-08-30,Gemeente,GM0638,Zoeterwoude,<2004,90,79,18+
1,2021-09-08T10:30:00Z,2021-08-30,Gemeente,GM0638,Zoeterwoude,2004-2009,65,50,12-17
1,2021-09-08T10:30:00Z,2021-08-30,Gemeente,GM0642,Zwijndrecht,<=2009,76,65,12+
1,2021-09-08T10:30:00Z,2021-08-30,Gemeente,GM0642,Zwijndrecht,<2004,79,68,18+
1,2021-09-08T10:30:00Z,2021-08-30,Gemeente,GM0642,Zwijndrecht,2004-2009,43,31,12-17
1,2021-09-08T10:30:00Z,2021-08-30,Gemeente,GM0654,Borsele,<=2009,76,68,12+
1,2021-09-08T10:30:00Z,2021-08-30,Gemeente,GM0654,Borsele,<2004,78,71,18+
1,2021-09-08T10:30:00Z,2021-08-30,Gemeente,GM0654,Borsele,2004-2009,49,36,12-17
1,2021-09-08T10:30:00Z,2021-08-30,Gemeente,GM0664,Goes,<=2009,80,72,12+
1,2021-09-08T10:30:00Z,2021-08-30,Gemeente,GM0664,Goes,<2004,82,74,18+
1,2021-09-08T10:30:00Z,2021-08-30,Gemeente,GM0664,Goes,2004-2009,57,43,12-17
1,2021-09-08T10:30:00Z,2021-08-30,Gemeente,GM0668,West Maas en Waal,<=2009,87,75,12+
1,2021-09-08T10:30:00Z,2021-08-30,Gemeente,GM0668,West Maas en Waal,<2004,89,78,18+
1,2021-09-08T10:30:00Z,2021-08-30,Gemeente,GM0668,West Maas en Waal,2004-2009,62,45,12-17
1,2021-09-08T10:30:00Z,2021-08-30,Gemeente,GM0677,Hulst,<=2009,84,74,12+
1,2021-09-08T10:30:00Z,2021-08-30,Gemeente,GM0677,Hulst,<2004,85,76,18+
1,2021-09-08T10:30:00Z,2021-08-30,Gemeente,GM0677,Hulst,2004-2009,67,48,12-17
1,2021-09-08T10:30:00Z,2021-08-30,Gemeente,GM0678,Kapelle,<=2009,82,72,12+
1,2021-09-08T10:30:00Z,2021-08-30,Gemeente,GM0678,Kapelle,<2004,84,75,18+
1,2021-09-08T10:30:00Z,2021-08-30,Gemeente,GM0678,Kapelle,2004-2009,56,44,12-17
1,2021-09-08T10:30:00Z,2021-08-30,Gemeente,GM0687,Middelburg,<=2009,77,69,12+
1,2021-09-08T10:30:00Z,2021-08-30,Gemeente,GM0687,Middelburg,<2004,79,71,18+
1,2021-09-08T10:30:00Z,2021-08-30,Gemeente,GM0687,Middelburg,2004-2009,49,36,12-17
1,2021-09-08T10:30:00Z,2021-08-30,Gemeente,GM0703,Reimerswaal,<=2009,59,50,12+
1,2021-09-08T10:30:00Z,2021-08-30,Gemeente,GM0703,Reimerswaal,<2004,62,53,18+
1,2021-09-08T10:30:00Z,2021-08-30,Gemeente,GM0703,Reimerswaal,2004-2009,30,22,12-17
1,2021-09-08T10:30:00Z,2021-08-30,Gemeente,GM0715,Terneuzen,<=2009,79,70,12+
1,2021-09-08T10:30:00Z,2021-08-30,Gemeente,GM0715,Terneuzen,<2004,81,72,18+
1,2021-09-08T10:30:00Z,2021-08-30,Gemeente,GM0715,Terneuzen,2004-2009,56,41,12-17
1,2021-09-08T10:30:00Z,2021-08-30,Gemeente,GM0716,Tholen,<=2009,67,57,12+
1,2021-09-08T10:30:00Z,2021-08-30,Gemeente,GM0716,Tholen,<2004,70,60,18+
1,2021-09-08T10:30:00Z,2021-08-30,Gemeente,GM0716,Tholen,2004-2009,37,25,12-17
1,2021-09-08T10:30:00Z,2021-08-30,Gemeente,GM0717,Veere,<=2009,80,71,12+
1,2021-09-08T10:30:00Z,2021-08-30,Gemeente,GM0717,Veere,<2004,82,74,18+
1,2021-09-08T10:30:00Z,2021-08-30,Gemeente,GM0717,Veere,2004-2009,51,39,12-17
1,2021-09-08T10:30:00Z,2021-08-30,Gemeente,GM0718,Vlissingen,<=2009,74,66,12+
1,2021-09-08T10:30:00Z,2021-08-30,Gemeente,GM0718,Vlissingen,<2004,76,68,18+
1,2021-09-08T10:30:00Z,2021-08-30,Gemeente,GM0718,Vlissingen,2004-2009,48,36,12-17
1,2021-09-08T10:30:00Z,2021-08-30,Gemeente,GM0736,De Ronde Venen,<=2009,82,71,12+
1,2021-09-08T10:30:00Z,2021-08-30,Gemeente,GM0736,De Ronde Venen,<2004,84,74,18+
1,2021-09-08T10:30:00Z,2021-08-30,Gemeente,GM0736,De Ronde Venen,2004-2009,59,43,12-17
1,2021-09-08T10:30:00Z,2021-08-30,Gemeente,GM0737,Tytsjerksteradiel,<=2009,77,68,12+
1,2021-09-08T10:30:00Z,2021-08-30,Gemeente,GM0737,Tytsjerksteradiel,<2004,80,71,18+
1,2021-09-08T10:30:00Z,2021-08-30,Gemeente,GM0737,Tytsjerksteradiel,2004-2009,46,34,12-17
1,2021-09-08T10:30:00Z,2021-08-30,Gemeente,GM0743,Asten,<=2009,85,73,12+
1,2021-09-08T10:30:00Z,2021-08-30,Gemeente,GM0743,Asten,<2004,86,75,18+
1,2021-09-08T10:30:00Z,2021-08-30,Gemeente,GM0743,Asten,2004-2009,68,53,12-17
1,2021-09-08T10:30:00Z,2021-08-30,Gemeente,GM0744,Baarle-Nassau,<=2009,86,77,12+
1,2021-09-08T10:30:00Z,2021-08-30,Gemeente,GM0744,Baarle-Nassau,<2004,88,79,18+
1,2021-09-08T10:30:00Z,2021-08-30,Gemeente,GM0744,Baarle-Nassau,2004-2009,62,46,12-17
1,2021-09-08T10:30:00Z,2021-08-30,Gemeente,GM0748,Bergen op Zoom,<=2009,80,70,12+
1,2021-09-08T10:30:00Z,2021-08-30,Gemeente,GM0748,Bergen op Zoom,<2004,82,72,18+
1,2021-09-08T10:30:00Z,2021-08-30,Gemeente,GM0748,Bergen op Zoom,2004-2009,51,37,12-17
1,2021-09-08T10:30:00Z,2021-08-30,Gemeente,GM0753,Best,<=2009,85,73,12+
1,2021-09-08T10:30:00Z,2021-08-30,Gemeente,GM0753,Best,<2004,86,75,18+
1,2021-09-08T10:30:00Z,2021-08-30,Gemeente,GM0753,Best,2004-2009,66,52,12-17
1,2021-09-08T10:30:00Z,2021-08-30,Gemeente,GM0755,Boekel,<=2009,86,74,12+
1,2021-09-08T10:30:00Z,2021-08-30,Gemeente,GM0755,Boekel,<2004,88,76,18+
1,2021-09-08T10:30:00Z,2021-08-30,Gemeente,GM0755,Boekel,2004-2009,67,50,12-17
1,2021-09-08T10:30:00Z,2021-08-30,Gemeente,GM0756,Boxmeer,<=2009,88,76,12+
1,2021-09-08T10:30:00Z,2021-08-30,Gemeente,GM0756,Boxmeer,<2004,90,79,18+
1,2021-09-08T10:30:00Z,2021-08-30,Gemeente,GM0756,Boxmeer,2004-2009,69,51,12-17
1,2021-09-08T10:30:00Z,2021-08-30,Gemeente,GM0757,Boxtel,<=2009,85,74,12+
1,2021-09-08T10:30:00Z,2021-08-30,Gemeente,GM0757,Boxtel,<2004,87,76,18+
1,2021-09-08T10:30:00Z,2021-08-30,Gemeente,GM0757,Boxtel,2004-2009,66,51,12-17
1,2021-09-08T10:30:00Z,2021-08-30,Gemeente,GM0758,Breda,<=2009,81,70,12+
1,2021-09-08T10:30:00Z,2021-08-30,Gemeente,GM0758,Breda,<2004,83,72,18+
1,2021-09-08T10:30:00Z,2021-08-30,Gemeente,GM0758,Breda,2004-2009,59,45,12-17
1,2021-09-08T10:30:00Z,2021-08-30,Gemeente,GM0762,Deurne,<=2009,85,73,12+
1,2021-09-08T10:30:00Z,2021-08-30,Gemeente,GM0762,Deurne,<2004,87,76,18+
1,2021-09-08T10:30:00Z,2021-08-30,Gemeente,GM0762,Deurne,2004-2009,62,47,12-17
1,2021-09-08T10:30:00Z,2021-08-30,Gemeente,GM0765,Pekela,<=2009,78,69,12+
1,2021-09-08T10:30:00Z,2021-08-30,Gemeente,GM0765,Pekela,<2004,80,71,18+
1,2021-09-08T10:30:00Z,2021-08-30,Gemeente,GM0765,Pekela,2004-2009,55,41,12-17
1,2021-09-08T10:30:00Z,2021-08-30,Gemeente,GM0766,Dongen,<=2009,86,75,12+
1,2021-09-08T10:30:00Z,2021-08-30,Gemeente,GM0766,Dongen,<2004,88,77,18+
1,2021-09-08T10:30:00Z,2021-08-30,Gemeente,GM0766,Dongen,2004-2009,67,54,12-17
1,2021-09-08T10:30:00Z,2021-08-30,Gemeente,GM0770,Eersel,<=2009,89,77,12+
1,2021-09-08T10:30:00Z,2021-08-30,Gemeente,GM0770,Eersel,<2004,90,79,18+
1,2021-09-08T10:30:00Z,2021-08-30,Gemeente,GM0770,Eersel,2004-2009,69,53,12-17
1,2021-09-08T10:30:00Z,2021-08-30,Gemeente,GM0772,Eindhoven,<=2009,77,66,12+
1,2021-09-08T10:30:00Z,2021-08-30,Gemeente,GM0772,Eindhoven,<2004,79,68,18+
1,2021-09-08T10:30:00Z,2021-08-30,Gemeente,GM0772,Eindhoven,2004-2009,49,36,12-17
1,2021-09-08T10:30:00Z,2021-08-30,Gemeente,GM0777,Etten-Leur,<=2009,83,74,12+
1,2021-09-08T10:30:00Z,2021-08-30,Gemeente,GM0777,Etten-Leur,<2004,85,76,18+
1,2021-09-08T10:30:00Z,2021-08-30,Gemeente,GM0777,Etten-Leur,2004-2009,62,50,12-17
1,2021-09-08T10:30:00Z,2021-08-30,Gemeente,GM0779,Geertruidenberg,<=2009,85,74,12+
1,2021-09-08T10:30:00Z,2021-08-30,Gemeente,GM0779,Geertruidenberg,<2004,87,76,18+
1,2021-09-08T10:30:00Z,2021-08-30,Gemeente,GM0779,Geertruidenberg,2004-2009,66,49,12-17
1,2021-09-08T10:30:00Z,2021-08-30,Gemeente,GM0784,Gilze en Rijen,<=2009,85,74,12+
1,2021-09-08T10:30:00Z,2021-08-30,Gemeente,GM0784,Gilze en Rijen,<2004,87,76,18+
1,2021-09-08T10:30:00Z,2021-08-30,Gemeente,GM0784,Gilze en Rijen,2004-2009,62,48,12-17
1,2021-09-08T10:30:00Z,2021-08-30,Gemeente,GM0785,Goirle,<=2009,88,77,12+
1,2021-09-08T10:30:00Z,2021-08-30,Gemeente,GM0785,Goirle,<2004,90,79,18+
1,2021-09-08T10:30:00Z,2021-08-30,Gemeente,GM0785,Goirle,2004-2009,70,53,12-17
1,2021-09-08T10:30:00Z,2021-08-30,Gemeente,GM0786,Grave,<=2009,84,73,12+
1,2021-09-08T10:30:00Z,2021-08-30,Gemeente,GM0786,Grave,<2004,86,75,18+
1,2021-09-08T10:30:00Z,2021-08-30,Gemeente,GM0786,Grave,2004-2009,62,44,12-17
1,2021-09-08T10:30:00Z,2021-08-30,Gemeente,GM0794,Helmond,<=2009,75,65,12+
1,2021-09-08T10:30:00Z,2021-08-30,Gemeente,GM0794,Helmond,<2004,78,67,18+
1,2021-09-08T10:30:00Z,2021-08-30,Gemeente,GM0794,Helmond,2004-2009,48,37,12-17
1,2021-09-08T10:30:00Z,2021-08-30,Gemeente,GM0796,'s-Hertogenbosch,<=2009,82,70,12+
1,2021-09-08T10:30:00Z,2021-08-30,Gemeente,GM0796,'s-Hertogenbosch,<2004,84,72,18+
1,2021-09-08T10:30:00Z,2021-08-30,Gemeente,GM0796,'s-Hertogenbosch,2004-2009,57,43,12-17
1,2021-09-08T10:30:00Z,2021-08-30,Gemeente,GM0797,Heusden,<=2009,86,74,12+
1,2021-09-08T10:30:00Z,2021-08-30,Gemeente,GM0797,Heusden,<2004,88,76,18+
1,2021-09-08T10:30:00Z,2021-08-30,Gemeente,GM0797,Heusden,2004-2009,65,49,12-17
1,2021-09-08T10:30:00Z,2021-08-30,Gemeente,GM0798,Hilvarenbeek,<=2009,91,79,12+
1,2021-09-08T10:30:00Z,2021-08-30,Gemeente,GM0798,Hilvarenbeek,<2004,92,81,18+
1,2021-09-08T10:30:00Z,2021-08-30,Gemeente,GM0798,Hilvarenbeek,2004-2009,74,55,12-17
1,2021-09-08T10:30:00Z,2021-08-30,Gemeente,GM0809,Loon op Zand,<=2009,86,75,12+
1,2021-09-08T10:30:00Z,2021-08-30,Gemeente,GM0809,Loon op Zand,<2004,87,77,18+
1,2021-09-08T10:30:00Z,2021-08-30,Gemeente,GM0809,Loon op Zand,2004-2009,69,50,12-17
1,2021-09-08T10:30:00Z,2021-08-30,Gemeente,GM0815,Mill en Sint Hubert,<=2009,88,77,12+
1,2021-09-08T10:30:00Z,2021-08-30,Gemeente,GM0815,Mill en Sint Hubert,<2004,89,79,18+
1,2021-09-08T10:30:00Z,2021-08-30,Gemeente,GM0815,Mill en Sint Hubert,2004-2009,73,54,12-17
1,2021-09-08T10:30:00Z,2021-08-30,Gemeente,GM0820,"Nuenen, Gerwen en Nederwetten",<=2009,87,77,12+
1,2021-09-08T10:30:00Z,2021-08-30,Gemeente,GM0820,"Nuenen, Gerwen en Nederwetten",<2004,89,79,18+
1,2021-09-08T10:30:00Z,2021-08-30,Gemeente,GM0820,"Nuenen, Gerwen en Nederwetten",2004-2009,66,52,12-17
1,2021-09-08T10:30:00Z,2021-08-30,Gemeente,GM0823,Oirschot,<=2009,90,77,12+
1,2021-09-08T10:30:00Z,2021-08-30,Gemeente,GM0823,Oirschot,<2004,91,78,18+
1,2021-09-08T10:30:00Z,2021-08-30,Gemeente,GM0823,Oirschot,2004-2009,75,54,12-17
1,2021-09-08T10:30:00Z,2021-08-30,Gemeente,GM0824,Oisterwijk,<=2009,88,77,12+
1,2021-09-08T10:30:00Z,2021-08-30,Gemeente,GM0824,Oisterwijk,<2004,90,79,18+
1,2021-09-08T10:30:00Z,2021-08-30,Gemeente,GM0824,Oisterwijk,2004-2009,66,49,12-17
1,2021-09-08T10:30:00Z,2021-08-30,Gemeente,GM0826,Oosterhout,<=2009,83,73,12+
1,2021-09-08T10:30:00Z,2021-08-30,Gemeente,GM0826,Oosterhout,<2004,85,75,18+
1,2021-09-08T10:30:00Z,2021-08-30,Gemeente,GM0826,Oosterhout,2004-2009,57,45,12-17
1,2021-09-08T10:30:00Z,2021-08-30,Gemeente,GM0828,Oss,<=2009,82,71,12+
1,2021-09-08T10:30:00Z,2021-08-30,Gemeente,GM0828,Oss,<2004,83,73,18+
1,2021-09-08T10:30:00Z,2021-08-30,Gemeente,GM0828,Oss,2004-2009,61,44,12-17
1,2021-09-08T10:30:00Z,2021-08-30,Gemeente,GM0840,Rucphen,<=2009,84,73,12+
1,2021-09-08T10:30:00Z,2021-08-30,Gemeente,GM0840,Rucphen,<2004,86,75,18+
1,2021-09-08T10:30:00Z,2021-08-30,Gemeente,GM0840,Rucphen,2004-2009,63,48,12-17
1,2021-09-08T10:30:00Z,2021-08-30,Gemeente,GM0845,Sint-Michielsgestel,<=2009,89,77,12+
1,2021-09-08T10:30:00Z,2021-08-30,Gemeente,GM0845,Sint-Michielsgestel,<2004,90,79,18+
1,2021-09-08T10:30:00Z,2021-08-30,Gemeente,GM0845,Sint-Michielsgestel,2004-2009,70,53,12-17
1,2021-09-08T10:30:00Z,2021-08-30,Gemeente,GM0847,Someren,<=2009,85,72,12+
1,2021-09-08T10:30:00Z,2021-08-30,Gemeente,GM0847,Someren,<2004,86,73,18+
1,2021-09-08T10:30:00Z,2021-08-30,Gemeente,GM0847,Someren,2004-2009,64,49,12-17
1,2021-09-08T10:30:00Z,2021-08-30,Gemeente,GM0848,Son en Breugel,<=2009,86,76,12+
1,2021-09-08T10:30:00Z,2021-08-30,Gemeente,GM0848,Son en Breugel,<2004,88,78,18+
1,2021-09-08T10:30:00Z,2021-08-30,Gemeente,GM0848,Son en Breugel,2004-2009,70,55,12-17
1,2021-09-08T10:30:00Z,2021-08-30,Gemeente,GM0851,Steenbergen,<=2009,80,70,12+
1,2021-09-08T10:30:00Z,2021-08-30,Gemeente,GM0851,Steenbergen,<2004,82,72,18+
1,2021-09-08T10:30:00Z,2021-08-30,Gemeente,GM0851,Steenbergen,2004-2009,54,41,12-17
1,2021-09-08T10:30:00Z,2021-08-30,Gemeente,GM0852,Waterland,<=2009,86,74,12+
1,2021-09-08T10:30:00Z,2021-08-30,Gemeente,GM0852,Waterland,<2004,88,76,18+
1,2021-09-08T10:30:00Z,2021-08-30,Gemeente,GM0852,Waterland,2004-2009,62,44,12-17
1,2021-09-08T10:30:00Z,2021-08-30,Gemeente,GM0855,Tilburg,<=2009,77,65,12+
1,2021-09-08T10:30:00Z,2021-08-30,Gemeente,GM0855,Tilburg,<2004,79,67,18+
1,2021-09-08T10:30:00Z,2021-08-30,Gemeente,GM0855,Tilburg,2004-2009,53,38,12-17
1,2021-09-08T10:30:00Z,2021-08-30,Gemeente,GM0856,Uden,<=2009,83,73,12+
1,2021-09-08T10:30:00Z,2021-08-30,Gemeente,GM0856,Uden,<2004,85,75,18+
1,2021-09-08T10:30:00Z,2021-08-30,Gemeente,GM0856,Uden,2004-2009,62,45,12-17
1,2021-09-08T10:30:00Z,2021-08-30,Gemeente,GM0858,Valkenswaard,<=2009,85,75,12+
1,2021-09-08T10:30:00Z,2021-08-30,Gemeente,GM0858,Valkenswaard,<2004,87,77,18+
1,2021-09-08T10:30:00Z,2021-08-30,Gemeente,GM0858,Valkenswaard,2004-2009,61,46,12-17
1,2021-09-08T10:30:00Z,2021-08-30,Gemeente,GM0861,Veldhoven,<=2009,86,76,12+
1,2021-09-08T10:30:00Z,2021-08-30,Gemeente,GM0861,Veldhoven,<2004,88,78,18+
1,2021-09-08T10:30:00Z,2021-08-30,Gemeente,GM0861,Veldhoven,2004-2009,64,49,12-17
1,2021-09-08T10:30:00Z,2021-08-30,Gemeente,GM0865,Vught,<=2009,87,76,12+
1,2021-09-08T10:30:00Z,2021-08-30,Gemeente,GM0865,Vught,<2004,88,79,18+
1,2021-09-08T10:30:00Z,2021-08-30,Gemeente,GM0865,Vught,2004-2009,70,53,12-17
1,2021-09-08T10:30:00Z,2021-08-30,Gemeente,GM0866,Waalre,<=2009,88,77,12+
1,2021-09-08T10:30:00Z,2021-08-30,Gemeente,GM0866,Waalre,<2004,90,79,18+
1,2021-09-08T10:30:00Z,2021-08-30,Gemeente,GM0866,Waalre,2004-2009,64,50,12-17
1,2021-09-08T10:30:00Z,2021-08-30,Gemeente,GM0867,Waalwijk,<=2009,81,70,12+
1,2021-09-08T10:30:00Z,2021-08-30,Gemeente,GM0867,Waalwijk,<2004,83,72,18+
1,2021-09-08T10:30:00Z,2021-08-30,Gemeente,GM0867,Waalwijk,2004-2009,58,45,12-17
1,2021-09-08T10:30:00Z,2021-08-30,Gemeente,GM0873,Woensdrecht,<=2009,85,75,12+
1,2021-09-08T10:30:00Z,2021-08-30,Gemeente,GM0873,Woensdrecht,<2004,86,77,18+
1,2021-09-08T10:30:00Z,2021-08-30,Gemeente,GM0873,Woensdrecht,2004-2009,62,47,12-17
1,2021-09-08T10:30:00Z,2021-08-30,Gemeente,GM0879,Zundert,<=2009,87,78,12+
1,2021-09-08T10:30:00Z,2021-08-30,Gemeente,GM0879,Zundert,<2004,89,79,18+
1,2021-09-08T10:30:00Z,2021-08-30,Gemeente,GM0879,Zundert,2004-2009,67,56,12-17
1,2021-09-08T10:30:00Z,2021-08-30,Gemeente,GM0880,Wormerland,<=2009,82,71,12+
1,2021-09-08T10:30:00Z,2021-08-30,Gemeente,GM0880,Wormerland,<2004,84,74,18+
1,2021-09-08T10:30:00Z,2021-08-30,Gemeente,GM0880,Wormerland,2004-2009,55,41,12-17
1,2021-09-08T10:30:00Z,2021-08-30,Gemeente,GM0882,Landgraaf,<=2009,76,68,12+
1,2021-09-08T10:30:00Z,2021-08-30,Gemeente,GM0882,Landgraaf,<2004,78,70,18+
1,2021-09-08T10:30:00Z,2021-08-30,Gemeente,GM0882,Landgraaf,2004-2009,45,34,12-17
1,2021-09-08T10:30:00Z,2021-08-30,Gemeente,GM0888,Beek,<=2009,85,74,12+
1,2021-09-08T10:30:00Z,2021-08-30,Gemeente,GM0888,Beek,<2004,86,76,18+
1,2021-09-08T10:30:00Z,2021-08-30,Gemeente,GM0888,Beek,2004-2009,59,45,12-17
1,2021-09-08T10:30:00Z,2021-08-30,Gemeente,GM0889,Beesel,<=2009,83,74,12+
1,2021-09-08T10:30:00Z,2021-08-30,Gemeente,GM0889,Beesel,<2004,85,76,18+
1,2021-09-08T10:30:00Z,2021-08-30,Gemeente,GM0889,Beesel,2004-2009,56,44,12-17
1,2021-09-08T10:30:00Z,2021-08-30,Gemeente,GM0893,Bergen (L.),<=2009,85,74,12+
1,2021-09-08T10:30:00Z,2021-08-30,Gemeente,GM0893,Bergen (L.),<2004,86,76,18+
1,2021-09-08T10:30:00Z,2021-08-30,Gemeente,GM0893,Bergen (L.),2004-2009,61,46,12-17
1,2021-09-08T10:30:00Z,2021-08-30,Gemeente,GM0899,Brunssum,<=2009,75,67,12+
1,2021-09-08T10:30:00Z,2021-08-30,Gemeente,GM0899,Brunssum,<2004,77,69,18+
1,2021-09-08T10:30:00Z,2021-08-30,Gemeente,GM0899,Brunssum,2004-2009,43,31,12-17
1,2021-09-08T10:30:00Z,2021-08-30,Gemeente,GM0907,Gennep,<=2009,82,72,12+
1,2021-09-08T10:30:00Z,2021-08-30,Gemeente,GM0907,Gennep,<2004,84,74,18+
1,2021-09-08T10:30:00Z,2021-08-30,Gemeente,GM0907,Gennep,2004-2009,62,45,12-17
1,2021-09-08T10:30:00Z,2021-08-30,Gemeente,GM0917,Heerlen,<=2009,71,62,12+
1,2021-09-08T10:30:00Z,2021-08-30,Gemeente,GM0917,Heerlen,<2004,73,64,18+
1,2021-09-08T10:30:00Z,2021-08-30,Gemeente,GM0917,Heerlen,2004-2009,38,28,12-17
1,2021-09-08T10:30:00Z,2021-08-30,Gemeente,GM0928,Kerkrade,<=2009,72,64,12+
1,2021-09-08T10:30:00Z,2021-08-30,Gemeente,GM0928,Kerkrade,<2004,73,66,18+
1,2021-09-08T10:30:00Z,2021-08-30,Gemeente,GM0928,Kerkrade,2004-2009,41,31,12-17
1,2021-09-08T10:30:00Z,2021-08-30,Gemeente,GM0935,Maastricht,<=2009,78,68,12+
1,2021-09-08T10:30:00Z,2021-08-30,Gemeente,GM0935,Maastricht,<2004,79,69,18+
1,2021-09-08T10:30:00Z,2021-08-30,Gemeente,GM0935,Maastricht,2004-2009,57,44,12-17
1,2021-09-08T10:30:00Z,2021-08-30,Gemeente,GM0938,Meerssen,<=2009,85,77,12+
1,2021-09-08T10:30:00Z,2021-08-30,Gemeente,GM0938,Meerssen,<2004,87,79,18+
1,2021-09-08T10:30:00Z,2021-08-30,Gemeente,GM0938,Meerssen,2004-2009,63,50,12-17
1,2021-09-08T10:30:00Z,2021-08-30,Gemeente,GM0944,Mook en Middelaar,<=2009,88,78,12+
1,2021-09-08T10:30:00Z,2021-08-30,Gemeente,GM0944,Mook en Middelaar,<2004,89,80,18+
1,2021-09-08T10:30:00Z,2021-08-30,Gemeente,GM0944,Mook en Middelaar,2004-2009,72,58,12-17
1,2021-09-08T10:30:00Z,2021-08-30,Gemeente,GM0946,Nederweert,<=2009,85,74,12+
1,2021-09-08T10:30:00Z,2021-08-30,Gemeente,GM0946,Nederweert,<2004,86,75,18+
1,2021-09-08T10:30:00Z,2021-08-30,Gemeente,GM0946,Nederweert,2004-2009,64,52,12-17
1,2021-09-08T10:30:00Z,2021-08-30,Gemeente,GM0957,Roermond,<=2009,77,67,12+
1,2021-09-08T10:30:00Z,2021-08-30,Gemeente,GM0957,Roermond,<2004,79,69,18+
1,2021-09-08T10:30:00Z,2021-08-30,Gemeente,GM0957,Roermond,2004-2009,45,34,12-17
1,2021-09-08T10:30:00Z,2021-08-30,Gemeente,GM0965,Simpelveld,<=2009,81,73,12+
1,2021-09-08T10:30:00Z,2021-08-30,Gemeente,GM0965,Simpelveld,<2004,82,74,18+
1,2021-09-08T10:30:00Z,2021-08-30,Gemeente,GM0965,Simpelveld,2004-2009,62,47,12-17
1,2021-09-08T10:30:00Z,2021-08-30,Gemeente,GM0971,Stein,<=2009,83,73,12+
1,2021-09-08T10:30:00Z,2021-08-30,Gemeente,GM0971,Stein,<2004,85,75,18+
1,2021-09-08T10:30:00Z,2021-08-30,Gemeente,GM0971,Stein,2004-2009,56,41,12-17
1,2021-09-08T10:30:00Z,2021-08-30,Gemeente,GM0981,Vaals,<=2009,64,58,12+
1,2021-09-08T10:30:00Z,2021-08-30,Gemeente,GM0981,Vaals,<2004,66,59,18+
1,2021-09-08T10:30:00Z,2021-08-30,Gemeente,GM0981,Vaals,2004-2009,42,31,12-17
1,2021-09-08T10:30:00Z,2021-08-30,Gemeente,GM0983,Venlo,<=2009,77,66,12+
1,2021-09-08T10:30:00Z,2021-08-30,Gemeente,GM0983,Venlo,<2004,79,68,18+
1,2021-09-08T10:30:00Z,2021-08-30,Gemeente,GM0983,Venlo,2004-2009,50,37,12-17
1,2021-09-08T10:30:00Z,2021-08-30,Gemeente,GM0984,Venray,<=2009,82,70,12+
1,2021-09-08T10:30:00Z,2021-08-30,Gemeente,GM0984,Venray,<2004,84,72,18+
1,2021-09-08T10:30:00Z,2021-08-30,Gemeente,GM0984,Venray,2004-2009,57,42,12-17
1,2021-09-08T10:30:00Z,2021-08-30,Gemeente,GM0986,Voerendaal,<=2009,84,76,12+
1,2021-09-08T10:30:00Z,2021-08-30,Gemeente,GM0986,Voerendaal,<2004,86,78,18+
1,2021-09-08T10:30:00Z,2021-08-30,Gemeente,GM0986,Voerendaal,2004-2009,59,44,12-17
1,2021-09-08T10:30:00Z,2021-08-30,Gemeente,GM0988,Weert,<=2009,83,72,12+
1,2021-09-08T10:30:00Z,2021-08-30,Gemeente,GM0988,Weert,<2004,85,74,18+
1,2021-09-08T10:30:00Z,2021-08-30,Gemeente,GM0988,Weert,2004-2009,54,43,12-17
1,2021-09-08T10:30:00Z,2021-08-30,Gemeente,GM0994,Valkenburg aan de Geul,<=2009,88,78,12+
1,2021-09-08T10:30:00Z,2021-08-30,Gemeente,GM0994,Valkenburg aan de Geul,<2004,89,79,18+
1,2021-09-08T10:30:00Z,2021-08-30,Gemeente,GM0994,Valkenburg aan de Geul,2004-2009,64,51,12-17
1,2021-09-08T10:30:00Z,2021-08-30,Gemeente,GM0995,Lelystad,<=2009,69,60,12+
1,2021-09-08T10:30:00Z,2021-08-30,Gemeente,GM0995,Lelystad,<2004,72,64,18+
1,2021-09-08T10:30:00Z,2021-08-30,Gemeente,GM0995,Lelystad,2004-2009,37,24,12-17
1,2021-09-08T10:30:00Z,2021-08-30,Gemeente,GM1507,Horst aan de Maas,<=2009,86,74,12+
1,2021-09-08T10:30:00Z,2021-08-30,Gemeente,GM1507,Horst aan de Maas,<2004,88,75,18+
1,2021-09-08T10:30:00Z,2021-08-30,Gemeente,GM1507,Horst aan de Maas,2004-2009,67,50,12-17
1,2021-09-08T10:30:00Z,2021-08-30,Gemeente,GM1509,Oude IJsselstreek,<=2009,86,75,12+
1,2021-09-08T10:30:00Z,2021-08-30,Gemeente,GM1509,Oude IJsselstreek,<2004,87,77,18+
1,2021-09-08T10:30:00Z,2021-08-30,Gemeente,GM1509,Oude IJsselstreek,2004-2009,64,49,12-17
1,2021-09-08T10:30:00Z,2021-08-30,Gemeente,GM1525,Teylingen,<=2009,86,74,12+
1,2021-09-08T10:30:00Z,2021-08-30,Gemeente,GM1525,Teylingen,<2004,88,76,18+
1,2021-09-08T10:30:00Z,2021-08-30,Gemeente,GM1525,Teylingen,2004-2009,66,48,12-17
1,2021-09-08T10:30:00Z,2021-08-30,Gemeente,GM1581,Utrechtse Heuvelrug,<=2009,82,73,12+
1,2021-09-08T10:30:00Z,2021-08-30,Gemeente,GM1581,Utrechtse Heuvelrug,<2004,84,75,18+
1,2021-09-08T10:30:00Z,2021-08-30,Gemeente,GM1581,Utrechtse Heuvelrug,2004-2009,60,47,12-17
1,2021-09-08T10:30:00Z,2021-08-30,Gemeente,GM1586,Oost Gelre,<=2009,88,77,12+
1,2021-09-08T10:30:00Z,2021-08-30,Gemeente,GM1586,Oost Gelre,<2004,90,79,18+
1,2021-09-08T10:30:00Z,2021-08-30,Gemeente,GM1586,Oost Gelre,2004-2009,70,55,12-17
1,2021-09-08T10:30:00Z,2021-08-30,Gemeente,GM1598,Koggenland,<=2009,80,68,12+
1,2021-09-08T10:30:00Z,2021-08-30,Gemeente,GM1598,Koggenland,<2004,83,70,18+
1,2021-09-08T10:30:00Z,2021-08-30,Gemeente,GM1598,Koggenland,2004-2009,55,38,12-17
1,2021-09-08T10:30:00Z,2021-08-30,Gemeente,GM1621,Lansingerland,<=2009,83,71,12+
1,2021-09-08T10:30:00Z,2021-08-30,Gemeente,GM1621,Lansingerland,<2004,85,74,18+
1,2021-09-08T10:30:00Z,2021-08-30,Gemeente,GM1621,Lansingerland,2004-2009,60,45,12-17
1,2021-09-08T10:30:00Z,2021-08-30,Gemeente,GM1640,Leudal,<=2009,85,75,12+
1,2021-09-08T10:30:00Z,2021-08-30,Gemeente,GM1640,Leudal,<2004,86,77,18+
1,2021-09-08T10:30:00Z,2021-08-30,Gemeente,GM1640,Leudal,2004-2009,61,46,12-17
1,2021-09-08T10:30:00Z,2021-08-30,Gemeente,GM1641,Maasgouw,<=2009,84,75,12+
1,2021-09-08T10:30:00Z,2021-08-30,Gemeente,GM1641,Maasgouw,<2004,85,76,18+
1,2021-09-08T10:30:00Z,2021-08-30,Gemeente,GM1641,Maasgouw,2004-2009,60,47,12-17
1,2021-09-08T10:30:00Z,2021-08-30,Gemeente,GM1652,Gemert-Bakel,<=2009,85,74,12+
1,2021-09-08T10:30:00Z,2021-08-30,Gemeente,GM1652,Gemert-Bakel,<2004,87,76,18+
1,2021-09-08T10:30:00Z,2021-08-30,Gemeente,GM1652,Gemert-Bakel,2004-2009,65,51,12-17
1,2021-09-08T10:30:00Z,2021-08-30,Gemeente,GM1655,Halderberge,<=2009,83,73,12+
1,2021-09-08T10:30:00Z,2021-08-30,Gemeente,GM1655,Halderberge,<2004,85,75,18+
1,2021-09-08T10:30:00Z,2021-08-30,Gemeente,GM1655,Halderberge,2004-2009,57,43,12-17
1,2021-09-08T10:30:00Z,2021-08-30,Gemeente,GM1658,Heeze-Leende,<=2009,88,77,12+
1,2021-09-08T10:30:00Z,2021-08-30,Gemeente,GM1658,Heeze-Leende,<2004,89,79,18+
1,2021-09-08T10:30:00Z,2021-08-30,Gemeente,GM1658,Heeze-Leende,2004-2009,69,52,12-17
1,2021-09-08T10:30:00Z,2021-08-30,Gemeente,GM1659,Laarbeek,<=2009,86,75,12+
1,2021-09-08T10:30:00Z,2021-08-30,Gemeente,GM1659,Laarbeek,<2004,88,77,18+
1,2021-09-08T10:30:00Z,2021-08-30,Gemeente,GM1659,Laarbeek,2004-2009,66,50,12-17
1,2021-09-08T10:30:00Z,2021-08-30,Gemeente,GM1667,Reusel-De Mierden,<=2009,89,76,12+
1,2021-09-08T10:30:00Z,2021-08-30,Gemeente,GM1667,Reusel-De Mierden,<2004,90,78,18+
1,2021-09-08T10:30:00Z,2021-08-30,Gemeente,GM1667,Reusel-De Mierden,2004-2009,71,53,12-17
1,2021-09-08T10:30:00Z,2021-08-30,Gemeente,GM1669,Roerdalen,<=2009,83,74,12+
1,2021-09-08T10:30:00Z,2021-08-30,Gemeente,GM1669,Roerdalen,<2004,85,77,18+
1,2021-09-08T10:30:00Z,2021-08-30,Gemeente,GM1669,Roerdalen,2004-2009,51,39,12-17
1,2021-09-08T10:30:00Z,2021-08-30,Gemeente,GM1674,Roosendaal,<=2009,78,68,12+
1,2021-09-08T10:30:00Z,2021-08-30,Gemeente,GM1674,Roosendaal,<2004,80,70,18+
1,2021-09-08T10:30:00Z,2021-08-30,Gemeente,GM1674,Roosendaal,2004-2009,51,39,12-17
1,2021-09-08T10:30:00Z,2021-08-30,Gemeente,GM1676,Schouwen-Duiveland,<=2009,81,73,12+
1,2021-09-08T10:30:00Z,2021-08-30,Gemeente,GM1676,Schouwen-Duiveland,<2004,82,76,18+
1,2021-09-08T10:30:00Z,2021-08-30,Gemeente,GM1676,Schouwen-Duiveland,2004-2009,54,42,12-17
1,2021-09-08T10:30:00Z,2021-08-30,Gemeente,GM1680,Aa en Hunze,<=2009,87,78,12+
1,2021-09-08T10:30:00Z,2021-08-30,Gemeente,GM1680,Aa en Hunze,<2004,88,79,18+
1,2021-09-08T10:30:00Z,2021-08-30,Gemeente,GM1680,Aa en Hunze,2004-2009,72,59,12-17
1,2021-09-08T10:30:00Z,2021-08-30,Gemeente,GM1681,Borger-Odoorn,<=2009,84,75,12+
1,2021-09-08T10:30:00Z,2021-08-30,Gemeente,GM1681,Borger-Odoorn,<2004,85,77,18+
1,2021-09-08T10:30:00Z,2021-08-30,Gemeente,GM1681,Borger-Odoorn,2004-2009,60,47,12-17
1,2021-09-08T10:30:00Z,2021-08-30,Gemeente,GM1684,Cuijk,<=2009,83,73,12+
1,2021-09-08T10:30:00Z,2021-08-30,Gemeente,GM1684,Cuijk,<2004,85,75,18+
1,2021-09-08T10:30:00Z,2021-08-30,Gemeente,GM1684,Cuijk,2004-2009,60,45,12-17
1,2021-09-08T10:30:00Z,2021-08-30,Gemeente,GM1685,Landerd,<=2009,87,75,12+
1,2021-09-08T10:30:00Z,2021-08-30,Gemeente,GM1685,Landerd,<2004,89,77,18+
1,2021-09-08T10:30:00Z,2021-08-30,Gemeente,GM1685,Landerd,2004-2009,70,52,12-17
1,2021-09-08T10:30:00Z,2021-08-30,Gemeente,GM1690,De Wolden,<=2009,84,73,12+
1,2021-09-08T10:30:00Z,2021-08-30,Gemeente,GM1690,De Wolden,<2004,86,76,18+
1,2021-09-08T10:30:00Z,2021-08-30,Gemeente,GM1690,De Wolden,2004-2009,57,42,12-17
1,2021-09-08T10:30:00Z,2021-08-30,Gemeente,GM1695,Noord-Beveland,<=2009,80,72,12+
1,2021-09-08T10:30:00Z,2021-08-30,Gemeente,GM1695,Noord-Beveland,<2004,81,73,18+
1,2021-09-08T10:30:00Z,2021-08-30,Gemeente,GM1695,Noord-Beveland,2004-2009,56,40,12-17
1,2021-09-08T10:30:00Z,2021-08-30,Gemeente,GM1696,Wijdemeren,<=2009,83,73,12+
1,2021-09-08T10:30:00Z,2021-08-30,Gemeente,GM1696,Wijdemeren,<2004,85,75,18+
1,2021-09-08T10:30:00Z,2021-08-30,Gemeente,GM1696,Wijdemeren,2004-2009,57,41,12-17
1,2021-09-08T10:30:00Z,2021-08-30,Gemeente,GM1699,Noordenveld,<=2009,86,77,12+
1,2021-09-08T10:30:00Z,2021-08-30,Gemeente,GM1699,Noordenveld,<2004,88,80,18+
1,2021-09-08T10:30:00Z,2021-08-30,Gemeente,GM1699,Noordenveld,2004-2009,63,52,12-17
1,2021-09-08T10:30:00Z,2021-08-30,Gemeente,GM1700,Twenterand,<=2009,79,66,12+
1,2021-09-08T10:30:00Z,2021-08-30,Gemeente,GM1700,Twenterand,<2004,82,69,18+
1,2021-09-08T10:30:00Z,2021-08-30,Gemeente,GM1700,Twenterand,2004-2009,53,36,12-17
1,2021-09-08T10:30:00Z,2021-08-30,Gemeente,GM1701,Westerveld,<=2009,83,75,12+
1,2021-09-08T10:30:00Z,2021-08-30,Gemeente,GM1701,Westerveld,<2004,85,78,18+
1,2021-09-08T10:30:00Z,2021-08-30,Gemeente,GM1701,Westerveld,2004-2009,57,44,12-17
1,2021-09-08T10:30:00Z,2021-08-30,Gemeente,GM1702,Sint Anthonis,<=2009,90,79,12+
1,2021-09-08T10:30:00Z,2021-08-30,Gemeente,GM1702,Sint Anthonis,<2004,91,80,18+
1,2021-09-08T10:30:00Z,2021-08-30,Gemeente,GM1702,Sint Anthonis,2004-2009,75,59,12-17
1,2021-09-08T10:30:00Z,2021-08-30,Gemeente,GM1705,Lingewaard,<=2009,88,77,12+
1,2021-09-08T10:30:00Z,2021-08-30,Gemeente,GM1705,Lingewaard,<2004,90,79,18+
1,2021-09-08T10:30:00Z,2021-08-30,Gemeente,GM1705,Lingewaard,2004-2009,69,55,12-17
1,2021-09-08T10:30:00Z,2021-08-30,Gemeente,GM1706,Cranendonck,<=2009,87,73,12+
1,2021-09-08T10:30:00Z,2021-08-30,Gemeente,GM1706,Cranendonck,<2004,89,75,18+
1,2021-09-08T10:30:00Z,2021-08-30,Gemeente,GM1706,Cranendonck,2004-2009,61,46,12-17
1,2021-09-08T10:30:00Z,2021-08-30,Gemeente,GM1708,Steenwijkerland,<=2009,80,70,12+
1,2021-09-08T10:30:00Z,2021-08-30,Gemeente,GM1708,Steenwijkerland,<2004,83,73,18+
1,2021-09-08T10:30:00Z,2021-08-30,Gemeente,GM1708,Steenwijkerland,2004-2009,50,37,12-17
1,2021-09-08T10:30:00Z,2021-08-30,Gemeente,GM1709,Moerdijk,<=2009,84,74,12+
1,2021-09-08T10:30:00Z,2021-08-30,Gemeente,GM1709,Moerdijk,<2004,85,76,18+
1,2021-09-08T10:30:00Z,2021-08-30,Gemeente,GM1709,Moerdijk,2004-2009,63,48,12-17
1,2021-09-08T10:30:00Z,2021-08-30,Gemeente,GM1711,Echt-Susteren,<=2009,82,73,12+
1,2021-09-08T10:30:00Z,2021-08-30,Gemeente,GM1711,Echt-Susteren,<2004,84,75,18+
1,2021-09-08T10:30:00Z,2021-08-30,Gemeente,GM1711,Echt-Susteren,2004-2009,57,45,12-17
1,2021-09-08T10:30:00Z,2021-08-30,Gemeente,GM1714,Sluis,<=2009,83,75,12+
1,2021-09-08T10:30:00Z,2021-08-30,Gemeente,GM1714,Sluis,<2004,85,77,18+
1,2021-09-08T10:30:00Z,2021-08-30,Gemeente,GM1714,Sluis,2004-2009,62,47,12-17
1,2021-09-08T10:30:00Z,2021-08-30,Gemeente,GM1719,Drimmelen,<=2009,88,77,12+
1,2021-09-08T10:30:00Z,2021-08-30,Gemeente,GM1719,Drimmelen,<2004,89,79,18+
1,2021-09-08T10:30:00Z,2021-08-30,Gemeente,GM1719,Drimmelen,2004-2009,65,53,12-17
1,2021-09-08T10:30:00Z,2021-08-30,Gemeente,GM1721,Bernheze,<=2009,88,76,12+
1,2021-09-08T10:30:00Z,2021-08-30,Gemeente,GM1721,Bernheze,<2004,90,78,18+
1,2021-09-08T10:30:00Z,2021-08-30,Gemeente,GM1721,Bernheze,2004-2009,71,53,12-17
1,2021-09-08T10:30:00Z,2021-08-30,Gemeente,GM1723,Alphen-Chaam,<=2009,91,80,12+
1,2021-09-08T10:30:00Z,2021-08-30,Gemeente,GM1723,Alphen-Chaam,<2004,93,82,18+
1,2021-09-08T10:30:00Z,2021-08-30,Gemeente,GM1723,Alphen-Chaam,2004-2009,74,56,12-17
1,2021-09-08T10:30:00Z,2021-08-30,Gemeente,GM1724,Bergeijk,<=2009,88,75,12+
1,2021-09-08T10:30:00Z,2021-08-30,Gemeente,GM1724,Bergeijk,<2004,89,77,18+
1,2021-09-08T10:30:00Z,2021-08-30,Gemeente,GM1724,Bergeijk,2004-2009,67,49,12-17
1,2021-09-08T10:30:00Z,2021-08-30,Gemeente,GM1728,Bladel,<=2009,87,74,12+
1,2021-09-08T10:30:00Z,2021-08-30,Gemeente,GM1728,Bladel,<2004,88,76,18+
1,2021-09-08T10:30:00Z,2021-08-30,Gemeente,GM1728,Bladel,2004-2009,68,48,12-17
1,2021-09-08T10:30:00Z,2021-08-30,Gemeente,GM1729,Gulpen-Wittem,<=2009,85,76,12+
1,2021-09-08T10:30:00Z,2021-08-30,Gemeente,GM1729,Gulpen-Wittem,<2004,86,78,18+
1,2021-09-08T10:30:00Z,2021-08-30,Gemeente,GM1729,Gulpen-Wittem,2004-2009,60,47,12-17
1,2021-09-08T10:30:00Z,2021-08-30,Gemeente,GM1730,Tynaarlo,<=2009,88,80,12+
1,2021-09-08T10:30:00Z,2021-08-30,Gemeente,GM1730,Tynaarlo,<2004,90,82,18+
1,2021-09-08T10:30:00Z,2021-08-30,Gemeente,GM1730,Tynaarlo,2004-2009,70,57,12-17
1,2021-09-08T10:30:00Z,2021-08-30,Gemeente,GM1731,Midden-Drenthe,<=2009,84,76,12+
1,2021-09-08T10:30:00Z,2021-08-30,Gemeente,GM1731,Midden-Drenthe,<2004,86,77,18+
1,2021-09-08T10:30:00Z,2021-08-30,Gemeente,GM1731,Midden-Drenthe,2004-2009,64,52,12-17
1,2021-09-08T10:30:00Z,2021-08-30,Gemeente,GM1734,Overbetuwe,<=2009,85,75,12+
1,2021-09-08T10:30:00Z,2021-08-30,Gemeente,GM1734,Overbetuwe,<2004,87,78,18+
1,2021-09-08T10:30:00Z,2021-08-30,Gemeente,GM1734,Overbetuwe,2004-2009,63,51,12-17
1,2021-09-08T10:30:00Z,2021-08-30,Gemeente,GM1735,Hof van Twente,<=2009,87,75,12+
1,2021-09-08T10:30:00Z,2021-08-30,Gemeente,GM1735,Hof van Twente,<2004,89,77,18+
1,2021-09-08T10:30:00Z,2021-08-30,Gemeente,GM1735,Hof van Twente,2004-2009,64,45,12-17
1,2021-09-08T10:30:00Z,2021-08-30,Gemeente,GM1740,Neder-Betuwe,<=2009,58,49,12+
1,2021-09-08T10:30:00Z,2021-08-30,Gemeente,GM1740,Neder-Betuwe,<2004,61,52,18+
1,2021-09-08T10:30:00Z,2021-08-30,Gemeente,GM1740,Neder-Betuwe,2004-2009,29,21,12-17
1,2021-09-08T10:30:00Z,2021-08-30,Gemeente,GM1742,Rijssen-Holten,<=2009,75,62,12+
1,2021-09-08T10:30:00Z,2021-08-30,Gemeente,GM1742,Rijssen-Holten,<2004,78,66,18+
1,2021-09-08T10:30:00Z,2021-08-30,Gemeente,GM1742,Rijssen-Holten,2004-2009,44,31,12-17
1,2021-09-08T10:30:00Z,2021-08-30,Gemeente,GM1771,Geldrop-Mierlo,<=2009,82,71,12+
1,2021-09-08T10:30:00Z,2021-08-30,Gemeente,GM1771,Geldrop-Mierlo,<2004,84,74,18+
1,2021-09-08T10:30:00Z,2021-08-30,Gemeente,GM1771,Geldrop-Mierlo,2004-2009,58,43,12-17
1,2021-09-08T10:30:00Z,2021-08-30,Gemeente,GM1773,Olst-Wijhe,<=2009,87,76,12+
1,2021-09-08T10:30:00Z,2021-08-30,Gemeente,GM1773,Olst-Wijhe,<2004,89,79,18+
1,2021-09-08T10:30:00Z,2021-08-30,Gemeente,GM1773,Olst-Wijhe,2004-2009,63,47,12-17
1,2021-09-08T10:30:00Z,2021-08-30,Gemeente,GM1774,Dinkelland,<=2009,88,74,12+
1,2021-09-08T10:30:00Z,2021-08-30,Gemeente,GM1774,Dinkelland,<2004,90,76,18+
1,2021-09-08T10:30:00Z,2021-08-30,Gemeente,GM1774,Dinkelland,2004-2009,66,42,12-17
1,2021-09-08T10:30:00Z,2021-08-30,Gemeente,GM1783,Westland,<=2009,78,65,12+
1,2021-09-08T10:30:00Z,2021-08-30,Gemeente,GM1783,Westland,<2004,81,68,18+
1,2021-09-08T10:30:00Z,2021-08-30,Gemeente,GM1783,Westland,2004-2009,48,34,12-17
1,2021-09-08T10:30:00Z,2021-08-30,Gemeente,GM1842,Midden-Delfland,<=2009,86,73,12+
1,2021-09-08T10:30:00Z,2021-08-30,Gemeente,GM1842,Midden-Delfland,<2004,88,75,18+
1,2021-09-08T10:30:00Z,2021-08-30,Gemeente,GM1842,Midden-Delfland,2004-2009,62,45,12-17
1,2021-09-08T10:30:00Z,2021-08-30,Gemeente,GM1859,Berkelland,<=2009,87,76,12+
1,2021-09-08T10:30:00Z,2021-08-30,Gemeente,GM1859,Berkelland,<2004,88,78,18+
1,2021-09-08T10:30:00Z,2021-08-30,Gemeente,GM1859,Berkelland,2004-2009,67,53,12-17
1,2021-09-08T10:30:00Z,2021-08-30,Gemeente,GM1876,Bronckhorst,<=2009,88,78,12+
1,2021-09-08T10:30:00Z,2021-08-30,Gemeente,GM1876,Bronckhorst,<2004,90,80,18+
1,2021-09-08T10:30:00Z,2021-08-30,Gemeente,GM1876,Bronckhorst,2004-2009,70,55,12-17
1,2021-09-08T10:30:00Z,2021-08-30,Gemeente,GM1883,Sittard-Geleen,<=2009,80,71,12+
1,2021-09-08T10:30:00Z,2021-08-30,Gemeente,GM1883,Sittard-Geleen,<2004,82,73,18+
1,2021-09-08T10:30:00Z,2021-08-30,Gemeente,GM1883,Sittard-Geleen,2004-2009,50,38,12-17
1,2021-09-08T10:30:00Z,2021-08-30,Gemeente,GM1884,Kaag en Braassem,<=2009,85,73,12+
1,2021-09-08T10:30:00Z,2021-08-30,Gemeente,GM1884,Kaag en Braassem,<2004,87,75,18+
1,2021-09-08T10:30:00Z,2021-08-30,Gemeente,GM1884,Kaag en Braassem,2004-2009,63,45,12-17
1,2021-09-08T10:30:00Z,2021-08-30,Gemeente,GM1891,Dantumadiel,<=2009,70,61,12+
1,2021-09-08T10:30:00Z,2021-08-30,Gemeente,GM1891,Dantumadiel,<2004,73,64,18+
1,2021-09-08T10:30:00Z,2021-08-30,Gemeente,GM1891,Dantumadiel,2004-2009,36,26,12-17
1,2021-09-08T10:30:00Z,2021-08-30,Gemeente,GM1892,Zuidplas,<=2009,80,69,12+
1,2021-09-08T10:30:00Z,2021-08-30,Gemeente,GM1892,Zuidplas,<2004,82,72,18+
1,2021-09-08T10:30:00Z,2021-08-30,Gemeente,GM1892,Zuidplas,2004-2009,55,41,12-17
1,2021-09-08T10:30:00Z,2021-08-30,Gemeente,GM1894,Peel en Maas,<=2009,86,74,12+
1,2021-09-08T10:30:00Z,2021-08-30,Gemeente,GM1894,Peel en Maas,<2004,88,76,18+
1,2021-09-08T10:30:00Z,2021-08-30,Gemeente,GM1894,Peel en Maas,2004-2009,61,46,12-17
1,2021-09-08T10:30:00Z,2021-08-30,Gemeente,GM1895,Oldambt,<=2009,81,73,12+
1,2021-09-08T10:30:00Z,2021-08-30,Gemeente,GM1895,Oldambt,<2004,82,75,18+
1,2021-09-08T10:30:00Z,2021-08-30,Gemeente,GM1895,Oldambt,2004-2009,59,46,12-17
1,2021-09-08T10:30:00Z,2021-08-30,Gemeente,GM1896,Zwartewaterland,<=2009,70,60,12+
1,2021-09-08T10:30:00Z,2021-08-30,Gemeente,GM1896,Zwartewaterland,<2004,73,63,18+
1,2021-09-08T10:30:00Z,2021-08-30,Gemeente,GM1896,Zwartewaterland,2004-2009,43,30,12-17
1,2021-09-08T10:30:00Z,2021-08-30,Gemeente,GM1900,Sdwest-Frysln,<=2009,78,67,12+
1,2021-09-08T10:30:00Z,2021-08-30,Gemeente,GM1900,Sdwest-Frysln,<2004,80,70,18+
1,2021-09-08T10:30:00Z,2021-08-30,Gemeente,GM1900,Sdwest-Frysln,2004-2009,52,36,12-17
1,2021-09-08T10:30:00Z,2021-08-30,Gemeente,GM1901,Bodegraven-Reeuwijk,<=2009,80,68,12+
1,2021-09-08T10:30:00Z,2021-08-30,Gemeente,GM1901,Bodegraven-Reeuwijk,<2004,82,70,18+
1,2021-09-08T10:30:00Z,2021-08-30,Gemeente,GM1901,Bodegraven-Reeuwijk,2004-2009,55,41,12-17
1,2021-09-08T10:30:00Z,2021-08-30,Gemeente,GM1903,Eijsden-Margraten,<=2009,90,81,12+
1,2021-09-08T10:30:00Z,2021-08-30,Gemeente,GM1903,Eijsden-Margraten,<2004,91,82,18+
1,2021-09-08T10:30:00Z,2021-08-30,Gemeente,GM1903,Eijsden-Margraten,2004-2009,71,59,12-17
1,2021-09-08T10:30:00Z,2021-08-30,Gemeente,GM1904,Stichtse Vecht,<=2009,84,74,12+
1,2021-09-08T10:30:00Z,2021-08-30,Gemeente,GM1904,Stichtse Vecht,<2004,86,76,18+
1,2021-09-08T10:30:00Z,2021-08-30,Gemeente,GM1904,Stichtse Vecht,2004-2009,61,48,12-17
1,2021-09-08T10:30:00Z,2021-08-30,Gemeente,GM1911,Hollands Kroon,<=2009,77,65,12+
1,2021-09-08T10:30:00Z,2021-08-30,Gemeente,GM1911,Hollands Kroon,<2004,79,68,18+
1,2021-09-08T10:30:00Z,2021-08-30,Gemeente,GM1911,Hollands Kroon,2004-2009,54,36,12-17
1,2021-09-08T10:30:00Z,2021-08-30,Gemeente,GM1916,Leidschendam-Voorburg,<=2009,82,73,12+
1,2021-09-08T10:30:00Z,2021-08-30,Gemeente,GM1916,Leidschendam-Voorburg,<2004,84,75,18+
1,2021-09-08T10:30:00Z,2021-08-30,Gemeente,GM1916,Leidschendam-Voorburg,2004-2009,59,46,12-17
1,2021-09-08T10:30:00Z,2021-08-30,Gemeente,GM1924,Goeree-Overflakkee,<=2009,77,67,12+
1,2021-09-08T10:30:00Z,2021-08-30,Gemeente,GM1924,Goeree-Overflakkee,<2004,79,70,18+
1,2021-09-08T10:30:00Z,2021-08-30,Gemeente,GM1924,Goeree-Overflakkee,2004-2009,46,33,12-17
1,2021-09-08T10:30:00Z,2021-08-30,Gemeente,GM1926,Pijnacker-Nootdorp,<=2009,84,72,12+
1,2021-09-08T10:30:00Z,2021-08-30,Gemeente,GM1926,Pijnacker-Nootdorp,<2004,86,75,18+
1,2021-09-08T10:30:00Z,2021-08-30,Gemeente,GM1926,Pijnacker-Nootdorp,2004-2009,61,48,12-17
1,2021-09-08T10:30:00Z,2021-08-30,Gemeente,GM1930,Nissewaard,<=2009,76,66,12+
1,2021-09-08T10:30:00Z,2021-08-30,Gemeente,GM1930,Nissewaard,<2004,79,69,18+
1,2021-09-08T10:30:00Z,2021-08-30,Gemeente,GM1930,Nissewaard,2004-2009,45,32,12-17
1,2021-09-08T10:30:00Z,2021-08-30,Gemeente,GM1931,Krimpenerwaard,<=2009,79,69,12+
1,2021-09-08T10:30:00Z,2021-08-30,Gemeente,GM1931,Krimpenerwaard,<2004,82,71,18+
1,2021-09-08T10:30:00Z,2021-08-30,Gemeente,GM1931,Krimpenerwaard,2004-2009,52,40,12-17
1,2021-09-08T10:30:00Z,2021-08-30,Gemeente,GM1940,De Fryske Marren,<=2009,78,68,12+
1,2021-09-08T10:30:00Z,2021-08-30,Gemeente,GM1940,De Fryske Marren,<2004,80,71,18+
1,2021-09-08T10:30:00Z,2021-08-30,Gemeente,GM1940,De Fryske Marren,2004-2009,48,36,12-17
1,2021-09-08T10:30:00Z,2021-08-30,Gemeente,GM1942,Gooise Meren,<=2009,83,72,12+
1,2021-09-08T10:30:00Z,2021-08-30,Gemeente,GM1942,Gooise Meren,<2004,85,75,18+
1,2021-09-08T10:30:00Z,2021-08-30,Gemeente,GM1942,Gooise Meren,2004-2009,61,43,12-17
1,2021-09-08T10:30:00Z,2021-08-30,Gemeente,GM1945,Berg en Dal,<=2009,87,77,12+
1,2021-09-08T10:30:00Z,2021-08-30,Gemeente,GM1945,Berg en Dal,<2004,89,79,18+
1,2021-09-08T10:30:00Z,2021-08-30,Gemeente,GM1945,Berg en Dal,2004-2009,69,52,12-17
1,2021-09-08T10:30:00Z,2021-08-30,Gemeente,GM1948,Meierijstad,<=2009,86,74,12+
1,2021-09-08T10:30:00Z,2021-08-30,Gemeente,GM1948,Meierijstad,<2004,87,76,18+
1,2021-09-08T10:30:00Z,2021-08-30,Gemeente,GM1948,Meierijstad,2004-2009,65,47,12-17
1,2021-09-08T10:30:00Z,2021-08-30,Gemeente,GM1949,Waadhoeke,<=2009,78,68,12+
1,2021-09-08T10:30:00Z,2021-08-30,Gemeente,GM1949,Waadhoeke,<2004,81,71,18+
1,2021-09-08T10:30:00Z,2021-08-30,Gemeente,GM1949,Waadhoeke,2004-2009,52,39,12-17
1,2021-09-08T10:30:00Z,2021-08-30,Gemeente,GM1950,Westerwolde,<=2009,80,68,12+
1,2021-09-08T10:30:00Z,2021-08-30,Gemeente,GM1950,Westerwolde,<2004,82,70,18+
1,2021-09-08T10:30:00Z,2021-08-30,Gemeente,GM1950,Westerwolde,2004-2009,58,40,12-17
1,2021-09-08T10:30:00Z,2021-08-30,Gemeente,GM1952,Midden-Groningen,<=2009,80,71,12+
1,2021-09-08T10:30:00Z,2021-08-30,Gemeente,GM1952,Midden-Groningen,<2004,82,74,18+
1,2021-09-08T10:30:00Z,2021-08-30,Gemeente,GM1952,Midden-Groningen,2004-2009,56,45,12-17
1,2021-09-08T10:30:00Z,2021-08-30,Gemeente,GM1954,Beekdaelen,<=2009,82,73,12+
1,2021-09-08T10:30:00Z,2021-08-30,Gemeente,GM1954,Beekdaelen,<2004,84,75,18+
1,2021-09-08T10:30:00Z,2021-08-30,Gemeente,GM1954,Beekdaelen,2004-2009,57,43,12-17
1,2021-09-08T10:30:00Z,2021-08-30,Gemeente,GM1955,Montferland,<=2009,87,76,12+
1,2021-09-08T10:30:00Z,2021-08-30,Gemeente,GM1955,Montferland,<2004,88,78,18+
1,2021-09-08T10:30:00Z,2021-08-30,Gemeente,GM1955,Montferland,2004-2009,67,50,12-17
1,2021-09-08T10:30:00Z,2021-08-30,Gemeente,GM1959,Altena,<=2009,73,62,12+
1,2021-09-08T10:30:00Z,2021-08-30,Gemeente,GM1959,Altena,<2004,76,65,18+
1,2021-09-08T10:30:00Z,2021-08-30,Gemeente,GM1959,Altena,2004-2009,46,33,12-17
1,2021-09-08T10:30:00Z,2021-08-30,Gemeente,GM1960,West Betuwe,<=2009,78,67,12+
1,2021-09-08T10:30:00Z,2021-08-30,Gemeente,GM1960,West Betuwe,<2004,81,69,18+
1,2021-09-08T10:30:00Z,2021-08-30,Gemeente,GM1960,West Betuwe,2004-2009,53,40,12-17
1,2021-09-08T10:30:00Z,2021-08-30,Gemeente,GM1961,Vijfheerenlanden,<=2009,78,67,12+
1,2021-09-08T10:30:00Z,2021-08-30,Gemeente,GM1961,Vijfheerenlanden,<2004,80,69,18+
1,2021-09-08T10:30:00Z,2021-08-30,Gemeente,GM1961,Vijfheerenlanden,2004-2009,50,37,12-17
1,2021-09-08T10:30:00Z,2021-08-30,Gemeente,GM1963,Hoeksche Waard,<=2009,78,68,12+
1,2021-09-08T10:30:00Z,2021-08-30,Gemeente,GM1963,Hoeksche Waard,<2004,80,70,18+
1,2021-09-08T10:30:00Z,2021-08-30,Gemeente,GM1963,Hoeksche Waard,2004-2009,50,37,12-17
1,2021-09-08T10:30:00Z,2021-08-30,Gemeente,GM1966,Het Hogeland,<=2009,81,73,12+
1,2021-09-08T10:30:00Z,2021-08-30,Gemeente,GM1966,Het Hogeland,<2004,82,75,18+
1,2021-09-08T10:30:00Z,2021-08-30,Gemeente,GM1966,Het Hogeland,2004-2009,58,47,12-17
1,2021-09-08T10:30:00Z,2021-08-30,Gemeente,GM1969,Westerkwartier,<=2009,82,73,12+
1,2021-09-08T10:30:00Z,2021-08-30,Gemeente,GM1969,Westerkwartier,<2004,84,75,18+
1,2021-09-08T10:30:00Z,2021-08-30,Gemeente,GM1969,Westerkwartier,2004-2009,58,45,12-17
1,2021-09-08T10:30:00Z,2021-08-30,Gemeente,GM1970,Noardeast-Frysln,<=2009,74,64,12+
1,2021-09-08T10:30:00Z,2021-08-30,Gemeente,GM1970,Noardeast-Frysln,<2004,77,68,18+
1,2021-09-08T10:30:00Z,2021-08-30,Gemeente,GM1970,Noardeast-Frysln,2004-2009,41,30,12-17
1,2021-09-08T10:30:00Z,2021-08-30,Gemeente,GM1978,Molenlanden,<=2009,75,63,12+
1,2021-09-08T10:30:00Z,2021-08-30,Gemeente,GM1978,Molenlanden,<2004,78,66,18+
1,2021-09-08T10:30:00Z,2021-08-30,Gemeente,GM1978,Molenlanden,2004-2009,48,35,12-17
1,2021-09-08T10:30:00Z,2021-08-30,Gemeente,GM1979,Eemsdelta,<=2009,80,72,12+
1,2021-09-08T10:30:00Z,2021-08-30,Gemeente,GM1979,Eemsdelta,<2004,82,74,18+
1,2021-09-08T10:30:00Z,2021-08-30,Gemeente,GM1979,Eemsdelta,2004-2009,55,44,12-17
1,2021-09-08T10:30:00Z,2021-08-30,Veiligheidsregio,VR01,Groningen,<=2009,80,70,12+
1,2021-09-08T10:30:00Z,2021-08-30,Veiligheidsregio,VR01,Groningen,<2004,82,72,18+
1,2021-09-08T10:30:00Z,2021-08-30,Veiligheidsregio,VR01,Groningen,2004-2009,57,45,12-17
1,2021-09-08T10:30:00Z,2021-08-30,Veiligheidsregio,VR02,Frysln,<=2009,77,68,12+
1,2021-09-08T10:30:00Z,2021-08-30,Veiligheidsregio,VR02,Frysln,<2004,80,70,18+
1,2021-09-08T10:30:00Z,2021-08-30,Veiligheidsregio,VR02,Frysln,2004-2009,49,36,12-17
1,2021-09-08T10:30:00Z,2021-08-30,Veiligheidsregio,VR03,Drenthe,<=2009,82,73,12+
1,2021-09-08T10:30:00Z,2021-08-30,Veiligheidsregio,VR03,Drenthe,<2004,84,76,18+
1,2021-09-08T10:30:00Z,2021-08-30,Veiligheidsregio,VR03,Drenthe,2004-2009,58,46,12-17
1,2021-09-08T10:30:00Z,2021-08-30,Veiligheidsregio,VR04,IJsselland,<=2009,81,70,12+
1,2021-09-08T10:30:00Z,2021-08-30,Veiligheidsregio,VR04,IJsselland,<2004,83,73,18+
1,2021-09-08T10:30:00Z,2021-08-30,Veiligheidsregio,VR04,IJsselland,2004-2009,55,41,12-17
1,2021-09-08T10:30:00Z,2021-08-30,Veiligheidsregio,VR05,Twente,<=2009,80,68,12+
1,2021-09-08T10:30:00Z,2021-08-30,Veiligheidsregio,VR05,Twente,<2004,83,71,18+
1,2021-09-08T10:30:00Z,2021-08-30,Veiligheidsregio,VR05,Twente,2004-2009,54,38,12-17
1,2021-09-08T10:30:00Z,2021-08-30,Veiligheidsregio,VR06,Noord- en Oost-Gelderland,<=2009,82,72,12+
1,2021-09-08T10:30:00Z,2021-08-30,Veiligheidsregio,VR06,Noord- en Oost-Gelderland,<2004,84,74,18+
1,2021-09-08T10:30:00Z,2021-08-30,Veiligheidsregio,VR06,Noord- en Oost-Gelderland,2004-2009,57,43,12-17
1,2021-09-08T10:30:00Z,2021-08-30,Veiligheidsregio,VR07,Gelderland-Midden,<=2009,79,69,12+
1,2021-09-08T10:30:00Z,2021-08-30,Veiligheidsregio,VR07,Gelderland-Midden,<2004,81,71,18+
1,2021-09-08T10:30:00Z,2021-08-30,Veiligheidsregio,VR07,Gelderland-Midden,2004-2009,53,41,12-17
1,2021-09-08T10:30:00Z,2021-08-30,Veiligheidsregio,VR08,Gelderland-Zuid,<=2009,81,70,12+
1,2021-09-08T10:30:00Z,2021-08-30,Veiligheidsregio,VR08,Gelderland-Zuid,<2004,83,72,18+
1,2021-09-08T10:30:00Z,2021-08-30,Veiligheidsregio,VR08,Gelderland-Zuid,2004-2009,57,43,12-17
1,2021-09-08T10:30:00Z,2021-08-30,Veiligheidsregio,VR09,Utrecht,<=2009,81,70,12+
1,2021-09-08T10:30:00Z,2021-08-30,Veiligheidsregio,VR09,Utrecht,<2004,83,72,18+
1,2021-09-08T10:30:00Z,2021-08-30,Veiligheidsregio,VR09,Utrecht,2004-2009,56,43,12-17
1,2021-09-08T10:30:00Z,2021-08-30,Veiligheidsregio,VR10,Noord-Holland-Noord,<=2009,78,67,12+
1,2021-09-08T10:30:00Z,2021-08-30,Veiligheidsregio,VR10,Noord-Holland-Noord,<2004,81,70,18+
1,2021-09-08T10:30:00Z,2021-08-30,Veiligheidsregio,VR10,Noord-Holland-Noord,2004-2009,52,37,12-17
1,2021-09-08T10:30:00Z,2021-08-30,Veiligheidsregio,VR11,Zaanstreek-Waterland,<=2009,76,65,12+
1,2021-09-08T10:30:00Z,2021-08-30,Veiligheidsregio,VR11,Zaanstreek-Waterland,<2004,79,67,18+
1,2021-09-08T10:30:00Z,2021-08-30,Veiligheidsregio,VR11,Zaanstreek-Waterland,2004-2009,46,33,12-17
1,2021-09-08T10:30:00Z,2021-08-30,Veiligheidsregio,VR12,Kennemerland,<=2009,79,68,12+
1,2021-09-08T10:30:00Z,2021-08-30,Veiligheidsregio,VR12,Kennemerland,<2004,81,70,18+
1,2021-09-08T10:30:00Z,2021-08-30,Veiligheidsregio,VR12,Kennemerland,2004-2009,52,38,12-17
1,2021-09-08T10:30:00Z,2021-08-30,Veiligheidsregio,VR13,Amsterdam-Amstelland,<=2009,74,61,12+
1,2021-09-08T10:30:00Z,2021-08-30,Veiligheidsregio,VR13,Amsterdam-Amstelland,<2004,76,63,18+
1,2021-09-08T10:30:00Z,2021-08-30,Veiligheidsregio,VR13,Amsterdam-Amstelland,2004-2009,43,29,12-17
1,2021-09-08T10:30:00Z,2021-08-30,Veiligheidsregio,VR14,Gooi en Vechtstreek,<=2009,81,71,12+
1,2021-09-08T10:30:00Z,2021-08-30,Veiligheidsregio,VR14,Gooi en Vechtstreek,<2004,84,73,18+
1,2021-09-08T10:30:00Z,2021-08-30,Veiligheidsregio,VR14,Gooi en Vechtstreek,2004-2009,57,41,12-17
1,2021-09-08T10:30:00Z,2021-08-30,Veiligheidsregio,VR15,Haaglanden,<=2009,75,63,12+
1,2021-09-08T10:30:00Z,2021-08-30,Veiligheidsregio,VR15,Haaglanden,<2004,77,66,18+
1,2021-09-08T10:30:00Z,2021-08-30,Veiligheidsregio,VR15,Haaglanden,2004-2009,47,35,12-17
1,2021-09-08T10:30:00Z,2021-08-30,Veiligheidsregio,VR16,Hollands-Midden,<=2009,81,70,12+
1,2021-09-08T10:30:00Z,2021-08-30,Veiligheidsregio,VR16,Hollands-Midden,<2004,84,72,18+
1,2021-09-08T10:30:00Z,2021-08-30,Veiligheidsregio,VR16,Hollands-Midden,2004-2009,56,41,12-17
1,2021-09-08T10:30:00Z,2021-08-30,Veiligheidsregio,VR17,Rotterdam-Rijnmond,<=2009,71,61,12+
1,2021-09-08T10:30:00Z,2021-08-30,Veiligheidsregio,VR17,Rotterdam-Rijnmond,<2004,74,63,18+
1,2021-09-08T10:30:00Z,2021-08-30,Veiligheidsregio,VR17,Rotterdam-Rijnmond,2004-2009,41,30,12-17
1,2021-09-08T10:30:00Z,2021-08-30,Veiligheidsregio,VR18,Zuid-Holland-Zuid,<=2009,76,65,12+
1,2021-09-08T10:30:00Z,2021-08-30,Veiligheidsregio,VR18,Zuid-Holland-Zuid,<2004,78,67,18+
1,2021-09-08T10:30:00Z,2021-08-30,Veiligheidsregio,VR18,Zuid-Holland-Zuid,2004-2009,47,33,12-17
1,2021-09-08T10:30:00Z,2021-08-30,Veiligheidsregio,VR19,Zeeland,<=2009,77,69,12+
1,2021-09-08T10:30:00Z,2021-08-30,Veiligheidsregio,VR19,Zeeland,<2004,79,71,18+
1,2021-09-08T10:30:00Z,2021-08-30,Veiligheidsregio,VR19,Zeeland,2004-2009,51,38,12-17
1,2021-09-08T10:30:00Z,2021-08-30,Veiligheidsregio,VR20,Midden- en West-Brabant,<=2009,81,70,12+
1,2021-09-08T10:30:00Z,2021-08-30,Veiligheidsregio,VR20,Midden- en West-Brabant,<2004,83,72,18+
1,2021-09-08T10:30:00Z,2021-08-30,Veiligheidsregio,VR20,Midden- en West-Brabant,2004-2009,58,44,12-17
1,2021-09-08T10:30:00Z,2021-08-30,Veiligheidsregio,VR21,Brabant-Noord,<=2009,84,73,12+
1,2021-09-08T10:30:00Z,2021-08-30,Veiligheidsregio,VR21,Brabant-Noord,<2004,86,75,18+
1,2021-09-08T10:30:00Z,2021-08-30,Veiligheidsregio,VR21,Brabant-Noord,2004-2009,64,48,12-17
1,2021-09-08T10:30:00Z,2021-08-30,Veiligheidsregio,VR22,Brabant-Zuidoost,<=2009,82,71,12+
1,2021-09-08T10:30:00Z,2021-08-30,Veiligheidsregio,VR22,Brabant-Zuidoost,<2004,84,73,18+
1,2021-09-08T10:30:00Z,2021-08-30,Veiligheidsregio,VR22,Brabant-Zuidoost,2004-2009,59,44,12-17
1,2021-09-08T10:30:00Z,2021-08-30,Veiligheidsregio,VR23,Limburg-Noord,<=2009,82,71,12+
1,2021-09-08T10:30:00Z,2021-08-30,Veiligheidsregio,VR23,Limburg-Noord,<2004,84,73,18+
1,2021-09-08T10:30:00Z,2021-08-30,Veiligheidsregio,VR23,Limburg-Noord,2004-2009,56,43,12-17
1,2021-09-08T10:30:00Z,2021-08-30,Veiligheidsregio,VR24,Limburg-Zuid,<=2009,78,69,12+
1,2021-09-08T10:30:00Z,2021-08-30,Veiligheidsregio,VR24,Limburg-Zuid,<2004,80,71,18+
1,2021-09-08T10:30:00Z,2021-08-30,Veiligheidsregio,VR24,Limburg-Zuid,2004-2009,51,39,12-17
1,2021-09-08T10:30:00Z,2021-08-30,Veiligheidsregio,VR25,Flevoland,<=2009,70,60,12+
1,2021-09-08T10:30:00Z,2021-08-30,Veiligheidsregio,VR25,Flevoland,<2004,73,63,18+
1,2021-09-08T10:30:00Z,2021-08-30,Veiligheidsregio,VR25,Flevoland,2004-2009,39,27,12-17
