Version,Date_of_report,Date_of_statistics,Region_level,Region_code,Region_name,Birth_year,Vaccination_coverage_partly,Vaccination_coverage_completed,Age_group
4,2022-07-06T10:30:00Z,2022-06-27,Gemeente,GM0014,Groningen,<=2010,83,81,12+
4,2022-07-06T10:30:00Z,2022-06-27,Gemeente,GM0014,Groningen,<2005,84,82,18+
4,2022-07-06T10:30:00Z,2022-06-27,Gemeente,GM0014,Groningen,2005-2010,65,60,12-17
4,2022-07-06T10:30:00Z,2022-06-27,Gemeente,GM0034,Almere,<=2010,74,73,12+
4,2022-07-06T10:30:00Z,2022-06-27,Gemeente,GM0034,Almere,<2005,77,76,18+
4,2022-07-06T10:30:00Z,2022-06-27,Gemeente,GM0034,Almere,2005-2010,48,46,12-17
4,2022-07-06T10:30:00Z,2022-06-27,Gemeente,GM0037,Stadskanaal,<=2010,82,81,12+
4,2022-07-06T10:30:00Z,2022-06-27,Gemeente,GM0037,Stadskanaal,<2005,84,83,18+
4,2022-07-06T10:30:00Z,2022-06-27,Gemeente,GM0037,Stadskanaal,2005-2010,56,52,12-17
4,2022-07-06T10:30:00Z,2022-06-27,Gemeente,GM0047,Veendam,<=2010,83,82,12+
4,2022-07-06T10:30:00Z,2022-06-27,Gemeente,GM0047,Veendam,<2005,85,84,18+
4,2022-07-06T10:30:00Z,2022-06-27,Gemeente,GM0047,Veendam,2005-2010,61,60,12-17
4,2022-07-06T10:30:00Z,2022-06-27,Gemeente,GM0050,Zeewolde,<=2010,80,78,12+
4,2022-07-06T10:30:00Z,2022-06-27,Gemeente,GM0050,Zeewolde,<2005,81,80,18+
4,2022-07-06T10:30:00Z,2022-06-27,Gemeente,GM0050,Zeewolde,2005-2010,59,57,12-17
4,2022-07-06T10:30:00Z,2022-06-27,Gemeente,GM0059,Achtkarspelen,<=2010,75,74,12+
4,2022-07-06T10:30:00Z,2022-06-27,Gemeente,GM0059,Achtkarspelen,<2005,78,77,18+
4,2022-07-06T10:30:00Z,2022-06-27,Gemeente,GM0059,Achtkarspelen,2005-2010,45,44,12-17
4,2022-07-06T10:30:00Z,2022-06-27,Gemeente,GM0060,Ameland,<=2010,89,87,12+
4,2022-07-06T10:30:00Z,2022-06-27,Gemeente,GM0060,Ameland,<2005,90,89,18+
4,2022-07-06T10:30:00Z,2022-06-27,Gemeente,GM0060,Ameland,2005-2010,73,70,12-17
4,2022-07-06T10:30:00Z,2022-06-27,Gemeente,GM0072,Harlingen,<=2010,83,82,12+
4,2022-07-06T10:30:00Z,2022-06-27,Gemeente,GM0072,Harlingen,<2005,85,84,18+
4,2022-07-06T10:30:00Z,2022-06-27,Gemeente,GM0072,Harlingen,2005-2010,61,59,12-17
4,2022-07-06T10:30:00Z,2022-06-27,Gemeente,GM0074,Heerenveen,<=2010,83,81,12+
4,2022-07-06T10:30:00Z,2022-06-27,Gemeente,GM0074,Heerenveen,<2005,84,83,18+
4,2022-07-06T10:30:00Z,2022-06-27,Gemeente,GM0074,Heerenveen,2005-2010,61,59,12-17
4,2022-07-06T10:30:00Z,2022-06-27,Gemeente,GM0080,Leeuwarden,<=2010,80,79,12+
4,2022-07-06T10:30:00Z,2022-06-27,Gemeente,GM0080,Leeuwarden,<2005,82,80,18+
4,2022-07-06T10:30:00Z,2022-06-27,Gemeente,GM0080,Leeuwarden,2005-2010,56,54,12-17
4,2022-07-06T10:30:00Z,2022-06-27,Gemeente,GM0085,Ooststellingwerf,<=2010,82,81,12+
4,2022-07-06T10:30:00Z,2022-06-27,Gemeente,GM0085,Ooststellingwerf,<2005,84,83,18+
4,2022-07-06T10:30:00Z,2022-06-27,Gemeente,GM0085,Ooststellingwerf,2005-2010,58,56,12-17
4,2022-07-06T10:30:00Z,2022-06-27,Gemeente,GM0086,Opsterland,<=2010,81,80,12+
4,2022-07-06T10:30:00Z,2022-06-27,Gemeente,GM0086,Opsterland,<2005,83,82,18+
4,2022-07-06T10:30:00Z,2022-06-27,Gemeente,GM0086,Opsterland,2005-2010,55,53,12-17
4,2022-07-06T10:30:00Z,2022-06-27,Gemeente,GM0088,Schiermonnikoog,<=2010,9999,9999,12+
4,2022-07-06T10:30:00Z,2022-06-27,Gemeente,GM0088,Schiermonnikoog,<2005,90,90,18+
4,2022-07-06T10:30:00Z,2022-06-27,Gemeente,GM0088,Schiermonnikoog,2005-2010,9999,9999,12-17
4,2022-07-06T10:30:00Z,2022-06-27,Gemeente,GM0090,Smallingerland,<=2010,79,78,12+
4,2022-07-06T10:30:00Z,2022-06-27,Gemeente,GM0090,Smallingerland,<2005,81,80,18+
4,2022-07-06T10:30:00Z,2022-06-27,Gemeente,GM0090,Smallingerland,2005-2010,53,51,12-17
4,2022-07-06T10:30:00Z,2022-06-27,Gemeente,GM0093,Terschelling,<=2010,90,89,12+
4,2022-07-06T10:30:00Z,2022-06-27,Gemeente,GM0093,Terschelling,<2005,91,91,18+
4,2022-07-06T10:30:00Z,2022-06-27,Gemeente,GM0093,Terschelling,2005-2010,70,65,12-17
4,2022-07-06T10:30:00Z,2022-06-27,Gemeente,GM0096,Vlieland,<=2010,82,80,12+
4,2022-07-06T10:30:00Z,2022-06-27,Gemeente,GM0096,Vlieland,<2005,82,81,18+
4,2022-07-06T10:30:00Z,2022-06-27,Gemeente,GM0096,Vlieland,2005-2010,75,72,12-17
4,2022-07-06T10:30:00Z,2022-06-27,Gemeente,GM0098,Weststellingwerf,<=2010,82,81,12+
4,2022-07-06T10:30:00Z,2022-06-27,Gemeente,GM0098,Weststellingwerf,<2005,84,83,18+
4,2022-07-06T10:30:00Z,2022-06-27,Gemeente,GM0098,Weststellingwerf,2005-2010,58,56,12-17
4,2022-07-06T10:30:00Z,2022-06-27,Gemeente,GM0106,Assen,<=2010,85,84,12+
4,2022-07-06T10:30:00Z,2022-06-27,Gemeente,GM0106,Assen,<2005,87,86,18+
4,2022-07-06T10:30:00Z,2022-06-27,Gemeente,GM0106,Assen,2005-2010,66,63,12-17
4,2022-07-06T10:30:00Z,2022-06-27,Gemeente,GM0109,Coevorden,<=2010,86,85,12+
4,2022-07-06T10:30:00Z,2022-06-27,Gemeente,GM0109,Coevorden,<2005,88,87,18+
4,2022-07-06T10:30:00Z,2022-06-27,Gemeente,GM0109,Coevorden,2005-2010,64,61,12-17
4,2022-07-06T10:30:00Z,2022-06-27,Gemeente,GM0114,Emmen,<=2010,84,82,12+
4,2022-07-06T10:30:00Z,2022-06-27,Gemeente,GM0114,Emmen,<2005,86,84,18+
4,2022-07-06T10:30:00Z,2022-06-27,Gemeente,GM0114,Emmen,2005-2010,61,57,12-17
4,2022-07-06T10:30:00Z,2022-06-27,Gemeente,GM0118,Hoogeveen,<=2010,80,78,12+
4,2022-07-06T10:30:00Z,2022-06-27,Gemeente,GM0118,Hoogeveen,<2005,82,81,18+
4,2022-07-06T10:30:00Z,2022-06-27,Gemeente,GM0118,Hoogeveen,2005-2010,54,52,12-17
4,2022-07-06T10:30:00Z,2022-06-27,Gemeente,GM0119,Meppel,<=2010,84,83,12+
4,2022-07-06T10:30:00Z,2022-06-27,Gemeente,GM0119,Meppel,<2005,86,86,18+
4,2022-07-06T10:30:00Z,2022-06-27,Gemeente,GM0119,Meppel,2005-2010,65,62,12-17
4,2022-07-06T10:30:00Z,2022-06-27,Gemeente,GM0141,Almelo,<=2010,80,78,12+
4,2022-07-06T10:30:00Z,2022-06-27,Gemeente,GM0141,Almelo,<2005,82,81,18+
4,2022-07-06T10:30:00Z,2022-06-27,Gemeente,GM0141,Almelo,2005-2010,56,55,12-17
4,2022-07-06T10:30:00Z,2022-06-27,Gemeente,GM0147,Borne,<=2010,89,88,12+
4,2022-07-06T10:30:00Z,2022-06-27,Gemeente,GM0147,Borne,<2005,90,90,18+
4,2022-07-06T10:30:00Z,2022-06-27,Gemeente,GM0147,Borne,2005-2010,69,67,12-17
4,2022-07-06T10:30:00Z,2022-06-27,Gemeente,GM0148,Dalfsen,<=2010,88,87,12+
4,2022-07-06T10:30:00Z,2022-06-27,Gemeente,GM0148,Dalfsen,<2005,90,89,18+
4,2022-07-06T10:30:00Z,2022-06-27,Gemeente,GM0148,Dalfsen,2005-2010,68,66,12-17
4,2022-07-06T10:30:00Z,2022-06-27,Gemeente,GM0150,Deventer,<=2010,84,83,12+
4,2022-07-06T10:30:00Z,2022-06-27,Gemeente,GM0150,Deventer,<2005,86,85,18+
4,2022-07-06T10:30:00Z,2022-06-27,Gemeente,GM0150,Deventer,2005-2010,64,61,12-17
4,2022-07-06T10:30:00Z,2022-06-27,Gemeente,GM0153,Enschede,<=2010,78,77,12+
4,2022-07-06T10:30:00Z,2022-06-27,Gemeente,GM0153,Enschede,<2005,80,79,18+
4,2022-07-06T10:30:00Z,2022-06-27,Gemeente,GM0153,Enschede,2005-2010,54,52,12-17
4,2022-07-06T10:30:00Z,2022-06-27,Gemeente,GM0158,Haaksbergen,<=2010,88,87,12+
4,2022-07-06T10:30:00Z,2022-06-27,Gemeente,GM0158,Haaksbergen,<2005,89,88,18+
4,2022-07-06T10:30:00Z,2022-06-27,Gemeente,GM0158,Haaksbergen,2005-2010,71,69,12-17
4,2022-07-06T10:30:00Z,2022-06-27,Gemeente,GM0160,Hardenberg,<=2010,86,85,12+
4,2022-07-06T10:30:00Z,2022-06-27,Gemeente,GM0160,Hardenberg,<2005,88,87,18+
4,2022-07-06T10:30:00Z,2022-06-27,Gemeente,GM0160,Hardenberg,2005-2010,64,62,12-17
4,2022-07-06T10:30:00Z,2022-06-27,Gemeente,GM0163,Hellendoorn,<=2010,89,88,12+
4,2022-07-06T10:30:00Z,2022-06-27,Gemeente,GM0163,Hellendoorn,<2005,91,90,18+
4,2022-07-06T10:30:00Z,2022-06-27,Gemeente,GM0163,Hellendoorn,2005-2010,70,69,12-17
4,2022-07-06T10:30:00Z,2022-06-27,Gemeente,GM0164,Hengelo,<=2010,83,82,12+
4,2022-07-06T10:30:00Z,2022-06-27,Gemeente,GM0164,Hengelo,<2005,85,84,18+
4,2022-07-06T10:30:00Z,2022-06-27,Gemeente,GM0164,Hengelo,2005-2010,61,60,12-17
4,2022-07-06T10:30:00Z,2022-06-27,Gemeente,GM0166,Kampen,<=2010,79,78,12+
4,2022-07-06T10:30:00Z,2022-06-27,Gemeente,GM0166,Kampen,<2005,82,81,18+
4,2022-07-06T10:30:00Z,2022-06-27,Gemeente,GM0166,Kampen,2005-2010,54,52,12-17
4,2022-07-06T10:30:00Z,2022-06-27,Gemeente,GM0168,Losser,<=2010,88,87,12+
4,2022-07-06T10:30:00Z,2022-06-27,Gemeente,GM0168,Losser,<2005,89,88,18+
4,2022-07-06T10:30:00Z,2022-06-27,Gemeente,GM0168,Losser,2005-2010,68,67,12-17
4,2022-07-06T10:30:00Z,2022-06-27,Gemeente,GM0171,Noordoostpolder,<=2010,76,75,12+
4,2022-07-06T10:30:00Z,2022-06-27,Gemeente,GM0171,Noordoostpolder,<2005,79,78,18+
4,2022-07-06T10:30:00Z,2022-06-27,Gemeente,GM0171,Noordoostpolder,2005-2010,52,50,12-17
4,2022-07-06T10:30:00Z,2022-06-27,Gemeente,GM0173,Oldenzaal,<=2010,88,87,12+
4,2022-07-06T10:30:00Z,2022-06-27,Gemeente,GM0173,Oldenzaal,<2005,90,89,18+
4,2022-07-06T10:30:00Z,2022-06-27,Gemeente,GM0173,Oldenzaal,2005-2010,69,67,12-17
4,2022-07-06T10:30:00Z,2022-06-27,Gemeente,GM0175,Ommen,<=2010,86,85,12+
4,2022-07-06T10:30:00Z,2022-06-27,Gemeente,GM0175,Ommen,<2005,87,86,18+
4,2022-07-06T10:30:00Z,2022-06-27,Gemeente,GM0175,Ommen,2005-2010,66,65,12-17
4,2022-07-06T10:30:00Z,2022-06-27,Gemeente,GM0177,Raalte,<=2010,92,91,12+
4,2022-07-06T10:30:00Z,2022-06-27,Gemeente,GM0177,Raalte,<2005,93,92,18+
4,2022-07-06T10:30:00Z,2022-06-27,Gemeente,GM0177,Raalte,2005-2010,74,72,12-17
4,2022-07-06T10:30:00Z,2022-06-27,Gemeente,GM0180,Staphorst,<=2010,56,55,12+
4,2022-07-06T10:30:00Z,2022-06-27,Gemeente,GM0180,Staphorst,<2005,60,59,18+
4,2022-07-06T10:30:00Z,2022-06-27,Gemeente,GM0180,Staphorst,2005-2010,28,26,12-17
4,2022-07-06T10:30:00Z,2022-06-27,Gemeente,GM0183,Tubbergen,<=2010,90,89,12+
4,2022-07-06T10:30:00Z,2022-06-27,Gemeente,GM0183,Tubbergen,<2005,92,90,18+
4,2022-07-06T10:30:00Z,2022-06-27,Gemeente,GM0183,Tubbergen,2005-2010,72,71,12-17
4,2022-07-06T10:30:00Z,2022-06-27,Gemeente,GM0184,Urk,<=2010,30,30,12+
4,2022-07-06T10:30:00Z,2022-06-27,Gemeente,GM0184,Urk,<2005,34,33,18+
4,2022-07-06T10:30:00Z,2022-06-27,Gemeente,GM0184,Urk,2005-2010,9,9,12-17
4,2022-07-06T10:30:00Z,2022-06-27,Gemeente,GM0189,Wierden,<=2010,88,87,12+
4,2022-07-06T10:30:00Z,2022-06-27,Gemeente,GM0189,Wierden,<2005,90,89,18+
4,2022-07-06T10:30:00Z,2022-06-27,Gemeente,GM0189,Wierden,2005-2010,67,65,12-17
4,2022-07-06T10:30:00Z,2022-06-27,Gemeente,GM0193,Zwolle,<=2010,85,84,12+
4,2022-07-06T10:30:00Z,2022-06-27,Gemeente,GM0193,Zwolle,<2005,87,86,18+
4,2022-07-06T10:30:00Z,2022-06-27,Gemeente,GM0193,Zwolle,2005-2010,65,63,12-17
4,2022-07-06T10:30:00Z,2022-06-27,Gemeente,GM0197,Aalten,<=2010,89,87,12+
4,2022-07-06T10:30:00Z,2022-06-27,Gemeente,GM0197,Aalten,<2005,90,89,18+
4,2022-07-06T10:30:00Z,2022-06-27,Gemeente,GM0197,Aalten,2005-2010,72,68,12-17
4,2022-07-06T10:30:00Z,2022-06-27,Gemeente,GM0200,Apeldoorn,<=2010,83,81,12+
4,2022-07-06T10:30:00Z,2022-06-27,Gemeente,GM0200,Apeldoorn,<2005,84,83,18+
4,2022-07-06T10:30:00Z,2022-06-27,Gemeente,GM0200,Apeldoorn,2005-2010,61,59,12-17
4,2022-07-06T10:30:00Z,2022-06-27,Gemeente,GM0202,Arnhem,<=2010,79,78,12+
4,2022-07-06T10:30:00Z,2022-06-27,Gemeente,GM0202,Arnhem,<2005,81,80,18+
4,2022-07-06T10:30:00Z,2022-06-27,Gemeente,GM0202,Arnhem,2005-2010,57,55,12-17
4,2022-07-06T10:30:00Z,2022-06-27,Gemeente,GM0203,Barneveld,<=2010,68,67,12+
4,2022-07-06T10:30:00Z,2022-06-27,Gemeente,GM0203,Barneveld,<2005,71,70,18+
4,2022-07-06T10:30:00Z,2022-06-27,Gemeente,GM0203,Barneveld,2005-2010,39,38,12-17
4,2022-07-06T10:30:00Z,2022-06-27,Gemeente,GM0209,Beuningen,<=2010,90,89,12+
4,2022-07-06T10:30:00Z,2022-06-27,Gemeente,GM0209,Beuningen,<2005,91,90,18+
4,2022-07-06T10:30:00Z,2022-06-27,Gemeente,GM0209,Beuningen,2005-2010,73,70,12-17
4,2022-07-06T10:30:00Z,2022-06-27,Gemeente,GM0213,Brummen,<=2010,87,86,12+
4,2022-07-06T10:30:00Z,2022-06-27,Gemeente,GM0213,Brummen,<2005,89,88,18+
4,2022-07-06T10:30:00Z,2022-06-27,Gemeente,GM0213,Brummen,2005-2010,67,62,12-17
4,2022-07-06T10:30:00Z,2022-06-27,Gemeente,GM0214,Buren,<=2010,84,83,12+
4,2022-07-06T10:30:00Z,2022-06-27,Gemeente,GM0214,Buren,<2005,86,85,18+
4,2022-07-06T10:30:00Z,2022-06-27,Gemeente,GM0214,Buren,2005-2010,61,59,12-17
4,2022-07-06T10:30:00Z,2022-06-27,Gemeente,GM0216,Culemborg,<=2010,84,83,12+
4,2022-07-06T10:30:00Z,2022-06-27,Gemeente,GM0216,Culemborg,<2005,86,85,18+
4,2022-07-06T10:30:00Z,2022-06-27,Gemeente,GM0216,Culemborg,2005-2010,61,59,12-17
4,2022-07-06T10:30:00Z,2022-06-27,Gemeente,GM0221,Doesburg,<=2010,85,84,12+
4,2022-07-06T10:30:00Z,2022-06-27,Gemeente,GM0221,Doesburg,<2005,87,86,18+
4,2022-07-06T10:30:00Z,2022-06-27,Gemeente,GM0221,Doesburg,2005-2010,64,59,12-17
4,2022-07-06T10:30:00Z,2022-06-27,Gemeente,GM0222,Doetinchem,<=2010,86,85,12+
4,2022-07-06T10:30:00Z,2022-06-27,Gemeente,GM0222,Doetinchem,<2005,88,87,18+
4,2022-07-06T10:30:00Z,2022-06-27,Gemeente,GM0222,Doetinchem,2005-2010,64,61,12-17
4,2022-07-06T10:30:00Z,2022-06-27,Gemeente,GM0225,Druten,<=2010,89,88,12+
4,2022-07-06T10:30:00Z,2022-06-27,Gemeente,GM0225,Druten,<2005,90,89,18+
4,2022-07-06T10:30:00Z,2022-06-27,Gemeente,GM0225,Druten,2005-2010,70,69,12-17
4,2022-07-06T10:30:00Z,2022-06-27,Gemeente,GM0226,Duiven,<=2010,89,89,12+
4,2022-07-06T10:30:00Z,2022-06-27,Gemeente,GM0226,Duiven,<2005,91,90,18+
4,2022-07-06T10:30:00Z,2022-06-27,Gemeente,GM0226,Duiven,2005-2010,72,69,12-17
4,2022-07-06T10:30:00Z,2022-06-27,Gemeente,GM0228,Ede,<=2010,77,76,12+
4,2022-07-06T10:30:00Z,2022-06-27,Gemeente,GM0228,Ede,<2005,80,79,18+
4,2022-07-06T10:30:00Z,2022-06-27,Gemeente,GM0228,Ede,2005-2010,51,49,12-17
4,2022-07-06T10:30:00Z,2022-06-27,Gemeente,GM0230,Elburg,<=2010,81,79,12+
4,2022-07-06T10:30:00Z,2022-06-27,Gemeente,GM0230,Elburg,<2005,83,82,18+
4,2022-07-06T10:30:00Z,2022-06-27,Gemeente,GM0230,Elburg,2005-2010,54,51,12-17
4,2022-07-06T10:30:00Z,2022-06-27,Gemeente,GM0232,Epe,<=2010,85,83,12+
4,2022-07-06T10:30:00Z,2022-06-27,Gemeente,GM0232,Epe,<2005,86,85,18+
4,2022-07-06T10:30:00Z,2022-06-27,Gemeente,GM0232,Epe,2005-2010,61,59,12-17
4,2022-07-06T10:30:00Z,2022-06-27,Gemeente,GM0233,Ermelo,<=2010,81,78,12+
4,2022-07-06T10:30:00Z,2022-06-27,Gemeente,GM0233,Ermelo,<2005,83,81,18+
4,2022-07-06T10:30:00Z,2022-06-27,Gemeente,GM0233,Ermelo,2005-2010,56,53,12-17
4,2022-07-06T10:30:00Z,2022-06-27,Gemeente,GM0243,Harderwijk,<=2010,83,81,12+
4,2022-07-06T10:30:00Z,2022-06-27,Gemeente,GM0243,Harderwijk,<2005,85,83,18+
4,2022-07-06T10:30:00Z,2022-06-27,Gemeente,GM0243,Harderwijk,2005-2010,60,57,12-17
4,2022-07-06T10:30:00Z,2022-06-27,Gemeente,GM0244,Hattem,<=2010,88,87,12+
4,2022-07-06T10:30:00Z,2022-06-27,Gemeente,GM0244,Hattem,<2005,90,89,18+
4,2022-07-06T10:30:00Z,2022-06-27,Gemeente,GM0244,Hattem,2005-2010,70,68,12-17
4,2022-07-06T10:30:00Z,2022-06-27,Gemeente,GM0246,Heerde,<=2010,86,85,12+
4,2022-07-06T10:30:00Z,2022-06-27,Gemeente,GM0246,Heerde,<2005,88,87,18+
4,2022-07-06T10:30:00Z,2022-06-27,Gemeente,GM0246,Heerde,2005-2010,63,60,12-17
4,2022-07-06T10:30:00Z,2022-06-27,Gemeente,GM0252,Heumen,<=2010,91,90,12+
4,2022-07-06T10:30:00Z,2022-06-27,Gemeente,GM0252,Heumen,<2005,92,91,18+
4,2022-07-06T10:30:00Z,2022-06-27,Gemeente,GM0252,Heumen,2005-2010,72,70,12-17
4,2022-07-06T10:30:00Z,2022-06-27,Gemeente,GM0262,Lochem,<=2010,89,87,12+
4,2022-07-06T10:30:00Z,2022-06-27,Gemeente,GM0262,Lochem,<2005,90,89,18+
4,2022-07-06T10:30:00Z,2022-06-27,Gemeente,GM0262,Lochem,2005-2010,69,64,12-17
4,2022-07-06T10:30:00Z,2022-06-27,Gemeente,GM0263,Maasdriel,<=2010,83,82,12+
4,2022-07-06T10:30:00Z,2022-06-27,Gemeente,GM0263,Maasdriel,<2005,85,84,18+
4,2022-07-06T10:30:00Z,2022-06-27,Gemeente,GM0263,Maasdriel,2005-2010,65,62,12-17
4,2022-07-06T10:30:00Z,2022-06-27,Gemeente,GM0267,Nijkerk,<=2010,83,82,12+
4,2022-07-06T10:30:00Z,2022-06-27,Gemeente,GM0267,Nijkerk,<2005,86,85,18+
4,2022-07-06T10:30:00Z,2022-06-27,Gemeente,GM0267,Nijkerk,2005-2010,59,57,12-17
4,2022-07-06T10:30:00Z,2022-06-27,Gemeente,GM0268,Nijmegen,<=2010,85,83,12+
4,2022-07-06T10:30:00Z,2022-06-27,Gemeente,GM0268,Nijmegen,<2005,86,85,18+
4,2022-07-06T10:30:00Z,2022-06-27,Gemeente,GM0268,Nijmegen,2005-2010,62,60,12-17
4,2022-07-06T10:30:00Z,2022-06-27,Gemeente,GM0269,Oldebroek,<=2010,79,78,12+
4,2022-07-06T10:30:00Z,2022-06-27,Gemeente,GM0269,Oldebroek,<2005,82,81,18+
4,2022-07-06T10:30:00Z,2022-06-27,Gemeente,GM0269,Oldebroek,2005-2010,52,50,12-17
4,2022-07-06T10:30:00Z,2022-06-27,Gemeente,GM0273,Putten,<=2010,82,80,12+
4,2022-07-06T10:30:00Z,2022-06-27,Gemeente,GM0273,Putten,<2005,84,83,18+
4,2022-07-06T10:30:00Z,2022-06-27,Gemeente,GM0273,Putten,2005-2010,57,55,12-17
4,2022-07-06T10:30:00Z,2022-06-27,Gemeente,GM0274,Renkum,<=2010,88,87,12+
4,2022-07-06T10:30:00Z,2022-06-27,Gemeente,GM0274,Renkum,<2005,90,89,18+
4,2022-07-06T10:30:00Z,2022-06-27,Gemeente,GM0274,Renkum,2005-2010,71,68,12-17
4,2022-07-06T10:30:00Z,2022-06-27,Gemeente,GM0275,Rheden,<=2010,86,85,12+
4,2022-07-06T10:30:00Z,2022-06-27,Gemeente,GM0275,Rheden,<2005,88,87,18+
4,2022-07-06T10:30:00Z,2022-06-27,Gemeente,GM0275,Rheden,2005-2010,65,60,12-17
4,2022-07-06T10:30:00Z,2022-06-27,Gemeente,GM0277,Rozendaal,<=2010,92,91,12+
4,2022-07-06T10:30:00Z,2022-06-27,Gemeente,GM0277,Rozendaal,<2005,94,93,18+
4,2022-07-06T10:30:00Z,2022-06-27,Gemeente,GM0277,Rozendaal,2005-2010,81,76,12-17
4,2022-07-06T10:30:00Z,2022-06-27,Gemeente,GM0279,Scherpenzeel,<=2010,75,74,12+
4,2022-07-06T10:30:00Z,2022-06-27,Gemeente,GM0279,Scherpenzeel,<2005,77,77,18+
4,2022-07-06T10:30:00Z,2022-06-27,Gemeente,GM0279,Scherpenzeel,2005-2010,43,42,12-17
4,2022-07-06T10:30:00Z,2022-06-27,Gemeente,GM0281,Tiel,<=2010,80,78,12+
4,2022-07-06T10:30:00Z,2022-06-27,Gemeente,GM0281,Tiel,<2005,81,80,18+
4,2022-07-06T10:30:00Z,2022-06-27,Gemeente,GM0281,Tiel,2005-2010,57,54,12-17
4,2022-07-06T10:30:00Z,2022-06-27,Gemeente,GM0285,Voorst,<=2010,89,88,12+
4,2022-07-06T10:30:00Z,2022-06-27,Gemeente,GM0285,Voorst,<2005,91,90,18+
4,2022-07-06T10:30:00Z,2022-06-27,Gemeente,GM0285,Voorst,2005-2010,70,67,12-17
4,2022-07-06T10:30:00Z,2022-06-27,Gemeente,GM0289,Wageningen,<=2010,85,84,12+
4,2022-07-06T10:30:00Z,2022-06-27,Gemeente,GM0289,Wageningen,<2005,86,85,18+
4,2022-07-06T10:30:00Z,2022-06-27,Gemeente,GM0289,Wageningen,2005-2010,71,69,12-17
4,2022-07-06T10:30:00Z,2022-06-27,Gemeente,GM0293,Westervoort,<=2010,86,86,12+
4,2022-07-06T10:30:00Z,2022-06-27,Gemeente,GM0293,Westervoort,<2005,88,88,18+
4,2022-07-06T10:30:00Z,2022-06-27,Gemeente,GM0293,Westervoort,2005-2010,63,61,12-17
4,2022-07-06T10:30:00Z,2022-06-27,Gemeente,GM0294,Winterswijk,<=2010,87,85,12+
4,2022-07-06T10:30:00Z,2022-06-27,Gemeente,GM0294,Winterswijk,<2005,89,87,18+
4,2022-07-06T10:30:00Z,2022-06-27,Gemeente,GM0294,Winterswijk,2005-2010,65,62,12-17
4,2022-07-06T10:30:00Z,2022-06-27,Gemeente,GM0296,Wijchen,<=2010,90,89,12+
4,2022-07-06T10:30:00Z,2022-06-27,Gemeente,GM0296,Wijchen,<2005,91,90,18+
4,2022-07-06T10:30:00Z,2022-06-27,Gemeente,GM0296,Wijchen,2005-2010,73,71,12-17
4,2022-07-06T10:30:00Z,2022-06-27,Gemeente,GM0297,Zaltbommel,<=2010,76,75,12+
4,2022-07-06T10:30:00Z,2022-06-27,Gemeente,GM0297,Zaltbommel,<2005,78,77,18+
4,2022-07-06T10:30:00Z,2022-06-27,Gemeente,GM0297,Zaltbommel,2005-2010,52,50,12-17
4,2022-07-06T10:30:00Z,2022-06-27,Gemeente,GM0299,Zevenaar,<=2010,88,87,12+
4,2022-07-06T10:30:00Z,2022-06-27,Gemeente,GM0299,Zevenaar,<2005,89,89,18+
4,2022-07-06T10:30:00Z,2022-06-27,Gemeente,GM0299,Zevenaar,2005-2010,70,67,12-17
4,2022-07-06T10:30:00Z,2022-06-27,Gemeente,GM0301,Zutphen,<=2010,83,81,12+
4,2022-07-06T10:30:00Z,2022-06-27,Gemeente,GM0301,Zutphen,<2005,84,83,18+
4,2022-07-06T10:30:00Z,2022-06-27,Gemeente,GM0301,Zutphen,2005-2010,62,57,12-17
4,2022-07-06T10:30:00Z,2022-06-27,Gemeente,GM0302,Nunspeet,<=2010,73,71,12+
4,2022-07-06T10:30:00Z,2022-06-27,Gemeente,GM0302,Nunspeet,<2005,76,74,18+
4,2022-07-06T10:30:00Z,2022-06-27,Gemeente,GM0302,Nunspeet,2005-2010,46,44,12-17
4,2022-07-06T10:30:00Z,2022-06-27,Gemeente,GM0303,Dronten,<=2010,81,80,12+
4,2022-07-06T10:30:00Z,2022-06-27,Gemeente,GM0303,Dronten,<2005,83,82,18+
4,2022-07-06T10:30:00Z,2022-06-27,Gemeente,GM0303,Dronten,2005-2010,57,54,12-17
4,2022-07-06T10:30:00Z,2022-06-27,Gemeente,GM0307,Amersfoort,<=2010,84,83,12+
4,2022-07-06T10:30:00Z,2022-06-27,Gemeente,GM0307,Amersfoort,<2005,86,85,18+
4,2022-07-06T10:30:00Z,2022-06-27,Gemeente,GM0307,Amersfoort,2005-2010,62,60,12-17
4,2022-07-06T10:30:00Z,2022-06-27,Gemeente,GM0308,Baarn,<=2010,86,85,12+
4,2022-07-06T10:30:00Z,2022-06-27,Gemeente,GM0308,Baarn,<2005,88,87,18+
4,2022-07-06T10:30:00Z,2022-06-27,Gemeente,GM0308,Baarn,2005-2010,67,65,12-17
4,2022-07-06T10:30:00Z,2022-06-27,Gemeente,GM0310,De Bilt,<=2010,86,85,12+
4,2022-07-06T10:30:00Z,2022-06-27,Gemeente,GM0310,De Bilt,<2005,88,87,18+
4,2022-07-06T10:30:00Z,2022-06-27,Gemeente,GM0310,De Bilt,2005-2010,69,67,12-17
4,2022-07-06T10:30:00Z,2022-06-27,Gemeente,GM0312,Bunnik,<=2010,91,90,12+
4,2022-07-06T10:30:00Z,2022-06-27,Gemeente,GM0312,Bunnik,<2005,92,91,18+
4,2022-07-06T10:30:00Z,2022-06-27,Gemeente,GM0312,Bunnik,2005-2010,77,75,12-17
4,2022-07-06T10:30:00Z,2022-06-27,Gemeente,GM0313,Bunschoten,<=2010,81,80,12+
4,2022-07-06T10:30:00Z,2022-06-27,Gemeente,GM0313,Bunschoten,<2005,83,82,18+
4,2022-07-06T10:30:00Z,2022-06-27,Gemeente,GM0313,Bunschoten,2005-2010,55,53,12-17
4,2022-07-06T10:30:00Z,2022-06-27,Gemeente,GM0317,Eemnes,<=2010,87,86,12+
4,2022-07-06T10:30:00Z,2022-06-27,Gemeente,GM0317,Eemnes,<2005,89,88,18+
4,2022-07-06T10:30:00Z,2022-06-27,Gemeente,GM0317,Eemnes,2005-2010,68,67,12-17
4,2022-07-06T10:30:00Z,2022-06-27,Gemeente,GM0321,Houten,<=2010,89,89,12+
4,2022-07-06T10:30:00Z,2022-06-27,Gemeente,GM0321,Houten,<2005,91,90,18+
4,2022-07-06T10:30:00Z,2022-06-27,Gemeente,GM0321,Houten,2005-2010,74,72,12-17
4,2022-07-06T10:30:00Z,2022-06-27,Gemeente,GM0327,Leusden,<=2010,88,87,12+
4,2022-07-06T10:30:00Z,2022-06-27,Gemeente,GM0327,Leusden,<2005,90,89,18+
4,2022-07-06T10:30:00Z,2022-06-27,Gemeente,GM0327,Leusden,2005-2010,69,67,12-17
4,2022-07-06T10:30:00Z,2022-06-27,Gemeente,GM0331,Lopik,<=2010,84,83,12+
4,2022-07-06T10:30:00Z,2022-06-27,Gemeente,GM0331,Lopik,<2005,86,85,18+
4,2022-07-06T10:30:00Z,2022-06-27,Gemeente,GM0331,Lopik,2005-2010,64,63,12-17
4,2022-07-06T10:30:00Z,2022-06-27,Gemeente,GM0335,Montfoort,<=2010,85,85,12+
4,2022-07-06T10:30:00Z,2022-06-27,Gemeente,GM0335,Montfoort,<2005,88,87,18+
4,2022-07-06T10:30:00Z,2022-06-27,Gemeente,GM0335,Montfoort,2005-2010,62,61,12-17
4,2022-07-06T10:30:00Z,2022-06-27,Gemeente,GM0339,Renswoude,<=2010,70,69,12+
4,2022-07-06T10:30:00Z,2022-06-27,Gemeente,GM0339,Renswoude,<2005,73,72,18+
4,2022-07-06T10:30:00Z,2022-06-27,Gemeente,GM0339,Renswoude,2005-2010,48,45,12-17
4,2022-07-06T10:30:00Z,2022-06-27,Gemeente,GM0340,Rhenen,<=2010,76,74,12+
4,2022-07-06T10:30:00Z,2022-06-27,Gemeente,GM0340,Rhenen,<2005,78,77,18+
4,2022-07-06T10:30:00Z,2022-06-27,Gemeente,GM0340,Rhenen,2005-2010,48,46,12-17
4,2022-07-06T10:30:00Z,2022-06-27,Gemeente,GM0342,Soest,<=2010,84,83,12+
4,2022-07-06T10:30:00Z,2022-06-27,Gemeente,GM0342,Soest,<2005,86,85,18+
4,2022-07-06T10:30:00Z,2022-06-27,Gemeente,GM0342,Soest,2005-2010,62,61,12-17
4,2022-07-06T10:30:00Z,2022-06-27,Gemeente,GM0344,Utrecht,<=2010,82,81,12+
4,2022-07-06T10:30:00Z,2022-06-27,Gemeente,GM0344,Utrecht,<2005,84,83,18+
4,2022-07-06T10:30:00Z,2022-06-27,Gemeente,GM0344,Utrecht,2005-2010,57,55,12-17
4,2022-07-06T10:30:00Z,2022-06-27,Gemeente,GM0345,Veenendaal,<=2010,78,77,12+
4,2022-07-06T10:30:00Z,2022-06-27,Gemeente,GM0345,Veenendaal,<2005,81,80,18+
4,2022-07-06T10:30:00Z,2022-06-27,Gemeente,GM0345,Veenendaal,2005-2010,49,48,12-17
4,2022-07-06T10:30:00Z,2022-06-27,Gemeente,GM0351,Woudenberg,<=2010,79,78,12+
4,2022-07-06T10:30:00Z,2022-06-27,Gemeente,GM0351,Woudenberg,<2005,81,81,18+
4,2022-07-06T10:30:00Z,2022-06-27,Gemeente,GM0351,Woudenberg,2005-2010,52,51,12-17
4,2022-07-06T10:30:00Z,2022-06-27,Gemeente,GM0352,Wijk bij Duurstede,<=2010,88,87,12+
4,2022-07-06T10:30:00Z,2022-06-27,Gemeente,GM0352,Wijk bij Duurstede,<2005,90,89,18+
4,2022-07-06T10:30:00Z,2022-06-27,Gemeente,GM0352,Wijk bij Duurstede,2005-2010,68,66,12-17
4,2022-07-06T10:30:00Z,2022-06-27,Gemeente,GM0353,IJsselstein,<=2010,86,85,12+
4,2022-07-06T10:30:00Z,2022-06-27,Gemeente,GM0353,IJsselstein,<2005,88,87,18+
4,2022-07-06T10:30:00Z,2022-06-27,Gemeente,GM0353,IJsselstein,2005-2010,66,64,12-17
4,2022-07-06T10:30:00Z,2022-06-27,Gemeente,GM0355,Zeist,<=2010,84,83,12+
4,2022-07-06T10:30:00Z,2022-06-27,Gemeente,GM0355,Zeist,<2005,86,85,18+
4,2022-07-06T10:30:00Z,2022-06-27,Gemeente,GM0355,Zeist,2005-2010,64,62,12-17
4,2022-07-06T10:30:00Z,2022-06-27,Gemeente,GM0356,Nieuwegein,<=2010,84,83,12+
4,2022-07-06T10:30:00Z,2022-06-27,Gemeente,GM0356,Nieuwegein,<2005,86,85,18+
4,2022-07-06T10:30:00Z,2022-06-27,Gemeente,GM0356,Nieuwegein,2005-2010,60,58,12-17
4,2022-07-06T10:30:00Z,2022-06-27,Gemeente,GM0358,Aalsmeer,<=2010,84,83,12+
4,2022-07-06T10:30:00Z,2022-06-27,Gemeente,GM0358,Aalsmeer,<2005,86,85,18+
4,2022-07-06T10:30:00Z,2022-06-27,Gemeente,GM0358,Aalsmeer,2005-2010,67,65,12-17
4,2022-07-06T10:30:00Z,2022-06-27,Gemeente,GM0361,Alkmaar,<=2010,81,79,12+
4,2022-07-06T10:30:00Z,2022-06-27,Gemeente,GM0361,Alkmaar,<2005,82,81,18+
4,2022-07-06T10:30:00Z,2022-06-27,Gemeente,GM0361,Alkmaar,2005-2010,55,52,12-17
4,2022-07-06T10:30:00Z,2022-06-27,Gemeente,GM0362,Amstelveen,<=2010,81,80,12+
4,2022-07-06T10:30:00Z,2022-06-27,Gemeente,GM0362,Amstelveen,<2005,83,82,18+
4,2022-07-06T10:30:00Z,2022-06-27,Gemeente,GM0362,Amstelveen,2005-2010,65,62,12-17
4,2022-07-06T10:30:00Z,2022-06-27,Gemeente,GM0363,Amsterdam,<=2010,74,72,12+
4,2022-07-06T10:30:00Z,2022-06-27,Gemeente,GM0363,Amsterdam,<2005,76,74,18+
4,2022-07-06T10:30:00Z,2022-06-27,Gemeente,GM0363,Amsterdam,2005-2010,45,42,12-17
4,2022-07-06T10:30:00Z,2022-06-27,Gemeente,GM0373,Bergen (NH.),<=2010,84,81,12+
4,2022-07-06T10:30:00Z,2022-06-27,Gemeente,GM0373,Bergen (NH.),<2005,85,83,18+
4,2022-07-06T10:30:00Z,2022-06-27,Gemeente,GM0373,Bergen (NH.),2005-2010,61,57,12-17
4,2022-07-06T10:30:00Z,2022-06-27,Gemeente,GM0375,Beverwijk,<=2010,77,76,12+
4,2022-07-06T10:30:00Z,2022-06-27,Gemeente,GM0375,Beverwijk,<2005,79,78,18+
4,2022-07-06T10:30:00Z,2022-06-27,Gemeente,GM0375,Beverwijk,2005-2010,53,52,12-17
4,2022-07-06T10:30:00Z,2022-06-27,Gemeente,GM0376,Blaricum,<=2010,85,85,12+
4,2022-07-06T10:30:00Z,2022-06-27,Gemeente,GM0376,Blaricum,<2005,87,87,18+
4,2022-07-06T10:30:00Z,2022-06-27,Gemeente,GM0376,Blaricum,2005-2010,65,63,12-17
4,2022-07-06T10:30:00Z,2022-06-27,Gemeente,GM0377,Bloemendaal,<=2010,89,88,12+
4,2022-07-06T10:30:00Z,2022-06-27,Gemeente,GM0377,Bloemendaal,<2005,91,90,18+
4,2022-07-06T10:30:00Z,2022-06-27,Gemeente,GM0377,Bloemendaal,2005-2010,74,71,12-17
4,2022-07-06T10:30:00Z,2022-06-27,Gemeente,GM0383,Castricum,<=2010,87,85,12+
4,2022-07-06T10:30:00Z,2022-06-27,Gemeente,GM0383,Castricum,<2005,88,87,18+
4,2022-07-06T10:30:00Z,2022-06-27,Gemeente,GM0383,Castricum,2005-2010,65,61,12-17
4,2022-07-06T10:30:00Z,2022-06-27,Gemeente,GM0384,Diemen,<=2010,77,75,12+
4,2022-07-06T10:30:00Z,2022-06-27,Gemeente,GM0384,Diemen,<2005,78,77,18+
4,2022-07-06T10:30:00Z,2022-06-27,Gemeente,GM0384,Diemen,2005-2010,52,49,12-17
4,2022-07-06T10:30:00Z,2022-06-27,Gemeente,GM0385,Edam-Volendam,<=2010,79,77,12+
4,2022-07-06T10:30:00Z,2022-06-27,Gemeente,GM0385,Edam-Volendam,<2005,81,80,18+
4,2022-07-06T10:30:00Z,2022-06-27,Gemeente,GM0385,Edam-Volendam,2005-2010,49,48,12-17
4,2022-07-06T10:30:00Z,2022-06-27,Gemeente,GM0388,Enkhuizen,<=2010,79,78,12+
4,2022-07-06T10:30:00Z,2022-06-27,Gemeente,GM0388,Enkhuizen,<2005,81,80,18+
4,2022-07-06T10:30:00Z,2022-06-27,Gemeente,GM0388,Enkhuizen,2005-2010,55,54,12-17
4,2022-07-06T10:30:00Z,2022-06-27,Gemeente,GM0392,Haarlem,<=2010,81,80,12+
4,2022-07-06T10:30:00Z,2022-06-27,Gemeente,GM0392,Haarlem,<2005,83,82,18+
4,2022-07-06T10:30:00Z,2022-06-27,Gemeente,GM0392,Haarlem,2005-2010,59,57,12-17
4,2022-07-06T10:30:00Z,2022-06-27,Gemeente,GM0394,Haarlemmermeer,<=2010,82,81,12+
4,2022-07-06T10:30:00Z,2022-06-27,Gemeente,GM0394,Haarlemmermeer,<2005,84,83,18+
4,2022-07-06T10:30:00Z,2022-06-27,Gemeente,GM0394,Haarlemmermeer,2005-2010,61,59,12-17
4,2022-07-06T10:30:00Z,2022-06-27,Gemeente,GM0396,Heemskerk,<=2010,83,81,12+
4,2022-07-06T10:30:00Z,2022-06-27,Gemeente,GM0396,Heemskerk,<2005,85,83,18+
4,2022-07-06T10:30:00Z,2022-06-27,Gemeente,GM0396,Heemskerk,2005-2010,58,55,12-17
4,2022-07-06T10:30:00Z,2022-06-27,Gemeente,GM0397,Heemstede,<=2010,89,88,12+
4,2022-07-06T10:30:00Z,2022-06-27,Gemeente,GM0397,Heemstede,<2005,91,90,18+
4,2022-07-06T10:30:00Z,2022-06-27,Gemeente,GM0397,Heemstede,2005-2010,73,71,12-17
4,2022-07-06T10:30:00Z,2022-06-27,Gemeente,GM0399,Heiloo,<=2010,86,83,12+
4,2022-07-06T10:30:00Z,2022-06-27,Gemeente,GM0399,Heiloo,<2005,88,85,18+
4,2022-07-06T10:30:00Z,2022-06-27,Gemeente,GM0399,Heiloo,2005-2010,67,62,12-17
4,2022-07-06T10:30:00Z,2022-06-27,Gemeente,GM0400,Den Helder,<=2010,80,77,12+
4,2022-07-06T10:30:00Z,2022-06-27,Gemeente,GM0400,Den Helder,<2005,81,79,18+
4,2022-07-06T10:30:00Z,2022-06-27,Gemeente,GM0400,Den Helder,2005-2010,54,45,12-17
4,2022-07-06T10:30:00Z,2022-06-27,Gemeente,GM0402,Hilversum,<=2010,82,81,12+
4,2022-07-06T10:30:00Z,2022-06-27,Gemeente,GM0402,Hilversum,<2005,84,83,18+
4,2022-07-06T10:30:00Z,2022-06-27,Gemeente,GM0402,Hilversum,2005-2010,65,63,12-17
4,2022-07-06T10:30:00Z,2022-06-27,Gemeente,GM0405,Hoorn,<=2010,79,78,12+
4,2022-07-06T10:30:00Z,2022-06-27,Gemeente,GM0405,Hoorn,<2005,81,80,18+
4,2022-07-06T10:30:00Z,2022-06-27,Gemeente,GM0405,Hoorn,2005-2010,55,54,12-17
4,2022-07-06T10:30:00Z,2022-06-27,Gemeente,GM0406,Huizen,<=2010,83,82,12+
4,2022-07-06T10:30:00Z,2022-06-27,Gemeente,GM0406,Huizen,<2005,85,84,18+
4,2022-07-06T10:30:00Z,2022-06-27,Gemeente,GM0406,Huizen,2005-2010,57,55,12-17
4,2022-07-06T10:30:00Z,2022-06-27,Gemeente,GM0415,Landsmeer,<=2010,84,83,12+
4,2022-07-06T10:30:00Z,2022-06-27,Gemeente,GM0415,Landsmeer,<2005,86,85,18+
4,2022-07-06T10:30:00Z,2022-06-27,Gemeente,GM0415,Landsmeer,2005-2010,58,56,12-17
4,2022-07-06T10:30:00Z,2022-06-27,Gemeente,GM0417,Laren,<=2010,87,86,12+
4,2022-07-06T10:30:00Z,2022-06-27,Gemeente,GM0417,Laren,<2005,89,88,18+
4,2022-07-06T10:30:00Z,2022-06-27,Gemeente,GM0417,Laren,2005-2010,72,69,12-17
4,2022-07-06T10:30:00Z,2022-06-27,Gemeente,GM0420,Medemblik,<=2010,81,80,12+
4,2022-07-06T10:30:00Z,2022-06-27,Gemeente,GM0420,Medemblik,<2005,83,82,18+
4,2022-07-06T10:30:00Z,2022-06-27,Gemeente,GM0420,Medemblik,2005-2010,62,60,12-17
4,2022-07-06T10:30:00Z,2022-06-27,Gemeente,GM0431,Oostzaan,<=2010,84,83,12+
4,2022-07-06T10:30:00Z,2022-06-27,Gemeente,GM0431,Oostzaan,<2005,87,85,18+
4,2022-07-06T10:30:00Z,2022-06-27,Gemeente,GM0431,Oostzaan,2005-2010,58,57,12-17
4,2022-07-06T10:30:00Z,2022-06-27,Gemeente,GM0432,Opmeer,<=2010,81,80,12+
4,2022-07-06T10:30:00Z,2022-06-27,Gemeente,GM0432,Opmeer,<2005,83,82,18+
4,2022-07-06T10:30:00Z,2022-06-27,Gemeente,GM0432,Opmeer,2005-2010,61,59,12-17
4,2022-07-06T10:30:00Z,2022-06-27,Gemeente,GM0437,Ouder-Amstel,<=2010,83,81,12+
4,2022-07-06T10:30:00Z,2022-06-27,Gemeente,GM0437,Ouder-Amstel,<2005,84,83,18+
4,2022-07-06T10:30:00Z,2022-06-27,Gemeente,GM0437,Ouder-Amstel,2005-2010,70,67,12-17
4,2022-07-06T10:30:00Z,2022-06-27,Gemeente,GM0439,Purmerend,<=2010,82,80,12+
4,2022-07-06T10:30:00Z,2022-06-27,Gemeente,GM0439,Purmerend,<2005,84,82,18+
4,2022-07-06T10:30:00Z,2022-06-27,Gemeente,GM0439,Purmerend,2005-2010,55,54,12-17
4,2022-07-06T10:30:00Z,2022-06-27,Gemeente,GM0441,Schagen,<=2010,83,82,12+
4,2022-07-06T10:30:00Z,2022-06-27,Gemeente,GM0441,Schagen,<2005,85,84,18+
4,2022-07-06T10:30:00Z,2022-06-27,Gemeente,GM0441,Schagen,2005-2010,62,56,12-17
4,2022-07-06T10:30:00Z,2022-06-27,Gemeente,GM0448,Texel,<=2010,85,84,12+
4,2022-07-06T10:30:00Z,2022-06-27,Gemeente,GM0448,Texel,<2005,86,85,18+
4,2022-07-06T10:30:00Z,2022-06-27,Gemeente,GM0448,Texel,2005-2010,68,63,12-17
4,2022-07-06T10:30:00Z,2022-06-27,Gemeente,GM0450,Uitgeest,<=2010,87,86,12+
4,2022-07-06T10:30:00Z,2022-06-27,Gemeente,GM0450,Uitgeest,<2005,88,87,18+
4,2022-07-06T10:30:00Z,2022-06-27,Gemeente,GM0450,Uitgeest,2005-2010,70,67,12-17
4,2022-07-06T10:30:00Z,2022-06-27,Gemeente,GM0451,Uithoorn,<=2010,83,82,12+
4,2022-07-06T10:30:00Z,2022-06-27,Gemeente,GM0451,Uithoorn,<2005,85,84,18+
4,2022-07-06T10:30:00Z,2022-06-27,Gemeente,GM0451,Uithoorn,2005-2010,61,58,12-17
4,2022-07-06T10:30:00Z,2022-06-27,Gemeente,GM0453,Velsen,<=2010,82,80,12+
4,2022-07-06T10:30:00Z,2022-06-27,Gemeente,GM0453,Velsen,<2005,83,82,18+
4,2022-07-06T10:30:00Z,2022-06-27,Gemeente,GM0453,Velsen,2005-2010,60,58,12-17
4,2022-07-06T10:30:00Z,2022-06-27,Gemeente,GM0473,Zandvoort,<=2010,82,81,12+
4,2022-07-06T10:30:00Z,2022-06-27,Gemeente,GM0473,Zandvoort,<2005,83,82,18+
4,2022-07-06T10:30:00Z,2022-06-27,Gemeente,GM0473,Zandvoort,2005-2010,61,58,12-17
4,2022-07-06T10:30:00Z,2022-06-27,Gemeente,GM0479,Zaanstad,<=2010,77,76,12+
4,2022-07-06T10:30:00Z,2022-06-27,Gemeente,GM0479,Zaanstad,<2005,79,78,18+
4,2022-07-06T10:30:00Z,2022-06-27,Gemeente,GM0479,Zaanstad,2005-2010,51,49,12-17
4,2022-07-06T10:30:00Z,2022-06-27,Gemeente,GM0482,Alblasserdam,<=2010,72,71,12+
4,2022-07-06T10:30:00Z,2022-06-27,Gemeente,GM0482,Alblasserdam,<2005,75,74,18+
4,2022-07-06T10:30:00Z,2022-06-27,Gemeente,GM0482,Alblasserdam,2005-2010,41,40,12-17
4,2022-07-06T10:30:00Z,2022-06-27,Gemeente,GM0484,Alphen aan den Rijn,<=2010,83,83,12+
4,2022-07-06T10:30:00Z,2022-06-27,Gemeente,GM0484,Alphen aan den Rijn,<2005,85,85,18+
4,2022-07-06T10:30:00Z,2022-06-27,Gemeente,GM0484,Alphen aan den Rijn,2005-2010,59,58,12-17
4,2022-07-06T10:30:00Z,2022-06-27,Gemeente,GM0489,Barendrecht,<=2010,82,81,12+
4,2022-07-06T10:30:00Z,2022-06-27,Gemeente,GM0489,Barendrecht,<2005,85,84,18+
4,2022-07-06T10:30:00Z,2022-06-27,Gemeente,GM0489,Barendrecht,2005-2010,58,56,12-17
4,2022-07-06T10:30:00Z,2022-06-27,Gemeente,GM0498,Drechterland,<=2010,83,82,12+
4,2022-07-06T10:30:00Z,2022-06-27,Gemeente,GM0498,Drechterland,<2005,85,84,18+
4,2022-07-06T10:30:00Z,2022-06-27,Gemeente,GM0498,Drechterland,2005-2010,62,61,12-17
4,2022-07-06T10:30:00Z,2022-06-27,Gemeente,GM0501,Brielle,<=2010,84,83,12+
4,2022-07-06T10:30:00Z,2022-06-27,Gemeente,GM0501,Brielle,<2005,85,85,18+
4,2022-07-06T10:30:00Z,2022-06-27,Gemeente,GM0501,Brielle,2005-2010,65,63,12-17
4,2022-07-06T10:30:00Z,2022-06-27,Gemeente,GM0502,Capelle aan den IJssel,<=2010,76,75,12+
4,2022-07-06T10:30:00Z,2022-06-27,Gemeente,GM0502,Capelle aan den IJssel,<2005,78,77,18+
4,2022-07-06T10:30:00Z,2022-06-27,Gemeente,GM0502,Capelle aan den IJssel,2005-2010,47,45,12-17
4,2022-07-06T10:30:00Z,2022-06-27,Gemeente,GM0503,Delft,<=2010,81,80,12+
4,2022-07-06T10:30:00Z,2022-06-27,Gemeente,GM0503,Delft,<2005,82,81,18+
4,2022-07-06T10:30:00Z,2022-06-27,Gemeente,GM0503,Delft,2005-2010,58,56,12-17
4,2022-07-06T10:30:00Z,2022-06-27,Gemeente,GM0505,Dordrecht,<=2010,78,77,12+
4,2022-07-06T10:30:00Z,2022-06-27,Gemeente,GM0505,Dordrecht,<2005,80,79,18+
4,2022-07-06T10:30:00Z,2022-06-27,Gemeente,GM0505,Dordrecht,2005-2010,52,50,12-17
4,2022-07-06T10:30:00Z,2022-06-27,Gemeente,GM0512,Gorinchem,<=2010,80,78,12+
4,2022-07-06T10:30:00Z,2022-06-27,Gemeente,GM0512,Gorinchem,<2005,81,80,18+
4,2022-07-06T10:30:00Z,2022-06-27,Gemeente,GM0512,Gorinchem,2005-2010,56,55,12-17
4,2022-07-06T10:30:00Z,2022-06-27,Gemeente,GM0513,Gouda,<=2010,80,79,12+
4,2022-07-06T10:30:00Z,2022-06-27,Gemeente,GM0513,Gouda,<2005,82,81,18+
4,2022-07-06T10:30:00Z,2022-06-27,Gemeente,GM0513,Gouda,2005-2010,53,51,12-17
4,2022-07-06T10:30:00Z,2022-06-27,Gemeente,GM0518,'s-Gravenhage,<=2010,72,71,12+
4,2022-07-06T10:30:00Z,2022-06-27,Gemeente,GM0518,'s-Gravenhage,<2005,74,73,18+
4,2022-07-06T10:30:00Z,2022-06-27,Gemeente,GM0518,'s-Gravenhage,2005-2010,49,47,12-17
4,2022-07-06T10:30:00Z,2022-06-27,Gemeente,GM0523,Hardinxveld-Giessendam,<=2010,73,72,12+
4,2022-07-06T10:30:00Z,2022-06-27,Gemeente,GM0523,Hardinxveld-Giessendam,<2005,76,75,18+
4,2022-07-06T10:30:00Z,2022-06-27,Gemeente,GM0523,Hardinxveld-Giessendam,2005-2010,45,44,12-17
4,2022-07-06T10:30:00Z,2022-06-27,Gemeente,GM0530,Hellevoetsluis,<=2010,81,80,12+
4,2022-07-06T10:30:00Z,2022-06-27,Gemeente,GM0530,Hellevoetsluis,<2005,83,82,18+
4,2022-07-06T10:30:00Z,2022-06-27,Gemeente,GM0530,Hellevoetsluis,2005-2010,59,57,12-17
4,2022-07-06T10:30:00Z,2022-06-27,Gemeente,GM0531,Hendrik-Ido-Ambacht,<=2010,80,79,12+
4,2022-07-06T10:30:00Z,2022-06-27,Gemeente,GM0531,Hendrik-Ido-Ambacht,<2005,83,82,18+
4,2022-07-06T10:30:00Z,2022-06-27,Gemeente,GM0531,Hendrik-Ido-Ambacht,2005-2010,54,52,12-17
4,2022-07-06T10:30:00Z,2022-06-27,Gemeente,GM0532,Stede Broec,<=2010,82,81,12+
4,2022-07-06T10:30:00Z,2022-06-27,Gemeente,GM0532,Stede Broec,<2005,84,83,18+
4,2022-07-06T10:30:00Z,2022-06-27,Gemeente,GM0532,Stede Broec,2005-2010,59,57,12-17
4,2022-07-06T10:30:00Z,2022-06-27,Gemeente,GM0534,Hillegom,<=2010,85,84,12+
4,2022-07-06T10:30:00Z,2022-06-27,Gemeente,GM0534,Hillegom,<2005,87,86,18+
4,2022-07-06T10:30:00Z,2022-06-27,Gemeente,GM0534,Hillegom,2005-2010,63,60,12-17
4,2022-07-06T10:30:00Z,2022-06-27,Gemeente,GM0537,Katwijk,<=2010,82,81,12+
4,2022-07-06T10:30:00Z,2022-06-27,Gemeente,GM0537,Katwijk,<2005,84,83,18+
4,2022-07-06T10:30:00Z,2022-06-27,Gemeente,GM0537,Katwijk,2005-2010,56,54,12-17
4,2022-07-06T10:30:00Z,2022-06-27,Gemeente,GM0542,Krimpen aan den IJssel,<=2010,76,75,12+
4,2022-07-06T10:30:00Z,2022-06-27,Gemeente,GM0542,Krimpen aan den IJssel,<2005,79,78,18+
4,2022-07-06T10:30:00Z,2022-06-27,Gemeente,GM0542,Krimpen aan den IJssel,2005-2010,47,46,12-17
4,2022-07-06T10:30:00Z,2022-06-27,Gemeente,GM0546,Leiden,<=2010,85,84,12+
4,2022-07-06T10:30:00Z,2022-06-27,Gemeente,GM0546,Leiden,<2005,86,85,18+
4,2022-07-06T10:30:00Z,2022-06-27,Gemeente,GM0546,Leiden,2005-2010,63,61,12-17
4,2022-07-06T10:30:00Z,2022-06-27,Gemeente,GM0547,Leiderdorp,<=2010,88,87,12+
4,2022-07-06T10:30:00Z,2022-06-27,Gemeente,GM0547,Leiderdorp,<2005,90,89,18+
4,2022-07-06T10:30:00Z,2022-06-27,Gemeente,GM0547,Leiderdorp,2005-2010,68,67,12-17
4,2022-07-06T10:30:00Z,2022-06-27,Gemeente,GM0553,Lisse,<=2010,86,85,12+
4,2022-07-06T10:30:00Z,2022-06-27,Gemeente,GM0553,Lisse,<2005,87,87,18+
4,2022-07-06T10:30:00Z,2022-06-27,Gemeente,GM0553,Lisse,2005-2010,64,62,12-17
4,2022-07-06T10:30:00Z,2022-06-27,Gemeente,GM0556,Maassluis,<=2010,78,77,12+
4,2022-07-06T10:30:00Z,2022-06-27,Gemeente,GM0556,Maassluis,<2005,80,79,18+
4,2022-07-06T10:30:00Z,2022-06-27,Gemeente,GM0556,Maassluis,2005-2010,48,47,12-17
4,2022-07-06T10:30:00Z,2022-06-27,Gemeente,GM0569,Nieuwkoop,<=2010,86,85,12+
4,2022-07-06T10:30:00Z,2022-06-27,Gemeente,GM0569,Nieuwkoop,<2005,88,87,18+
4,2022-07-06T10:30:00Z,2022-06-27,Gemeente,GM0569,Nieuwkoop,2005-2010,66,64,12-17
4,2022-07-06T10:30:00Z,2022-06-27,Gemeente,GM0575,Noordwijk,<=2010,85,84,12+
4,2022-07-06T10:30:00Z,2022-06-27,Gemeente,GM0575,Noordwijk,<2005,87,86,18+
4,2022-07-06T10:30:00Z,2022-06-27,Gemeente,GM0575,Noordwijk,2005-2010,64,62,12-17
4,2022-07-06T10:30:00Z,2022-06-27,Gemeente,GM0579,Oegstgeest,<=2010,89,89,12+
4,2022-07-06T10:30:00Z,2022-06-27,Gemeente,GM0579,Oegstgeest,<2005,91,90,18+
4,2022-07-06T10:30:00Z,2022-06-27,Gemeente,GM0579,Oegstgeest,2005-2010,75,73,12-17
4,2022-07-06T10:30:00Z,2022-06-27,Gemeente,GM0589,Oudewater,<=2010,87,86,12+
4,2022-07-06T10:30:00Z,2022-06-27,Gemeente,GM0589,Oudewater,<2005,89,88,18+
4,2022-07-06T10:30:00Z,2022-06-27,Gemeente,GM0589,Oudewater,2005-2010,63,62,12-17
4,2022-07-06T10:30:00Z,2022-06-27,Gemeente,GM0590,Papendrecht,<=2010,83,82,12+
4,2022-07-06T10:30:00Z,2022-06-27,Gemeente,GM0590,Papendrecht,<2005,86,85,18+
4,2022-07-06T10:30:00Z,2022-06-27,Gemeente,GM0590,Papendrecht,2005-2010,58,56,12-17
4,2022-07-06T10:30:00Z,2022-06-27,Gemeente,GM0597,Ridderkerk,<=2010,79,77,12+
4,2022-07-06T10:30:00Z,2022-06-27,Gemeente,GM0597,Ridderkerk,<2005,81,80,18+
4,2022-07-06T10:30:00Z,2022-06-27,Gemeente,GM0597,Ridderkerk,2005-2010,48,47,12-17
4,2022-07-06T10:30:00Z,2022-06-27,Gemeente,GM0599,Rotterdam,<=2010,70,69,12+
4,2022-07-06T10:30:00Z,2022-06-27,Gemeente,GM0599,Rotterdam,<2005,72,71,18+
4,2022-07-06T10:30:00Z,2022-06-27,Gemeente,GM0599,Rotterdam,2005-2010,39,38,12-17
4,2022-07-06T10:30:00Z,2022-06-27,Gemeente,GM0603,Rijswijk,<=2010,80,79,12+
4,2022-07-06T10:30:00Z,2022-06-27,Gemeente,GM0603,Rijswijk,<2005,82,81,18+
4,2022-07-06T10:30:00Z,2022-06-27,Gemeente,GM0603,Rijswijk,2005-2010,53,51,12-17
4,2022-07-06T10:30:00Z,2022-06-27,Gemeente,GM0606,Schiedam,<=2010,73,72,12+
4,2022-07-06T10:30:00Z,2022-06-27,Gemeente,GM0606,Schiedam,<2005,75,74,18+
4,2022-07-06T10:30:00Z,2022-06-27,Gemeente,GM0606,Schiedam,2005-2010,44,43,12-17
4,2022-07-06T10:30:00Z,2022-06-27,Gemeente,GM0610,Sliedrecht,<=2010,77,76,12+
4,2022-07-06T10:30:00Z,2022-06-27,Gemeente,GM0610,Sliedrecht,<2005,80,78,18+
4,2022-07-06T10:30:00Z,2022-06-27,Gemeente,GM0610,Sliedrecht,2005-2010,46,45,12-17
4,2022-07-06T10:30:00Z,2022-06-27,Gemeente,GM0613,Albrandswaard,<=2010,84,82,12+
4,2022-07-06T10:30:00Z,2022-06-27,Gemeente,GM0613,Albrandswaard,<2005,86,85,18+
4,2022-07-06T10:30:00Z,2022-06-27,Gemeente,GM0613,Albrandswaard,2005-2010,63,61,12-17
4,2022-07-06T10:30:00Z,2022-06-27,Gemeente,GM0614,Westvoorne,<=2010,87,86,12+
4,2022-07-06T10:30:00Z,2022-06-27,Gemeente,GM0614,Westvoorne,<2005,88,88,18+
4,2022-07-06T10:30:00Z,2022-06-27,Gemeente,GM0614,Westvoorne,2005-2010,66,65,12-17
4,2022-07-06T10:30:00Z,2022-06-27,Gemeente,GM0622,Vlaardingen,<=2010,76,75,12+
4,2022-07-06T10:30:00Z,2022-06-27,Gemeente,GM0622,Vlaardingen,<2005,78,77,18+
4,2022-07-06T10:30:00Z,2022-06-27,Gemeente,GM0622,Vlaardingen,2005-2010,48,46,12-17
4,2022-07-06T10:30:00Z,2022-06-27,Gemeente,GM0626,Voorschoten,<=2010,89,88,12+
4,2022-07-06T10:30:00Z,2022-06-27,Gemeente,GM0626,Voorschoten,<2005,90,90,18+
4,2022-07-06T10:30:00Z,2022-06-27,Gemeente,GM0626,Voorschoten,2005-2010,73,72,12-17
4,2022-07-06T10:30:00Z,2022-06-27,Gemeente,GM0627,Waddinxveen,<=2010,81,80,12+
4,2022-07-06T10:30:00Z,2022-06-27,Gemeente,GM0627,Waddinxveen,<2005,83,82,18+
4,2022-07-06T10:30:00Z,2022-06-27,Gemeente,GM0627,Waddinxveen,2005-2010,55,53,12-17
4,2022-07-06T10:30:00Z,2022-06-27,Gemeente,GM0629,Wassenaar,<=2010,85,84,12+
4,2022-07-06T10:30:00Z,2022-06-27,Gemeente,GM0629,Wassenaar,<2005,87,85,18+
4,2022-07-06T10:30:00Z,2022-06-27,Gemeente,GM0629,Wassenaar,2005-2010,69,68,12-17
4,2022-07-06T10:30:00Z,2022-06-27,Gemeente,GM0632,Woerden,<=2010,86,86,12+
4,2022-07-06T10:30:00Z,2022-06-27,Gemeente,GM0632,Woerden,<2005,88,88,18+
4,2022-07-06T10:30:00Z,2022-06-27,Gemeente,GM0632,Woerden,2005-2010,66,64,12-17
4,2022-07-06T10:30:00Z,2022-06-27,Gemeente,GM0637,Zoetermeer,<=2010,81,80,12+
4,2022-07-06T10:30:00Z,2022-06-27,Gemeente,GM0637,Zoetermeer,<2005,83,82,18+
4,2022-07-06T10:30:00Z,2022-06-27,Gemeente,GM0637,Zoetermeer,2005-2010,56,54,12-17
4,2022-07-06T10:30:00Z,2022-06-27,Gemeente,GM0638,Zoeterwoude,<=2010,88,88,12+
4,2022-07-06T10:30:00Z,2022-06-27,Gemeente,GM0638,Zoeterwoude,<2005,90,89,18+
4,2022-07-06T10:30:00Z,2022-06-27,Gemeente,GM0638,Zoeterwoude,2005-2010,69,67,12-17
4,2022-07-06T10:30:00Z,2022-06-27,Gemeente,GM0642,Zwijndrecht,<=2010,79,78,12+
4,2022-07-06T10:30:00Z,2022-06-27,Gemeente,GM0642,Zwijndrecht,<2005,82,81,18+
4,2022-07-06T10:30:00Z,2022-06-27,Gemeente,GM0642,Zwijndrecht,2005-2010,50,49,12-17
4,2022-07-06T10:30:00Z,2022-06-27,Gemeente,GM0654,Borsele,<=2010,78,77,12+
4,2022-07-06T10:30:00Z,2022-06-27,Gemeente,GM0654,Borsele,<2005,80,79,18+
4,2022-07-06T10:30:00Z,2022-06-27,Gemeente,GM0654,Borsele,2005-2010,52,47,12-17
4,2022-07-06T10:30:00Z,2022-06-27,Gemeente,GM0664,Goes,<=2010,83,81,12+
4,2022-07-06T10:30:00Z,2022-06-27,Gemeente,GM0664,Goes,<2005,84,83,18+
4,2022-07-06T10:30:00Z,2022-06-27,Gemeente,GM0664,Goes,2005-2010,60,53,12-17
4,2022-07-06T10:30:00Z,2022-06-27,Gemeente,GM0668,West Maas en Waal,<=2010,89,88,12+
4,2022-07-06T10:30:00Z,2022-06-27,Gemeente,GM0668,West Maas en Waal,<2005,91,90,18+
4,2022-07-06T10:30:00Z,2022-06-27,Gemeente,GM0668,West Maas en Waal,2005-2010,72,69,12-17
4,2022-07-06T10:30:00Z,2022-06-27,Gemeente,GM0677,Hulst,<=2010,86,85,12+
4,2022-07-06T10:30:00Z,2022-06-27,Gemeente,GM0677,Hulst,<2005,88,86,18+
4,2022-07-06T10:30:00Z,2022-06-27,Gemeente,GM0677,Hulst,2005-2010,67,61,12-17
4,2022-07-06T10:30:00Z,2022-06-27,Gemeente,GM0678,Kapelle,<=2010,84,82,12+
4,2022-07-06T10:30:00Z,2022-06-27,Gemeente,GM0678,Kapelle,<2005,86,85,18+
4,2022-07-06T10:30:00Z,2022-06-27,Gemeente,GM0678,Kapelle,2005-2010,60,54,12-17
4,2022-07-06T10:30:00Z,2022-06-27,Gemeente,GM0687,Middelburg,<=2010,80,78,12+
4,2022-07-06T10:30:00Z,2022-06-27,Gemeente,GM0687,Middelburg,<2005,81,80,18+
4,2022-07-06T10:30:00Z,2022-06-27,Gemeente,GM0687,Middelburg,2005-2010,56,51,12-17
4,2022-07-06T10:30:00Z,2022-06-27,Gemeente,GM0703,Reimerswaal,<=2010,62,60,12+
4,2022-07-06T10:30:00Z,2022-06-27,Gemeente,GM0703,Reimerswaal,<2005,65,63,18+
4,2022-07-06T10:30:00Z,2022-06-27,Gemeente,GM0703,Reimerswaal,2005-2010,35,31,12-17
4,2022-07-06T10:30:00Z,2022-06-27,Gemeente,GM0715,Terneuzen,<=2010,81,80,12+
4,2022-07-06T10:30:00Z,2022-06-27,Gemeente,GM0715,Terneuzen,<2005,83,82,18+
4,2022-07-06T10:30:00Z,2022-06-27,Gemeente,GM0715,Terneuzen,2005-2010,60,55,12-17
4,2022-07-06T10:30:00Z,2022-06-27,Gemeente,GM0716,Tholen,<=2010,70,68,12+
4,2022-07-06T10:30:00Z,2022-06-27,Gemeente,GM0716,Tholen,<2005,73,71,18+
4,2022-07-06T10:30:00Z,2022-06-27,Gemeente,GM0716,Tholen,2005-2010,43,40,12-17
4,2022-07-06T10:30:00Z,2022-06-27,Gemeente,GM0717,Veere,<=2010,82,81,12+
4,2022-07-06T10:30:00Z,2022-06-27,Gemeente,GM0717,Veere,<2005,84,83,18+
4,2022-07-06T10:30:00Z,2022-06-27,Gemeente,GM0717,Veere,2005-2010,53,49,12-17
4,2022-07-06T10:30:00Z,2022-06-27,Gemeente,GM0718,Vlissingen,<=2010,77,76,12+
4,2022-07-06T10:30:00Z,2022-06-27,Gemeente,GM0718,Vlissingen,<2005,79,78,18+
4,2022-07-06T10:30:00Z,2022-06-27,Gemeente,GM0718,Vlissingen,2005-2010,51,48,12-17
4,2022-07-06T10:30:00Z,2022-06-27,Gemeente,GM0736,De Ronde Venen,<=2010,85,84,12+
4,2022-07-06T10:30:00Z,2022-06-27,Gemeente,GM0736,De Ronde Venen,<2005,87,86,18+
4,2022-07-06T10:30:00Z,2022-06-27,Gemeente,GM0736,De Ronde Venen,2005-2010,65,63,12-17
4,2022-07-06T10:30:00Z,2022-06-27,Gemeente,GM0737,Tytsjerksteradiel,<=2010,80,79,12+
4,2022-07-06T10:30:00Z,2022-06-27,Gemeente,GM0737,Tytsjerksteradiel,<2005,83,82,18+
4,2022-07-06T10:30:00Z,2022-06-27,Gemeente,GM0737,Tytsjerksteradiel,2005-2010,53,51,12-17
4,2022-07-06T10:30:00Z,2022-06-27,Gemeente,GM0743,Asten,<=2010,87,85,12+
4,2022-07-06T10:30:00Z,2022-06-27,Gemeente,GM0743,Asten,<2005,88,87,18+
4,2022-07-06T10:30:00Z,2022-06-27,Gemeente,GM0743,Asten,2005-2010,71,62,12-17
4,2022-07-06T10:30:00Z,2022-06-27,Gemeente,GM0744,Baarle-Nassau,<=2010,88,87,12+
4,2022-07-06T10:30:00Z,2022-06-27,Gemeente,GM0744,Baarle-Nassau,<2005,90,89,18+
4,2022-07-06T10:30:00Z,2022-06-27,Gemeente,GM0744,Baarle-Nassau,2005-2010,67,65,12-17
4,2022-07-06T10:30:00Z,2022-06-27,Gemeente,GM0748,Bergen op Zoom,<=2010,83,81,12+
4,2022-07-06T10:30:00Z,2022-06-27,Gemeente,GM0748,Bergen op Zoom,<2005,85,84,18+
4,2022-07-06T10:30:00Z,2022-06-27,Gemeente,GM0748,Bergen op Zoom,2005-2010,56,51,12-17
4,2022-07-06T10:30:00Z,2022-06-27,Gemeente,GM0753,Best,<=2010,87,86,12+
4,2022-07-06T10:30:00Z,2022-06-27,Gemeente,GM0753,Best,<2005,88,87,18+
4,2022-07-06T10:30:00Z,2022-06-27,Gemeente,GM0753,Best,2005-2010,71,69,12-17
4,2022-07-06T10:30:00Z,2022-06-27,Gemeente,GM0755,Boekel,<=2010,89,87,12+
4,2022-07-06T10:30:00Z,2022-06-27,Gemeente,GM0755,Boekel,<2005,90,89,18+
4,2022-07-06T10:30:00Z,2022-06-27,Gemeente,GM0755,Boekel,2005-2010,73,72,12-17
4,2022-07-06T10:30:00Z,2022-06-27,Gemeente,GM0757,Boxtel,<=2010,87,87,12+
4,2022-07-06T10:30:00Z,2022-06-27,Gemeente,GM0757,Boxtel,<2005,89,88,18+
4,2022-07-06T10:30:00Z,2022-06-27,Gemeente,GM0757,Boxtel,2005-2010,71,69,12-17
4,2022-07-06T10:30:00Z,2022-06-27,Gemeente,GM0758,Breda,<=2010,84,83,12+
4,2022-07-06T10:30:00Z,2022-06-27,Gemeente,GM0758,Breda,<2005,86,85,18+
4,2022-07-06T10:30:00Z,2022-06-27,Gemeente,GM0758,Breda,2005-2010,64,60,12-17
4,2022-07-06T10:30:00Z,2022-06-27,Gemeente,GM0762,Deurne,<=2010,88,86,12+
4,2022-07-06T10:30:00Z,2022-06-27,Gemeente,GM0762,Deurne,<2005,89,88,18+
4,2022-07-06T10:30:00Z,2022-06-27,Gemeente,GM0762,Deurne,2005-2010,67,57,12-17
4,2022-07-06T10:30:00Z,2022-06-27,Gemeente,GM0765,Pekela,<=2010,81,80,12+
4,2022-07-06T10:30:00Z,2022-06-27,Gemeente,GM0765,Pekela,<2005,83,82,18+
4,2022-07-06T10:30:00Z,2022-06-27,Gemeente,GM0765,Pekela,2005-2010,58,55,12-17
4,2022-07-06T10:30:00Z,2022-06-27,Gemeente,GM0766,Dongen,<=2010,87,86,12+
4,2022-07-06T10:30:00Z,2022-06-27,Gemeente,GM0766,Dongen,<2005,89,88,18+
4,2022-07-06T10:30:00Z,2022-06-27,Gemeente,GM0766,Dongen,2005-2010,69,67,12-17
4,2022-07-06T10:30:00Z,2022-06-27,Gemeente,GM0770,Eersel,<=2010,90,89,12+
4,2022-07-06T10:30:00Z,2022-06-27,Gemeente,GM0770,Eersel,<2005,92,91,18+
4,2022-07-06T10:30:00Z,2022-06-27,Gemeente,GM0770,Eersel,2005-2010,74,71,12-17
4,2022-07-06T10:30:00Z,2022-06-27,Gemeente,GM0772,Eindhoven,<=2010,79,77,12+
4,2022-07-06T10:30:00Z,2022-06-27,Gemeente,GM0772,Eindhoven,<2005,80,79,18+
4,2022-07-06T10:30:00Z,2022-06-27,Gemeente,GM0772,Eindhoven,2005-2010,56,53,12-17
4,2022-07-06T10:30:00Z,2022-06-27,Gemeente,GM0777,Etten-Leur,<=2010,86,85,12+
4,2022-07-06T10:30:00Z,2022-06-27,Gemeente,GM0777,Etten-Leur,<2005,88,87,18+
4,2022-07-06T10:30:00Z,2022-06-27,Gemeente,GM0777,Etten-Leur,2005-2010,66,62,12-17
4,2022-07-06T10:30:00Z,2022-06-27,Gemeente,GM0779,Geertruidenberg,<=2010,88,87,12+
4,2022-07-06T10:30:00Z,2022-06-27,Gemeente,GM0779,Geertruidenberg,<2005,89,88,18+
4,2022-07-06T10:30:00Z,2022-06-27,Gemeente,GM0779,Geertruidenberg,2005-2010,70,68,12-17
4,2022-07-06T10:30:00Z,2022-06-27,Gemeente,GM0784,Gilze en Rijen,<=2010,86,85,12+
4,2022-07-06T10:30:00Z,2022-06-27,Gemeente,GM0784,Gilze en Rijen,<2005,88,87,18+
4,2022-07-06T10:30:00Z,2022-06-27,Gemeente,GM0784,Gilze en Rijen,2005-2010,62,58,12-17
4,2022-07-06T10:30:00Z,2022-06-27,Gemeente,GM0785,Goirle,<=2010,90,89,12+
4,2022-07-06T10:30:00Z,2022-06-27,Gemeente,GM0785,Goirle,<2005,92,91,18+
4,2022-07-06T10:30:00Z,2022-06-27,Gemeente,GM0785,Goirle,2005-2010,71,69,12-17
4,2022-07-06T10:30:00Z,2022-06-27,Gemeente,GM0794,Helmond,<=2010,79,77,12+
4,2022-07-06T10:30:00Z,2022-06-27,Gemeente,GM0794,Helmond,<2005,81,79,18+
4,2022-07-06T10:30:00Z,2022-06-27,Gemeente,GM0794,Helmond,2005-2010,55,48,12-17
4,2022-07-06T10:30:00Z,2022-06-27,Gemeente,GM0796,'s-Hertogenbosch,<=2010,84,83,12+
4,2022-07-06T10:30:00Z,2022-06-27,Gemeente,GM0796,'s-Hertogenbosch,<2005,86,85,18+
4,2022-07-06T10:30:00Z,2022-06-27,Gemeente,GM0796,'s-Hertogenbosch,2005-2010,62,61,12-17
4,2022-07-06T10:30:00Z,2022-06-27,Gemeente,GM0797,Heusden,<=2010,87,86,12+
4,2022-07-06T10:30:00Z,2022-06-27,Gemeente,GM0797,Heusden,<2005,88,87,18+
4,2022-07-06T10:30:00Z,2022-06-27,Gemeente,GM0797,Heusden,2005-2010,67,66,12-17
4,2022-07-06T10:30:00Z,2022-06-27,Gemeente,GM0798,Hilvarenbeek,<=2010,92,91,12+
4,2022-07-06T10:30:00Z,2022-06-27,Gemeente,GM0798,Hilvarenbeek,<2005,93,93,18+
4,2022-07-06T10:30:00Z,2022-06-27,Gemeente,GM0798,Hilvarenbeek,2005-2010,76,74,12-17
4,2022-07-06T10:30:00Z,2022-06-27,Gemeente,GM0809,Loon op Zand,<=2010,88,87,12+
4,2022-07-06T10:30:00Z,2022-06-27,Gemeente,GM0809,Loon op Zand,<2005,90,89,18+
4,2022-07-06T10:30:00Z,2022-06-27,Gemeente,GM0809,Loon op Zand,2005-2010,70,68,12-17
4,2022-07-06T10:30:00Z,2022-06-27,Gemeente,GM0820,"Nuenen, Gerwen en Nederwetten",<=2010,89,88,12+
4,2022-07-06T10:30:00Z,2022-06-27,Gemeente,GM0820,"Nuenen, Gerwen en Nederwetten",<2005,91,90,18+
4,2022-07-06T10:30:00Z,2022-06-27,Gemeente,GM0820,"Nuenen, Gerwen en Nederwetten",2005-2010,71,65,12-17
4,2022-07-06T10:30:00Z,2022-06-27,Gemeente,GM0823,Oirschot,<=2010,91,90,12+
4,2022-07-06T10:30:00Z,2022-06-27,Gemeente,GM0823,Oirschot,<2005,92,91,18+
4,2022-07-06T10:30:00Z,2022-06-27,Gemeente,GM0823,Oirschot,2005-2010,77,75,12-17
4,2022-07-06T10:30:00Z,2022-06-27,Gemeente,GM0824,Oisterwijk,<=2010,90,89,12+
4,2022-07-06T10:30:00Z,2022-06-27,Gemeente,GM0824,Oisterwijk,<2005,91,90,18+
4,2022-07-06T10:30:00Z,2022-06-27,Gemeente,GM0824,Oisterwijk,2005-2010,72,70,12-17
4,2022-07-06T10:30:00Z,2022-06-27,Gemeente,GM0826,Oosterhout,<=2010,85,84,12+
4,2022-07-06T10:30:00Z,2022-06-27,Gemeente,GM0826,Oosterhout,<2005,87,86,18+
4,2022-07-06T10:30:00Z,2022-06-27,Gemeente,GM0826,Oosterhout,2005-2010,63,59,12-17
4,2022-07-06T10:30:00Z,2022-06-27,Gemeente,GM0828,Oss,<=2010,84,83,12+
4,2022-07-06T10:30:00Z,2022-06-27,Gemeente,GM0828,Oss,<2005,86,85,18+
4,2022-07-06T10:30:00Z,2022-06-27,Gemeente,GM0828,Oss,2005-2010,66,64,12-17
4,2022-07-06T10:30:00Z,2022-06-27,Gemeente,GM0840,Rucphen,<=2010,87,86,12+
4,2022-07-06T10:30:00Z,2022-06-27,Gemeente,GM0840,Rucphen,<2005,88,87,18+
4,2022-07-06T10:30:00Z,2022-06-27,Gemeente,GM0840,Rucphen,2005-2010,68,63,12-17
4,2022-07-06T10:30:00Z,2022-06-27,Gemeente,GM0845,Sint-Michielsgestel,<=2010,91,90,12+
4,2022-07-06T10:30:00Z,2022-06-27,Gemeente,GM0845,Sint-Michielsgestel,<2005,92,92,18+
4,2022-07-06T10:30:00Z,2022-06-27,Gemeente,GM0845,Sint-Michielsgestel,2005-2010,74,72,12-17
4,2022-07-06T10:30:00Z,2022-06-27,Gemeente,GM0847,Someren,<=2010,87,85,12+
4,2022-07-06T10:30:00Z,2022-06-27,Gemeente,GM0847,Someren,<2005,88,87,18+
4,2022-07-06T10:30:00Z,2022-06-27,Gemeente,GM0847,Someren,2005-2010,69,60,12-17
4,2022-07-06T10:30:00Z,2022-06-27,Gemeente,GM0848,Son en Breugel,<=2010,88,87,12+
4,2022-07-06T10:30:00Z,2022-06-27,Gemeente,GM0848,Son en Breugel,<2005,90,89,18+
4,2022-07-06T10:30:00Z,2022-06-27,Gemeente,GM0848,Son en Breugel,2005-2010,70,68,12-17
4,2022-07-06T10:30:00Z,2022-06-27,Gemeente,GM0851,Steenbergen,<=2010,84,83,12+
4,2022-07-06T10:30:00Z,2022-06-27,Gemeente,GM0851,Steenbergen,<2005,86,84,18+
4,2022-07-06T10:30:00Z,2022-06-27,Gemeente,GM0851,Steenbergen,2005-2010,65,61,12-17
4,2022-07-06T10:30:00Z,2022-06-27,Gemeente,GM0852,Waterland,<=2010,88,87,12+
4,2022-07-06T10:30:00Z,2022-06-27,Gemeente,GM0852,Waterland,<2005,90,88,18+
4,2022-07-06T10:30:00Z,2022-06-27,Gemeente,GM0852,Waterland,2005-2010,69,67,12-17
4,2022-07-06T10:30:00Z,2022-06-27,Gemeente,GM0855,Tilburg,<=2010,80,79,12+
4,2022-07-06T10:30:00Z,2022-06-27,Gemeente,GM0855,Tilburg,<2005,82,81,18+
4,2022-07-06T10:30:00Z,2022-06-27,Gemeente,GM0855,Tilburg,2005-2010,59,57,12-17
4,2022-07-06T10:30:00Z,2022-06-27,Gemeente,GM0858,Valkenswaard,<=2010,88,87,12+
4,2022-07-06T10:30:00Z,2022-06-27,Gemeente,GM0858,Valkenswaard,<2005,89,88,18+
4,2022-07-06T10:30:00Z,2022-06-27,Gemeente,GM0858,Valkenswaard,2005-2010,67,65,12-17
4,2022-07-06T10:30:00Z,2022-06-27,Gemeente,GM0861,Veldhoven,<=2010,88,87,12+
4,2022-07-06T10:30:00Z,2022-06-27,Gemeente,GM0861,Veldhoven,<2005,89,88,18+
4,2022-07-06T10:30:00Z,2022-06-27,Gemeente,GM0861,Veldhoven,2005-2010,70,67,12-17
4,2022-07-06T10:30:00Z,2022-06-27,Gemeente,GM0865,Vught,<=2010,89,88,12+
4,2022-07-06T10:30:00Z,2022-06-27,Gemeente,GM0865,Vught,<2005,91,90,18+
4,2022-07-06T10:30:00Z,2022-06-27,Gemeente,GM0865,Vught,2005-2010,72,71,12-17
4,2022-07-06T10:30:00Z,2022-06-27,Gemeente,GM0866,Waalre,<=2010,89,87,12+
4,2022-07-06T10:30:00Z,2022-06-27,Gemeente,GM0866,Waalre,<2005,90,89,18+
4,2022-07-06T10:30:00Z,2022-06-27,Gemeente,GM0866,Waalre,2005-2010,71,68,12-17
4,2022-07-06T10:30:00Z,2022-06-27,Gemeente,GM0867,Waalwijk,<=2010,84,83,12+
4,2022-07-06T10:30:00Z,2022-06-27,Gemeente,GM0867,Waalwijk,<2005,85,84,18+
4,2022-07-06T10:30:00Z,2022-06-27,Gemeente,GM0867,Waalwijk,2005-2010,63,62,12-17
4,2022-07-06T10:30:00Z,2022-06-27,Gemeente,GM0873,Woensdrecht,<=2010,87,85,12+
4,2022-07-06T10:30:00Z,2022-06-27,Gemeente,GM0873,Woensdrecht,<2005,88,87,18+
4,2022-07-06T10:30:00Z,2022-06-27,Gemeente,GM0873,Woensdrecht,2005-2010,69,62,12-17
4,2022-07-06T10:30:00Z,2022-06-27,Gemeente,GM0879,Zundert,<=2010,87,86,12+
4,2022-07-06T10:30:00Z,2022-06-27,Gemeente,GM0879,Zundert,<2005,89,88,18+
4,2022-07-06T10:30:00Z,2022-06-27,Gemeente,GM0879,Zundert,2005-2010,68,64,12-17
4,2022-07-06T10:30:00Z,2022-06-27,Gemeente,GM0880,Wormerland,<=2010,85,84,12+
4,2022-07-06T10:30:00Z,2022-06-27,Gemeente,GM0880,Wormerland,<2005,87,86,18+
4,2022-07-06T10:30:00Z,2022-06-27,Gemeente,GM0880,Wormerland,2005-2010,63,61,12-17
4,2022-07-06T10:30:00Z,2022-06-27,Gemeente,GM0882,Landgraaf,<=2010,80,79,12+
4,2022-07-06T10:30:00Z,2022-06-27,Gemeente,GM0882,Landgraaf,<2005,82,81,18+
4,2022-07-06T10:30:00Z,2022-06-27,Gemeente,GM0882,Landgraaf,2005-2010,52,49,12-17
4,2022-07-06T10:30:00Z,2022-06-27,Gemeente,GM0888,Beek,<=2010,86,85,12+
4,2022-07-06T10:30:00Z,2022-06-27,Gemeente,GM0888,Beek,<2005,88,86,18+
4,2022-07-06T10:30:00Z,2022-06-27,Gemeente,GM0888,Beek,2005-2010,64,62,12-17
4,2022-07-06T10:30:00Z,2022-06-27,Gemeente,GM0889,Beesel,<=2010,85,84,12+
4,2022-07-06T10:30:00Z,2022-06-27,Gemeente,GM0889,Beesel,<2005,87,86,18+
4,2022-07-06T10:30:00Z,2022-06-27,Gemeente,GM0889,Beesel,2005-2010,61,54,12-17
4,2022-07-06T10:30:00Z,2022-06-27,Gemeente,GM0893,Bergen (L.),<=2010,88,86,12+
4,2022-07-06T10:30:00Z,2022-06-27,Gemeente,GM0893,Bergen (L.),<2005,89,88,18+
4,2022-07-06T10:30:00Z,2022-06-27,Gemeente,GM0893,Bergen (L.),2005-2010,69,62,12-17
4,2022-07-06T10:30:00Z,2022-06-27,Gemeente,GM0899,Brunssum,<=2010,79,77,12+
4,2022-07-06T10:30:00Z,2022-06-27,Gemeente,GM0899,Brunssum,<2005,81,79,18+
4,2022-07-06T10:30:00Z,2022-06-27,Gemeente,GM0899,Brunssum,2005-2010,50,48,12-17
4,2022-07-06T10:30:00Z,2022-06-27,Gemeente,GM0907,Gennep,<=2010,83,83,12+
4,2022-07-06T10:30:00Z,2022-06-27,Gemeente,GM0907,Gennep,<2005,85,84,18+
4,2022-07-06T10:30:00Z,2022-06-27,Gemeente,GM0907,Gennep,2005-2010,65,63,12-17
4,2022-07-06T10:30:00Z,2022-06-27,Gemeente,GM0917,Heerlen,<=2010,75,73,12+
4,2022-07-06T10:30:00Z,2022-06-27,Gemeente,GM0917,Heerlen,<2005,77,75,18+
4,2022-07-06T10:30:00Z,2022-06-27,Gemeente,GM0917,Heerlen,2005-2010,46,43,12-17
4,2022-07-06T10:30:00Z,2022-06-27,Gemeente,GM0928,Kerkrade,<=2010,75,74,12+
4,2022-07-06T10:30:00Z,2022-06-27,Gemeente,GM0928,Kerkrade,<2005,77,75,18+
4,2022-07-06T10:30:00Z,2022-06-27,Gemeente,GM0928,Kerkrade,2005-2010,47,43,12-17
4,2022-07-06T10:30:00Z,2022-06-27,Gemeente,GM0935,Maastricht,<=2010,79,78,12+
4,2022-07-06T10:30:00Z,2022-06-27,Gemeente,GM0935,Maastricht,<2005,80,79,18+
4,2022-07-06T10:30:00Z,2022-06-27,Gemeente,GM0935,Maastricht,2005-2010,61,59,12-17
4,2022-07-06T10:30:00Z,2022-06-27,Gemeente,GM0938,Meerssen,<=2010,88,87,12+
4,2022-07-06T10:30:00Z,2022-06-27,Gemeente,GM0938,Meerssen,<2005,89,88,18+
4,2022-07-06T10:30:00Z,2022-06-27,Gemeente,GM0938,Meerssen,2005-2010,71,70,12-17
4,2022-07-06T10:30:00Z,2022-06-27,Gemeente,GM0944,Mook en Middelaar,<=2010,90,89,12+
4,2022-07-06T10:30:00Z,2022-06-27,Gemeente,GM0944,Mook en Middelaar,<2005,91,90,18+
4,2022-07-06T10:30:00Z,2022-06-27,Gemeente,GM0944,Mook en Middelaar,2005-2010,79,76,12-17
4,2022-07-06T10:30:00Z,2022-06-27,Gemeente,GM0946,Nederweert,<=2010,87,85,12+
4,2022-07-06T10:30:00Z,2022-06-27,Gemeente,GM0946,Nederweert,<2005,88,87,18+
4,2022-07-06T10:30:00Z,2022-06-27,Gemeente,GM0946,Nederweert,2005-2010,67,61,12-17
4,2022-07-06T10:30:00Z,2022-06-27,Gemeente,GM0957,Roermond,<=2010,79,78,12+
4,2022-07-06T10:30:00Z,2022-06-27,Gemeente,GM0957,Roermond,<2005,81,80,18+
4,2022-07-06T10:30:00Z,2022-06-27,Gemeente,GM0957,Roermond,2005-2010,54,50,12-17
4,2022-07-06T10:30:00Z,2022-06-27,Gemeente,GM0965,Simpelveld,<=2010,84,83,12+
4,2022-07-06T10:30:00Z,2022-06-27,Gemeente,GM0965,Simpelveld,<2005,85,84,18+
4,2022-07-06T10:30:00Z,2022-06-27,Gemeente,GM0965,Simpelveld,2005-2010,70,65,12-17
4,2022-07-06T10:30:00Z,2022-06-27,Gemeente,GM0971,Stein,<=2010,85,84,12+
4,2022-07-06T10:30:00Z,2022-06-27,Gemeente,GM0971,Stein,<2005,86,85,18+
4,2022-07-06T10:30:00Z,2022-06-27,Gemeente,GM0971,Stein,2005-2010,63,61,12-17
4,2022-07-06T10:30:00Z,2022-06-27,Gemeente,GM0981,Vaals,<=2010,66,65,12+
4,2022-07-06T10:30:00Z,2022-06-27,Gemeente,GM0981,Vaals,<2005,67,66,18+
4,2022-07-06T10:30:00Z,2022-06-27,Gemeente,GM0981,Vaals,2005-2010,46,42,12-17
4,2022-07-06T10:30:00Z,2022-06-27,Gemeente,GM0983,Venlo,<=2010,80,78,12+
4,2022-07-06T10:30:00Z,2022-06-27,Gemeente,GM0983,Venlo,<2005,81,80,18+
4,2022-07-06T10:30:00Z,2022-06-27,Gemeente,GM0983,Venlo,2005-2010,55,49,12-17
4,2022-07-06T10:30:00Z,2022-06-27,Gemeente,GM0984,Venray,<=2010,84,82,12+
4,2022-07-06T10:30:00Z,2022-06-27,Gemeente,GM0984,Venray,<2005,86,84,18+
4,2022-07-06T10:30:00Z,2022-06-27,Gemeente,GM0984,Venray,2005-2010,63,55,12-17
4,2022-07-06T10:30:00Z,2022-06-27,Gemeente,GM0986,Voerendaal,<=2010,87,86,12+
4,2022-07-06T10:30:00Z,2022-06-27,Gemeente,GM0986,Voerendaal,<2005,88,88,18+
4,2022-07-06T10:30:00Z,2022-06-27,Gemeente,GM0986,Voerendaal,2005-2010,61,58,12-17
4,2022-07-06T10:30:00Z,2022-06-27,Gemeente,GM0988,Weert,<=2010,84,83,12+
4,2022-07-06T10:30:00Z,2022-06-27,Gemeente,GM0988,Weert,<2005,85,84,18+
4,2022-07-06T10:30:00Z,2022-06-27,Gemeente,GM0988,Weert,2005-2010,61,57,12-17
4,2022-07-06T10:30:00Z,2022-06-27,Gemeente,GM0994,Valkenburg aan de Geul,<=2010,87,85,12+
4,2022-07-06T10:30:00Z,2022-06-27,Gemeente,GM0994,Valkenburg aan de Geul,<2005,88,87,18+
4,2022-07-06T10:30:00Z,2022-06-27,Gemeente,GM0994,Valkenburg aan de Geul,2005-2010,69,68,12-17
4,2022-07-06T10:30:00Z,2022-06-27,Gemeente,GM0995,Lelystad,<=2010,73,72,12+
4,2022-07-06T10:30:00Z,2022-06-27,Gemeente,GM0995,Lelystad,<2005,75,74,18+
4,2022-07-06T10:30:00Z,2022-06-27,Gemeente,GM0995,Lelystad,2005-2010,47,45,12-17
4,2022-07-06T10:30:00Z,2022-06-27,Gemeente,GM1507,Horst aan de Maas,<=2010,87,85,12+
4,2022-07-06T10:30:00Z,2022-06-27,Gemeente,GM1507,Horst aan de Maas,<2005,88,87,18+
4,2022-07-06T10:30:00Z,2022-06-27,Gemeente,GM1507,Horst aan de Maas,2005-2010,69,61,12-17
4,2022-07-06T10:30:00Z,2022-06-27,Gemeente,GM1509,Oude IJsselstreek,<=2010,88,87,12+
4,2022-07-06T10:30:00Z,2022-06-27,Gemeente,GM1509,Oude IJsselstreek,<2005,90,89,18+
4,2022-07-06T10:30:00Z,2022-06-27,Gemeente,GM1509,Oude IJsselstreek,2005-2010,68,65,12-17
4,2022-07-06T10:30:00Z,2022-06-27,Gemeente,GM1525,Teylingen,<=2010,89,88,12+
4,2022-07-06T10:30:00Z,2022-06-27,Gemeente,GM1525,Teylingen,<2005,90,89,18+
4,2022-07-06T10:30:00Z,2022-06-27,Gemeente,GM1525,Teylingen,2005-2010,72,70,12-17
4,2022-07-06T10:30:00Z,2022-06-27,Gemeente,GM1581,Utrechtse Heuvelrug,<=2010,85,84,12+
4,2022-07-06T10:30:00Z,2022-06-27,Gemeente,GM1581,Utrechtse Heuvelrug,<2005,87,86,18+
4,2022-07-06T10:30:00Z,2022-06-27,Gemeente,GM1581,Utrechtse Heuvelrug,2005-2010,66,64,12-17
4,2022-07-06T10:30:00Z,2022-06-27,Gemeente,GM1586,Oost Gelre,<=2010,91,90,12+
4,2022-07-06T10:30:00Z,2022-06-27,Gemeente,GM1586,Oost Gelre,<2005,92,91,18+
4,2022-07-06T10:30:00Z,2022-06-27,Gemeente,GM1586,Oost Gelre,2005-2010,73,70,12-17
4,2022-07-06T10:30:00Z,2022-06-27,Gemeente,GM1598,Koggenland,<=2010,83,82,12+
4,2022-07-06T10:30:00Z,2022-06-27,Gemeente,GM1598,Koggenland,<2005,85,84,18+
4,2022-07-06T10:30:00Z,2022-06-27,Gemeente,GM1598,Koggenland,2005-2010,63,61,12-17
4,2022-07-06T10:30:00Z,2022-06-27,Gemeente,GM1621,Lansingerland,<=2010,86,85,12+
4,2022-07-06T10:30:00Z,2022-06-27,Gemeente,GM1621,Lansingerland,<2005,88,87,18+
4,2022-07-06T10:30:00Z,2022-06-27,Gemeente,GM1621,Lansingerland,2005-2010,66,65,12-17
4,2022-07-06T10:30:00Z,2022-06-27,Gemeente,GM1640,Leudal,<=2010,87,86,12+
4,2022-07-06T10:30:00Z,2022-06-27,Gemeente,GM1640,Leudal,<2005,88,87,18+
4,2022-07-06T10:30:00Z,2022-06-27,Gemeente,GM1640,Leudal,2005-2010,68,63,12-17
4,2022-07-06T10:30:00Z,2022-06-27,Gemeente,GM1641,Maasgouw,<=2010,86,85,12+
4,2022-07-06T10:30:00Z,2022-06-27,Gemeente,GM1641,Maasgouw,<2005,87,87,18+
4,2022-07-06T10:30:00Z,2022-06-27,Gemeente,GM1641,Maasgouw,2005-2010,65,62,12-17
4,2022-07-06T10:30:00Z,2022-06-27,Gemeente,GM1652,Gemert-Bakel,<=2010,87,86,12+
4,2022-07-06T10:30:00Z,2022-06-27,Gemeente,GM1652,Gemert-Bakel,<2005,89,88,18+
4,2022-07-06T10:30:00Z,2022-06-27,Gemeente,GM1652,Gemert-Bakel,2005-2010,69,63,12-17
4,2022-07-06T10:30:00Z,2022-06-27,Gemeente,GM1655,Halderberge,<=2010,85,84,12+
4,2022-07-06T10:30:00Z,2022-06-27,Gemeente,GM1655,Halderberge,<2005,87,86,18+
4,2022-07-06T10:30:00Z,2022-06-27,Gemeente,GM1655,Halderberge,2005-2010,62,59,12-17
4,2022-07-06T10:30:00Z,2022-06-27,Gemeente,GM1658,Heeze-Leende,<=2010,89,88,12+
4,2022-07-06T10:30:00Z,2022-06-27,Gemeente,GM1658,Heeze-Leende,<2005,91,89,18+
4,2022-07-06T10:30:00Z,2022-06-27,Gemeente,GM1658,Heeze-Leende,2005-2010,69,65,12-17
4,2022-07-06T10:30:00Z,2022-06-27,Gemeente,GM1659,Laarbeek,<=2010,89,87,12+
4,2022-07-06T10:30:00Z,2022-06-27,Gemeente,GM1659,Laarbeek,<2005,90,89,18+
4,2022-07-06T10:30:00Z,2022-06-27,Gemeente,GM1659,Laarbeek,2005-2010,73,66,12-17
4,2022-07-06T10:30:00Z,2022-06-27,Gemeente,GM1667,Reusel-De Mierden,<=2010,90,89,12+
4,2022-07-06T10:30:00Z,2022-06-27,Gemeente,GM1667,Reusel-De Mierden,<2005,91,91,18+
4,2022-07-06T10:30:00Z,2022-06-27,Gemeente,GM1667,Reusel-De Mierden,2005-2010,73,71,12-17
4,2022-07-06T10:30:00Z,2022-06-27,Gemeente,GM1669,Roerdalen,<=2010,84,84,12+
4,2022-07-06T10:30:00Z,2022-06-27,Gemeente,GM1669,Roerdalen,<2005,86,85,18+
4,2022-07-06T10:30:00Z,2022-06-27,Gemeente,GM1669,Roerdalen,2005-2010,62,59,12-17
4,2022-07-06T10:30:00Z,2022-06-27,Gemeente,GM1674,Roosendaal,<=2010,81,80,12+
4,2022-07-06T10:30:00Z,2022-06-27,Gemeente,GM1674,Roosendaal,<2005,83,82,18+
4,2022-07-06T10:30:00Z,2022-06-27,Gemeente,GM1674,Roosendaal,2005-2010,57,53,12-17
4,2022-07-06T10:30:00Z,2022-06-27,Gemeente,GM1676,Schouwen-Duiveland,<=2010,83,81,12+
4,2022-07-06T10:30:00Z,2022-06-27,Gemeente,GM1676,Schouwen-Duiveland,<2005,85,84,18+
4,2022-07-06T10:30:00Z,2022-06-27,Gemeente,GM1676,Schouwen-Duiveland,2005-2010,56,50,12-17
4,2022-07-06T10:30:00Z,2022-06-27,Gemeente,GM1680,Aa en Hunze,<=2010,90,88,12+
4,2022-07-06T10:30:00Z,2022-06-27,Gemeente,GM1680,Aa en Hunze,<2005,91,90,18+
4,2022-07-06T10:30:00Z,2022-06-27,Gemeente,GM1680,Aa en Hunze,2005-2010,74,71,12-17
4,2022-07-06T10:30:00Z,2022-06-27,Gemeente,GM1681,Borger-Odoorn,<=2010,85,84,12+
4,2022-07-06T10:30:00Z,2022-06-27,Gemeente,GM1681,Borger-Odoorn,<2005,87,86,18+
4,2022-07-06T10:30:00Z,2022-06-27,Gemeente,GM1681,Borger-Odoorn,2005-2010,64,61,12-17
4,2022-07-06T10:30:00Z,2022-06-27,Gemeente,GM1690,De Wolden,<=2010,87,86,12+
4,2022-07-06T10:30:00Z,2022-06-27,Gemeente,GM1690,De Wolden,<2005,89,88,18+
4,2022-07-06T10:30:00Z,2022-06-27,Gemeente,GM1690,De Wolden,2005-2010,64,61,12-17
4,2022-07-06T10:30:00Z,2022-06-27,Gemeente,GM1695,Noord-Beveland,<=2010,82,80,12+
4,2022-07-06T10:30:00Z,2022-06-27,Gemeente,GM1695,Noord-Beveland,<2005,83,82,18+
4,2022-07-06T10:30:00Z,2022-06-27,Gemeente,GM1695,Noord-Beveland,2005-2010,60,54,12-17
4,2022-07-06T10:30:00Z,2022-06-27,Gemeente,GM1696,Wijdemeren,<=2010,86,85,12+
4,2022-07-06T10:30:00Z,2022-06-27,Gemeente,GM1696,Wijdemeren,<2005,87,87,18+
4,2022-07-06T10:30:00Z,2022-06-27,Gemeente,GM1696,Wijdemeren,2005-2010,65,62,12-17
4,2022-07-06T10:30:00Z,2022-06-27,Gemeente,GM1699,Noordenveld,<=2010,88,87,12+
4,2022-07-06T10:30:00Z,2022-06-27,Gemeente,GM1699,Noordenveld,<2005,89,89,18+
4,2022-07-06T10:30:00Z,2022-06-27,Gemeente,GM1699,Noordenveld,2005-2010,69,66,12-17
4,2022-07-06T10:30:00Z,2022-06-27,Gemeente,GM1700,Twenterand,<=2010,83,82,12+
4,2022-07-06T10:30:00Z,2022-06-27,Gemeente,GM1700,Twenterand,<2005,86,84,18+
4,2022-07-06T10:30:00Z,2022-06-27,Gemeente,GM1700,Twenterand,2005-2010,61,59,12-17
4,2022-07-06T10:30:00Z,2022-06-27,Gemeente,GM1701,Westerveld,<=2010,86,85,12+
4,2022-07-06T10:30:00Z,2022-06-27,Gemeente,GM1701,Westerveld,<2005,87,87,18+
4,2022-07-06T10:30:00Z,2022-06-27,Gemeente,GM1701,Westerveld,2005-2010,64,61,12-17
4,2022-07-06T10:30:00Z,2022-06-27,Gemeente,GM1705,Lingewaard,<=2010,91,90,12+
4,2022-07-06T10:30:00Z,2022-06-27,Gemeente,GM1705,Lingewaard,<2005,92,92,18+
4,2022-07-06T10:30:00Z,2022-06-27,Gemeente,GM1705,Lingewaard,2005-2010,76,74,12-17
4,2022-07-06T10:30:00Z,2022-06-27,Gemeente,GM1706,Cranendonck,<=2010,85,84,12+
4,2022-07-06T10:30:00Z,2022-06-27,Gemeente,GM1706,Cranendonck,<2005,87,86,18+
4,2022-07-06T10:30:00Z,2022-06-27,Gemeente,GM1706,Cranendonck,2005-2010,63,60,12-17
4,2022-07-06T10:30:00Z,2022-06-27,Gemeente,GM1708,Steenwijkerland,<=2010,84,83,12+
4,2022-07-06T10:30:00Z,2022-06-27,Gemeente,GM1708,Steenwijkerland,<2005,86,85,18+
4,2022-07-06T10:30:00Z,2022-06-27,Gemeente,GM1708,Steenwijkerland,2005-2010,61,58,12-17
4,2022-07-06T10:30:00Z,2022-06-27,Gemeente,GM1709,Moerdijk,<=2010,86,85,12+
4,2022-07-06T10:30:00Z,2022-06-27,Gemeente,GM1709,Moerdijk,<2005,88,87,18+
4,2022-07-06T10:30:00Z,2022-06-27,Gemeente,GM1709,Moerdijk,2005-2010,68,64,12-17
4,2022-07-06T10:30:00Z,2022-06-27,Gemeente,GM1711,Echt-Susteren,<=2010,84,83,12+
4,2022-07-06T10:30:00Z,2022-06-27,Gemeente,GM1711,Echt-Susteren,<2005,86,85,18+
4,2022-07-06T10:30:00Z,2022-06-27,Gemeente,GM1711,Echt-Susteren,2005-2010,63,61,12-17
4,2022-07-06T10:30:00Z,2022-06-27,Gemeente,GM1714,Sluis,<=2010,85,83,12+
4,2022-07-06T10:30:00Z,2022-06-27,Gemeente,GM1714,Sluis,<2005,86,85,18+
4,2022-07-06T10:30:00Z,2022-06-27,Gemeente,GM1714,Sluis,2005-2010,65,59,12-17
4,2022-07-06T10:30:00Z,2022-06-27,Gemeente,GM1719,Drimmelen,<=2010,89,89,12+
4,2022-07-06T10:30:00Z,2022-06-27,Gemeente,GM1719,Drimmelen,<2005,91,90,18+
4,2022-07-06T10:30:00Z,2022-06-27,Gemeente,GM1719,Drimmelen,2005-2010,70,67,12-17
4,2022-07-06T10:30:00Z,2022-06-27,Gemeente,GM1721,Bernheze,<=2010,89,88,12+
4,2022-07-06T10:30:00Z,2022-06-27,Gemeente,GM1721,Bernheze,<2005,91,90,18+
4,2022-07-06T10:30:00Z,2022-06-27,Gemeente,GM1721,Bernheze,2005-2010,72,71,12-17
4,2022-07-06T10:30:00Z,2022-06-27,Gemeente,GM1723,Alphen-Chaam,<=2010,91,90,12+
4,2022-07-06T10:30:00Z,2022-06-27,Gemeente,GM1723,Alphen-Chaam,<2005,92,92,18+
4,2022-07-06T10:30:00Z,2022-06-27,Gemeente,GM1723,Alphen-Chaam,2005-2010,70,66,12-17
4,2022-07-06T10:30:00Z,2022-06-27,Gemeente,GM1724,Bergeijk,<=2010,90,89,12+
4,2022-07-06T10:30:00Z,2022-06-27,Gemeente,GM1724,Bergeijk,<2005,91,90,18+
4,2022-07-06T10:30:00Z,2022-06-27,Gemeente,GM1724,Bergeijk,2005-2010,73,71,12-17
4,2022-07-06T10:30:00Z,2022-06-27,Gemeente,GM1728,Bladel,<=2010,89,88,12+
4,2022-07-06T10:30:00Z,2022-06-27,Gemeente,GM1728,Bladel,<2005,90,89,18+
4,2022-07-06T10:30:00Z,2022-06-27,Gemeente,GM1728,Bladel,2005-2010,70,69,12-17
4,2022-07-06T10:30:00Z,2022-06-27,Gemeente,GM1729,Gulpen-Wittem,<=2010,87,86,12+
4,2022-07-06T10:30:00Z,2022-06-27,Gemeente,GM1729,Gulpen-Wittem,<2005,88,87,18+
4,2022-07-06T10:30:00Z,2022-06-27,Gemeente,GM1729,Gulpen-Wittem,2005-2010,66,64,12-17
4,2022-07-06T10:30:00Z,2022-06-27,Gemeente,GM1730,Tynaarlo,<=2010,90,89,12+
4,2022-07-06T10:30:00Z,2022-06-27,Gemeente,GM1730,Tynaarlo,<2005,92,91,18+
4,2022-07-06T10:30:00Z,2022-06-27,Gemeente,GM1730,Tynaarlo,2005-2010,73,69,12-17
4,2022-07-06T10:30:00Z,2022-06-27,Gemeente,GM1731,Midden-Drenthe,<=2010,87,86,12+
4,2022-07-06T10:30:00Z,2022-06-27,Gemeente,GM1731,Midden-Drenthe,<2005,88,88,18+
4,2022-07-06T10:30:00Z,2022-06-27,Gemeente,GM1731,Midden-Drenthe,2005-2010,67,64,12-17
4,2022-07-06T10:30:00Z,2022-06-27,Gemeente,GM1734,Overbetuwe,<=2010,88,87,12+
4,2022-07-06T10:30:00Z,2022-06-27,Gemeente,GM1734,Overbetuwe,<2005,90,89,18+
4,2022-07-06T10:30:00Z,2022-06-27,Gemeente,GM1734,Overbetuwe,2005-2010,70,68,12-17
4,2022-07-06T10:30:00Z,2022-06-27,Gemeente,GM1735,Hof van Twente,<=2010,89,88,12+
4,2022-07-06T10:30:00Z,2022-06-27,Gemeente,GM1735,Hof van Twente,<2005,91,90,18+
4,2022-07-06T10:30:00Z,2022-06-27,Gemeente,GM1735,Hof van Twente,2005-2010,70,68,12-17
4,2022-07-06T10:30:00Z,2022-06-27,Gemeente,GM1740,Neder-Betuwe,<=2010,61,60,12+
4,2022-07-06T10:30:00Z,2022-06-27,Gemeente,GM1740,Neder-Betuwe,<2005,64,63,18+
4,2022-07-06T10:30:00Z,2022-06-27,Gemeente,GM1740,Neder-Betuwe,2005-2010,34,33,12-17
4,2022-07-06T10:30:00Z,2022-06-27,Gemeente,GM1742,Rijssen-Holten,<=2010,79,78,12+
4,2022-07-06T10:30:00Z,2022-06-27,Gemeente,GM1742,Rijssen-Holten,<2005,81,80,18+
4,2022-07-06T10:30:00Z,2022-06-27,Gemeente,GM1742,Rijssen-Holten,2005-2010,53,51,12-17
4,2022-07-06T10:30:00Z,2022-06-27,Gemeente,GM1771,Geldrop-Mierlo,<=2010,85,83,12+
4,2022-07-06T10:30:00Z,2022-06-27,Gemeente,GM1771,Geldrop-Mierlo,<2005,87,85,18+
4,2022-07-06T10:30:00Z,2022-06-27,Gemeente,GM1771,Geldrop-Mierlo,2005-2010,63,58,12-17
4,2022-07-06T10:30:00Z,2022-06-27,Gemeente,GM1773,Olst-Wijhe,<=2010,90,88,12+
4,2022-07-06T10:30:00Z,2022-06-27,Gemeente,GM1773,Olst-Wijhe,<2005,91,90,18+
4,2022-07-06T10:30:00Z,2022-06-27,Gemeente,GM1773,Olst-Wijhe,2005-2010,70,68,12-17
4,2022-07-06T10:30:00Z,2022-06-27,Gemeente,GM1774,Dinkelland,<=2010,91,90,12+
4,2022-07-06T10:30:00Z,2022-06-27,Gemeente,GM1774,Dinkelland,<2005,92,92,18+
4,2022-07-06T10:30:00Z,2022-06-27,Gemeente,GM1774,Dinkelland,2005-2010,75,73,12-17
4,2022-07-06T10:30:00Z,2022-06-27,Gemeente,GM1783,Westland,<=2010,81,80,12+
4,2022-07-06T10:30:00Z,2022-06-27,Gemeente,GM1783,Westland,<2005,83,82,18+
4,2022-07-06T10:30:00Z,2022-06-27,Gemeente,GM1783,Westland,2005-2010,57,56,12-17
4,2022-07-06T10:30:00Z,2022-06-27,Gemeente,GM1842,Midden-Delfland,<=2010,88,87,12+
4,2022-07-06T10:30:00Z,2022-06-27,Gemeente,GM1842,Midden-Delfland,<2005,90,89,18+
4,2022-07-06T10:30:00Z,2022-06-27,Gemeente,GM1842,Midden-Delfland,2005-2010,66,63,12-17
4,2022-07-06T10:30:00Z,2022-06-27,Gemeente,GM1859,Berkelland,<=2010,89,88,12+
4,2022-07-06T10:30:00Z,2022-06-27,Gemeente,GM1859,Berkelland,<2005,91,90,18+
4,2022-07-06T10:30:00Z,2022-06-27,Gemeente,GM1859,Berkelland,2005-2010,71,66,12-17
4,2022-07-06T10:30:00Z,2022-06-27,Gemeente,GM1876,Bronckhorst,<=2010,90,89,12+
4,2022-07-06T10:30:00Z,2022-06-27,Gemeente,GM1876,Bronckhorst,<2005,92,91,18+
4,2022-07-06T10:30:00Z,2022-06-27,Gemeente,GM1876,Bronckhorst,2005-2010,73,69,12-17
4,2022-07-06T10:30:00Z,2022-06-27,Gemeente,GM1883,Sittard-Geleen,<=2010,81,80,12+
4,2022-07-06T10:30:00Z,2022-06-27,Gemeente,GM1883,Sittard-Geleen,<2005,83,82,18+
4,2022-07-06T10:30:00Z,2022-06-27,Gemeente,GM1883,Sittard-Geleen,2005-2010,55,53,12-17
4,2022-07-06T10:30:00Z,2022-06-27,Gemeente,GM1884,Kaag en Braassem,<=2010,87,86,12+
4,2022-07-06T10:30:00Z,2022-06-27,Gemeente,GM1884,Kaag en Braassem,<2005,88,88,18+
4,2022-07-06T10:30:00Z,2022-06-27,Gemeente,GM1884,Kaag en Braassem,2005-2010,69,67,12-17
4,2022-07-06T10:30:00Z,2022-06-27,Gemeente,GM1891,Dantumadiel,<=2010,75,73,12+
4,2022-07-06T10:30:00Z,2022-06-27,Gemeente,GM1891,Dantumadiel,<2005,77,76,18+
4,2022-07-06T10:30:00Z,2022-06-27,Gemeente,GM1891,Dantumadiel,2005-2010,44,42,12-17
4,2022-07-06T10:30:00Z,2022-06-27,Gemeente,GM1892,Zuidplas,<=2010,83,82,12+
4,2022-07-06T10:30:00Z,2022-06-27,Gemeente,GM1892,Zuidplas,<2005,85,84,18+
4,2022-07-06T10:30:00Z,2022-06-27,Gemeente,GM1892,Zuidplas,2005-2010,59,57,12-17
4,2022-07-06T10:30:00Z,2022-06-27,Gemeente,GM1894,Peel en Maas,<=2010,86,85,12+
4,2022-07-06T10:30:00Z,2022-06-27,Gemeente,GM1894,Peel en Maas,<2005,88,87,18+
4,2022-07-06T10:30:00Z,2022-06-27,Gemeente,GM1894,Peel en Maas,2005-2010,67,58,12-17
4,2022-07-06T10:30:00Z,2022-06-27,Gemeente,GM1895,Oldambt,<=2010,84,83,12+
4,2022-07-06T10:30:00Z,2022-06-27,Gemeente,GM1895,Oldambt,<2005,85,84,18+
4,2022-07-06T10:30:00Z,2022-06-27,Gemeente,GM1895,Oldambt,2005-2010,62,60,12-17
4,2022-07-06T10:30:00Z,2022-06-27,Gemeente,GM1896,Zwartewaterland,<=2010,75,74,12+
4,2022-07-06T10:30:00Z,2022-06-27,Gemeente,GM1896,Zwartewaterland,<2005,78,77,18+
4,2022-07-06T10:30:00Z,2022-06-27,Gemeente,GM1896,Zwartewaterland,2005-2010,51,49,12-17
4,2022-07-06T10:30:00Z,2022-06-27,Gemeente,GM1900,Sdwest-Frysln,<=2010,81,80,12+
4,2022-07-06T10:30:00Z,2022-06-27,Gemeente,GM1900,Sdwest-Frysln,<2005,83,82,18+
4,2022-07-06T10:30:00Z,2022-06-27,Gemeente,GM1900,Sdwest-Frysln,2005-2010,58,56,12-17
4,2022-07-06T10:30:00Z,2022-06-27,Gemeente,GM1901,Bodegraven-Reeuwijk,<=2010,83,82,12+
4,2022-07-06T10:30:00Z,2022-06-27,Gemeente,GM1901,Bodegraven-Reeuwijk,<2005,85,84,18+
4,2022-07-06T10:30:00Z,2022-06-27,Gemeente,GM1901,Bodegraven-Reeuwijk,2005-2010,60,58,12-17
4,2022-07-06T10:30:00Z,2022-06-27,Gemeente,GM1903,Eijsden-Margraten,<=2010,90,89,12+
4,2022-07-06T10:30:00Z,2022-06-27,Gemeente,GM1903,Eijsden-Margraten,<2005,92,90,18+
4,2022-07-06T10:30:00Z,2022-06-27,Gemeente,GM1903,Eijsden-Margraten,2005-2010,72,71,12-17
4,2022-07-06T10:30:00Z,2022-06-27,Gemeente,GM1904,Stichtse Vecht,<=2010,86,85,12+
4,2022-07-06T10:30:00Z,2022-06-27,Gemeente,GM1904,Stichtse Vecht,<2005,88,87,18+
4,2022-07-06T10:30:00Z,2022-06-27,Gemeente,GM1904,Stichtse Vecht,2005-2010,66,64,12-17
4,2022-07-06T10:30:00Z,2022-06-27,Gemeente,GM1911,Hollands Kroon,<=2010,81,79,12+
4,2022-07-06T10:30:00Z,2022-06-27,Gemeente,GM1911,Hollands Kroon,<2005,83,82,18+
4,2022-07-06T10:30:00Z,2022-06-27,Gemeente,GM1911,Hollands Kroon,2005-2010,60,54,12-17
4,2022-07-06T10:30:00Z,2022-06-27,Gemeente,GM1916,Leidschendam-Voorburg,<=2010,85,84,12+
4,2022-07-06T10:30:00Z,2022-06-27,Gemeente,GM1916,Leidschendam-Voorburg,<2005,86,85,18+
4,2022-07-06T10:30:00Z,2022-06-27,Gemeente,GM1916,Leidschendam-Voorburg,2005-2010,64,63,12-17
4,2022-07-06T10:30:00Z,2022-06-27,Gemeente,GM1924,Goeree-Overflakkee,<=2010,80,78,12+
4,2022-07-06T10:30:00Z,2022-06-27,Gemeente,GM1924,Goeree-Overflakkee,<2005,82,81,18+
4,2022-07-06T10:30:00Z,2022-06-27,Gemeente,GM1924,Goeree-Overflakkee,2005-2010,53,50,12-17
4,2022-07-06T10:30:00Z,2022-06-27,Gemeente,GM1926,Pijnacker-Nootdorp,<=2010,87,86,12+
4,2022-07-06T10:30:00Z,2022-06-27,Gemeente,GM1926,Pijnacker-Nootdorp,<2005,89,88,18+
4,2022-07-06T10:30:00Z,2022-06-27,Gemeente,GM1926,Pijnacker-Nootdorp,2005-2010,68,66,12-17
4,2022-07-06T10:30:00Z,2022-06-27,Gemeente,GM1930,Nissewaard,<=2010,79,78,12+
4,2022-07-06T10:30:00Z,2022-06-27,Gemeente,GM1930,Nissewaard,<2005,81,80,18+
4,2022-07-06T10:30:00Z,2022-06-27,Gemeente,GM1930,Nissewaard,2005-2010,50,49,12-17
4,2022-07-06T10:30:00Z,2022-06-27,Gemeente,GM1931,Krimpenerwaard,<=2010,82,81,12+
4,2022-07-06T10:30:00Z,2022-06-27,Gemeente,GM1931,Krimpenerwaard,<2005,84,83,18+
4,2022-07-06T10:30:00Z,2022-06-27,Gemeente,GM1931,Krimpenerwaard,2005-2010,56,55,12-17
4,2022-07-06T10:30:00Z,2022-06-27,Gemeente,GM1940,De Fryske Marren,<=2010,81,80,12+
4,2022-07-06T10:30:00Z,2022-06-27,Gemeente,GM1940,De Fryske Marren,<2005,83,82,18+
4,2022-07-06T10:30:00Z,2022-06-27,Gemeente,GM1940,De Fryske Marren,2005-2010,56,54,12-17
4,2022-07-06T10:30:00Z,2022-06-27,Gemeente,GM1942,Gooise Meren,<=2010,86,85,12+
4,2022-07-06T10:30:00Z,2022-06-27,Gemeente,GM1942,Gooise Meren,<2005,87,86,18+
4,2022-07-06T10:30:00Z,2022-06-27,Gemeente,GM1942,Gooise Meren,2005-2010,70,68,12-17
4,2022-07-06T10:30:00Z,2022-06-27,Gemeente,GM1945,Berg en Dal,<=2010,89,88,12+
4,2022-07-06T10:30:00Z,2022-06-27,Gemeente,GM1945,Berg en Dal,<2005,91,90,18+
4,2022-07-06T10:30:00Z,2022-06-27,Gemeente,GM1945,Berg en Dal,2005-2010,73,71,12-17
4,2022-07-06T10:30:00Z,2022-06-27,Gemeente,GM1948,Meierijstad,<=2010,88,87,12+
4,2022-07-06T10:30:00Z,2022-06-27,Gemeente,GM1948,Meierijstad,<2005,89,89,18+
4,2022-07-06T10:30:00Z,2022-06-27,Gemeente,GM1948,Meierijstad,2005-2010,69,68,12-17
4,2022-07-06T10:30:00Z,2022-06-27,Gemeente,GM1949,Waadhoeke,<=2010,82,80,12+
4,2022-07-06T10:30:00Z,2022-06-27,Gemeente,GM1949,Waadhoeke,<2005,84,82,18+
4,2022-07-06T10:30:00Z,2022-06-27,Gemeente,GM1949,Waadhoeke,2005-2010,58,57,12-17
4,2022-07-06T10:30:00Z,2022-06-27,Gemeente,GM1950,Westerwolde,<=2010,79,76,12+
4,2022-07-06T10:30:00Z,2022-06-27,Gemeente,GM1950,Westerwolde,<2005,81,78,18+
4,2022-07-06T10:30:00Z,2022-06-27,Gemeente,GM1950,Westerwolde,2005-2010,53,50,12-17
4,2022-07-06T10:30:00Z,2022-06-27,Gemeente,GM1952,Midden-Groningen,<=2010,83,82,12+
4,2022-07-06T10:30:00Z,2022-06-27,Gemeente,GM1952,Midden-Groningen,<2005,85,84,18+
4,2022-07-06T10:30:00Z,2022-06-27,Gemeente,GM1952,Midden-Groningen,2005-2010,63,60,12-17
4,2022-07-06T10:30:00Z,2022-06-27,Gemeente,GM1954,Beekdaelen,<=2010,84,83,12+
4,2022-07-06T10:30:00Z,2022-06-27,Gemeente,GM1954,Beekdaelen,<2005,86,84,18+
4,2022-07-06T10:30:00Z,2022-06-27,Gemeente,GM1954,Beekdaelen,2005-2010,64,61,12-17
4,2022-07-06T10:30:00Z,2022-06-27,Gemeente,GM1955,Montferland,<=2010,88,88,12+
4,2022-07-06T10:30:00Z,2022-06-27,Gemeente,GM1955,Montferland,<2005,90,89,18+
4,2022-07-06T10:30:00Z,2022-06-27,Gemeente,GM1955,Montferland,2005-2010,71,67,12-17
4,2022-07-06T10:30:00Z,2022-06-27,Gemeente,GM1959,Altena,<=2010,77,76,12+
4,2022-07-06T10:30:00Z,2022-06-27,Gemeente,GM1959,Altena,<2005,79,79,18+
4,2022-07-06T10:30:00Z,2022-06-27,Gemeente,GM1959,Altena,2005-2010,51,50,12-17
4,2022-07-06T10:30:00Z,2022-06-27,Gemeente,GM1960,West Betuwe,<=2010,81,80,12+
4,2022-07-06T10:30:00Z,2022-06-27,Gemeente,GM1960,West Betuwe,<2005,83,82,18+
4,2022-07-06T10:30:00Z,2022-06-27,Gemeente,GM1960,West Betuwe,2005-2010,58,55,12-17
4,2022-07-06T10:30:00Z,2022-06-27,Gemeente,GM1961,Vijfheerenlanden,<=2010,81,80,12+
4,2022-07-06T10:30:00Z,2022-06-27,Gemeente,GM1961,Vijfheerenlanden,<2005,84,83,18+
4,2022-07-06T10:30:00Z,2022-06-27,Gemeente,GM1961,Vijfheerenlanden,2005-2010,55,53,12-17
4,2022-07-06T10:30:00Z,2022-06-27,Gemeente,GM1963,Hoeksche Waard,<=2010,81,80,12+
4,2022-07-06T10:30:00Z,2022-06-27,Gemeente,GM1963,Hoeksche Waard,<2005,83,83,18+
4,2022-07-06T10:30:00Z,2022-06-27,Gemeente,GM1963,Hoeksche Waard,2005-2010,56,54,12-17
4,2022-07-06T10:30:00Z,2022-06-27,Gemeente,GM1966,Het Hogeland,<=2010,85,84,12+
4,2022-07-06T10:30:00Z,2022-06-27,Gemeente,GM1966,Het Hogeland,<2005,87,86,18+
4,2022-07-06T10:30:00Z,2022-06-27,Gemeente,GM1966,Het Hogeland,2005-2010,64,60,12-17
4,2022-07-06T10:30:00Z,2022-06-27,Gemeente,GM1969,Westerkwartier,<=2010,85,84,12+
4,2022-07-06T10:30:00Z,2022-06-27,Gemeente,GM1969,Westerkwartier,<2005,87,86,18+
4,2022-07-06T10:30:00Z,2022-06-27,Gemeente,GM1969,Westerkwartier,2005-2010,65,63,12-17
4,2022-07-06T10:30:00Z,2022-06-27,Gemeente,GM1970,Noardeast-Frysln,<=2010,78,77,12+
4,2022-07-06T10:30:00Z,2022-06-27,Gemeente,GM1970,Noardeast-Frysln,<2005,81,80,18+
4,2022-07-06T10:30:00Z,2022-06-27,Gemeente,GM1970,Noardeast-Frysln,2005-2010,49,47,12-17
4,2022-07-06T10:30:00Z,2022-06-27,Gemeente,GM1978,Molenlanden,<=2010,78,77,12+
4,2022-07-06T10:30:00Z,2022-06-27,Gemeente,GM1978,Molenlanden,<2005,81,80,18+
4,2022-07-06T10:30:00Z,2022-06-27,Gemeente,GM1978,Molenlanden,2005-2010,52,51,12-17
4,2022-07-06T10:30:00Z,2022-06-27,Gemeente,GM1979,Eemsdelta,<=2010,83,81,12+
4,2022-07-06T10:30:00Z,2022-06-27,Gemeente,GM1979,Eemsdelta,<2005,84,83,18+
4,2022-07-06T10:30:00Z,2022-06-27,Gemeente,GM1979,Eemsdelta,2005-2010,62,59,12-17
4,2022-07-06T10:30:00Z,2022-06-27,Gemeente,GM1980,Dijk en Waard,<=2010,81,79,12+
4,2022-07-06T10:30:00Z,2022-06-27,Gemeente,GM1980,Dijk en Waard,<2005,83,82,18+
4,2022-07-06T10:30:00Z,2022-06-27,Gemeente,GM1980,Dijk en Waard,2005-2010,57,54,12-17
4,2022-07-06T10:30:00Z,2022-06-27,Gemeente,GM1982,Land van Cuijk,<=2010,89,88,12+
4,2022-07-06T10:30:00Z,2022-06-27,Gemeente,GM1982,Land van Cuijk,<2005,90,89,18+
4,2022-07-06T10:30:00Z,2022-06-27,Gemeente,GM1982,Land van Cuijk,2005-2010,71,68,12-17
4,2022-07-06T10:30:00Z,2022-06-27,Gemeente,GM1991,Maashorst,<=2010,87,86,12+
4,2022-07-06T10:30:00Z,2022-06-27,Gemeente,GM1991,Maashorst,<2005,89,88,18+
4,2022-07-06T10:30:00Z,2022-06-27,Gemeente,GM1991,Maashorst,2005-2010,67,65,12-17
4,2022-07-06T10:30:00Z,2022-06-27,Veiligheidsregio,VR01,Groningen,<=2010,83,82,12+
4,2022-07-06T10:30:00Z,2022-06-27,Veiligheidsregio,VR01,Groningen,<2005,85,83,18+
4,2022-07-06T10:30:00Z,2022-06-27,Veiligheidsregio,VR01,Groningen,2005-2010,63,59,12-17
4,2022-07-06T10:30:00Z,2022-06-27,Veiligheidsregio,VR02,Frysln,<=2010,80,79,12+
4,2022-07-06T10:30:00Z,2022-06-27,Veiligheidsregio,VR02,Frysln,<2005,83,81,18+
4,2022-07-06T10:30:00Z,2022-06-27,Veiligheidsregio,VR02,Frysln,2005-2010,55,53,12-17
4,2022-07-06T10:30:00Z,2022-06-27,Veiligheidsregio,VR03,Drenthe,<=2010,85,84,12+
4,2022-07-06T10:30:00Z,2022-06-27,Veiligheidsregio,VR03,Drenthe,<2005,87,86,18+
4,2022-07-06T10:30:00Z,2022-06-27,Veiligheidsregio,VR03,Drenthe,2005-2010,64,61,12-17
4,2022-07-06T10:30:00Z,2022-06-27,Veiligheidsregio,VR04,IJsselland,<=2010,84,83,12+
4,2022-07-06T10:30:00Z,2022-06-27,Veiligheidsregio,VR04,IJsselland,<2005,86,85,18+
4,2022-07-06T10:30:00Z,2022-06-27,Veiligheidsregio,VR04,IJsselland,2005-2010,62,60,12-17
4,2022-07-06T10:30:00Z,2022-06-27,Veiligheidsregio,VR05,Twente,<=2010,83,82,12+
4,2022-07-06T10:30:00Z,2022-06-27,Veiligheidsregio,VR05,Twente,<2005,85,84,18+
4,2022-07-06T10:30:00Z,2022-06-27,Veiligheidsregio,VR05,Twente,2005-2010,62,60,12-17
4,2022-07-06T10:30:00Z,2022-06-27,Veiligheidsregio,VR06,Noord- en Oost-Gelderland,<=2010,85,84,12+
4,2022-07-06T10:30:00Z,2022-06-27,Veiligheidsregio,VR06,Noord- en Oost-Gelderland,<2005,87,86,18+
4,2022-07-06T10:30:00Z,2022-06-27,Veiligheidsregio,VR06,Noord- en Oost-Gelderland,2005-2010,63,60,12-17
4,2022-07-06T10:30:00Z,2022-06-27,Veiligheidsregio,VR07,Gelderland-Midden,<=2010,82,81,12+
4,2022-07-06T10:30:00Z,2022-06-27,Veiligheidsregio,VR07,Gelderland-Midden,<2005,84,83,18+
4,2022-07-06T10:30:00Z,2022-06-27,Veiligheidsregio,VR07,Gelderland-Midden,2005-2010,59,57,12-17
4,2022-07-06T10:30:00Z,2022-06-27,Veiligheidsregio,VR08,Gelderland-Zuid,<=2010,84,83,12+
4,2022-07-06T10:30:00Z,2022-06-27,Veiligheidsregio,VR08,Gelderland-Zuid,<2005,85,84,18+
4,2022-07-06T10:30:00Z,2022-06-27,Veiligheidsregio,VR08,Gelderland-Zuid,2005-2010,62,60,12-17
4,2022-07-06T10:30:00Z,2022-06-27,Veiligheidsregio,VR09,Utrecht,<=2010,84,83,12+
4,2022-07-06T10:30:00Z,2022-06-27,Veiligheidsregio,VR09,Utrecht,<2005,86,85,18+
4,2022-07-06T10:30:00Z,2022-06-27,Veiligheidsregio,VR09,Utrecht,2005-2010,61,60,12-17
4,2022-07-06T10:30:00Z,2022-06-27,Veiligheidsregio,VR10,Noord-Holland-Noord,<=2010,82,80,12+
4,2022-07-06T10:30:00Z,2022-06-27,Veiligheidsregio,VR10,Noord-Holland-Noord,<2005,83,82,18+
4,2022-07-06T10:30:00Z,2022-06-27,Veiligheidsregio,VR10,Noord-Holland-Noord,2005-2010,59,55,12-17
4,2022-07-06T10:30:00Z,2022-06-27,Veiligheidsregio,VR11,Zaanstreek-Waterland,<=2010,80,79,12+
4,2022-07-06T10:30:00Z,2022-06-27,Veiligheidsregio,VR11,Zaanstreek-Waterland,<2005,82,81,18+
4,2022-07-06T10:30:00Z,2022-06-27,Veiligheidsregio,VR11,Zaanstreek-Waterland,2005-2010,54,52,12-17
4,2022-07-06T10:30:00Z,2022-06-27,Veiligheidsregio,VR12,Kennemerland,<=2010,82,81,12+
4,2022-07-06T10:30:00Z,2022-06-27,Veiligheidsregio,VR12,Kennemerland,<2005,84,83,18+
4,2022-07-06T10:30:00Z,2022-06-27,Veiligheidsregio,VR12,Kennemerland,2005-2010,61,59,12-17
4,2022-07-06T10:30:00Z,2022-06-27,Veiligheidsregio,VR13,Amsterdam-Amstelland,<=2010,75,73,12+
4,2022-07-06T10:30:00Z,2022-06-27,Veiligheidsregio,VR13,Amsterdam-Amstelland,<2005,77,75,18+
4,2022-07-06T10:30:00Z,2022-06-27,Veiligheidsregio,VR13,Amsterdam-Amstelland,2005-2010,49,46,12-17
4,2022-07-06T10:30:00Z,2022-06-27,Veiligheidsregio,VR14,Gooi en Vechtstreek,<=2010,84,83,12+
4,2022-07-06T10:30:00Z,2022-06-27,Veiligheidsregio,VR14,Gooi en Vechtstreek,<2005,86,85,18+
4,2022-07-06T10:30:00Z,2022-06-27,Veiligheidsregio,VR14,Gooi en Vechtstreek,2005-2010,65,63,12-17
4,2022-07-06T10:30:00Z,2022-06-27,Veiligheidsregio,VR15,Haaglanden,<=2010,77,76,12+
4,2022-07-06T10:30:00Z,2022-06-27,Veiligheidsregio,VR15,Haaglanden,<2005,79,78,18+
4,2022-07-06T10:30:00Z,2022-06-27,Veiligheidsregio,VR15,Haaglanden,2005-2010,55,53,12-17
4,2022-07-06T10:30:00Z,2022-06-27,Veiligheidsregio,VR16,Hollands-Midden,<=2010,84,83,12+
4,2022-07-06T10:30:00Z,2022-06-27,Veiligheidsregio,VR16,Hollands-Midden,<2005,86,85,18+
4,2022-07-06T10:30:00Z,2022-06-27,Veiligheidsregio,VR16,Hollands-Midden,2005-2010,61,60,12-17
4,2022-07-06T10:30:00Z,2022-06-27,Veiligheidsregio,VR17,Rotterdam-Rijnmond,<=2010,74,73,12+
4,2022-07-06T10:30:00Z,2022-06-27,Veiligheidsregio,VR17,Rotterdam-Rijnmond,<2005,77,75,18+
4,2022-07-06T10:30:00Z,2022-06-27,Veiligheidsregio,VR17,Rotterdam-Rijnmond,2005-2010,47,45,12-17
4,2022-07-06T10:30:00Z,2022-06-27,Veiligheidsregio,VR18,Zuid-Holland-Zuid,<=2010,79,78,12+
4,2022-07-06T10:30:00Z,2022-06-27,Veiligheidsregio,VR18,Zuid-Holland-Zuid,<2005,81,80,18+
4,2022-07-06T10:30:00Z,2022-06-27,Veiligheidsregio,VR18,Zuid-Holland-Zuid,2005-2010,52,51,12-17
4,2022-07-06T10:30:00Z,2022-06-27,Veiligheidsregio,VR19,Zeeland,<=2010,79,78,12+
4,2022-07-06T10:30:00Z,2022-06-27,Veiligheidsregio,VR19,Zeeland,<2005,81,80,18+
4,2022-07-06T10:30:00Z,2022-06-27,Veiligheidsregio,VR19,Zeeland,2005-2010,55,50,12-17
4,2022-07-06T10:30:00Z,2022-06-27,Veiligheidsregio,VR20,Midden- en West-Brabant,<=2010,84,83,12+
4,2022-07-06T10:30:00Z,2022-06-27,Veiligheidsregio,VR20,Midden- en West-Brabant,<2005,86,85,18+
4,2022-07-06T10:30:00Z,2022-06-27,Veiligheidsregio,VR20,Midden- en West-Brabant,2005-2010,63,60,12-17
4,2022-07-06T10:30:00Z,2022-06-27,Veiligheidsregio,VR21,Brabant-Noord,<=2010,87,86,12+
4,2022-07-06T10:30:00Z,2022-06-27,Veiligheidsregio,VR21,Brabant-Noord,<2005,88,87,18+
4,2022-07-06T10:30:00Z,2022-06-27,Veiligheidsregio,VR21,Brabant-Noord,2005-2010,68,66,12-17
4,2022-07-06T10:30:00Z,2022-06-27,Veiligheidsregio,VR22,Brabant-Zuidoost,<=2010,84,83,12+
4,2022-07-06T10:30:00Z,2022-06-27,Veiligheidsregio,VR22,Brabant-Zuidoost,<2005,86,84,18+
4,2022-07-06T10:30:00Z,2022-06-27,Veiligheidsregio,VR22,Brabant-Zuidoost,2005-2010,64,60,12-17
4,2022-07-06T10:30:00Z,2022-06-27,Veiligheidsregio,VR23,Limburg-Noord,<=2010,84,82,12+
4,2022-07-06T10:30:00Z,2022-06-27,Veiligheidsregio,VR23,Limburg-Noord,<2005,85,84,18+
4,2022-07-06T10:30:00Z,2022-06-27,Veiligheidsregio,VR23,Limburg-Noord,2005-2010,62,56,12-17
4,2022-07-06T10:30:00Z,2022-06-27,Veiligheidsregio,VR24,Limburg-Zuid,<=2010,80,79,12+
4,2022-07-06T10:30:00Z,2022-06-27,Veiligheidsregio,VR24,Limburg-Zuid,<2005,82,81,18+
4,2022-07-06T10:30:00Z,2022-06-27,Veiligheidsregio,VR24,Limburg-Zuid,2005-2010,57,55,12-17
4,2022-07-06T10:30:00Z,2022-06-27,Veiligheidsregio,VR25,Flevoland,<=2010,73,72,12+
4,2022-07-06T10:30:00Z,2022-06-27,Veiligheidsregio,VR25,Flevoland,<2005,76,75,18+
4,2022-07-06T10:30:00Z,2022-06-27,Veiligheidsregio,VR25,Flevoland,2005-2010,47,45,12-17
