Version,Date_of_report,Date_of_statistics,Populatie,Region_level,Region_code,Region_name,Birth_year,Vaccination_coverage_partly,Vaccination_coverage_completed,Age_group
4,2022-07-20T10:30:00Z,2022-07-11,213606,Gemeente,GM0014,Groningen,<=2010,83,81,12+
4,2022-07-20T10:30:00Z,2022-07-11,201972,Gemeente,GM0014,Groningen,<2005,84,82,18+
4,2022-07-20T10:30:00Z,2022-07-11,11634,Gemeente,GM0014,Groningen,2005-2010,65,60,12-17
4,2022-07-20T10:30:00Z,2022-07-11,188761,Gemeente,GM0034,Almere,<=2010,74,73,12+
4,2022-07-20T10:30:00Z,2022-07-11,172374,Gemeente,GM0034,Almere,<2005,77,76,18+
4,2022-07-20T10:30:00Z,2022-07-11,16387,Gemeente,GM0034,Almere,2005-2010,48,46,12-17
4,2022-07-20T10:30:00Z,2022-07-11,28618,Gemeente,GM0037,Stadskanaal,<=2010,82,80,12+
4,2022-07-20T10:30:00Z,2022-07-11,26585,Gemeente,GM0037,Stadskanaal,<2005,84,83,18+
4,2022-07-20T10:30:00Z,2022-07-11,2033,Gemeente,GM0037,Stadskanaal,2005-2010,56,52,12-17
4,2022-07-20T10:30:00Z,2022-07-11,24666,Gemeente,GM0047,Veendam,<=2010,83,82,12+
4,2022-07-20T10:30:00Z,2022-07-11,22736,Gemeente,GM0047,Veendam,<2005,85,84,18+
4,2022-07-20T10:30:00Z,2022-07-11,1930,Gemeente,GM0047,Veendam,2005-2010,61,60,12-17
4,2022-07-20T10:30:00Z,2022-07-11,20561,Gemeente,GM0050,Zeewolde,<=2010,79,78,12+
4,2022-07-20T10:30:00Z,2022-07-11,18842,Gemeente,GM0050,Zeewolde,<2005,81,80,18+
4,2022-07-20T10:30:00Z,2022-07-11,1719,Gemeente,GM0050,Zeewolde,2005-2010,59,57,12-17
4,2022-07-20T10:30:00Z,2022-07-11,24614,Gemeente,GM0059,Achtkarspelen,<=2010,75,74,12+
4,2022-07-20T10:30:00Z,2022-07-11,22402,Gemeente,GM0059,Achtkarspelen,<2005,78,77,18+
4,2022-07-20T10:30:00Z,2022-07-11,2212,Gemeente,GM0059,Achtkarspelen,2005-2010,45,44,12-17
4,2022-07-20T10:30:00Z,2022-07-11,3421,Gemeente,GM0060,Ameland,<=2010,89,88,12+
4,2022-07-20T10:30:00Z,2022-07-11,3163,Gemeente,GM0060,Ameland,<2005,90,89,18+
4,2022-07-20T10:30:00Z,2022-07-11,258,Gemeente,GM0060,Ameland,2005-2010,74,71,12-17
4,2022-07-20T10:30:00Z,2022-07-11,14397,Gemeente,GM0072,Harlingen,<=2010,83,82,12+
4,2022-07-20T10:30:00Z,2022-07-11,13279,Gemeente,GM0072,Harlingen,<2005,84,83,18+
4,2022-07-20T10:30:00Z,2022-07-11,1118,Gemeente,GM0072,Harlingen,2005-2010,61,59,12-17
4,2022-07-20T10:30:00Z,2022-07-11,45450,Gemeente,GM0074,Heerenveen,<=2010,83,81,12+
4,2022-07-20T10:30:00Z,2022-07-11,41817,Gemeente,GM0074,Heerenveen,<2005,84,83,18+
4,2022-07-20T10:30:00Z,2022-07-11,3633,Gemeente,GM0074,Heerenveen,2005-2010,61,59,12-17
4,2022-07-20T10:30:00Z,2022-07-11,112277,Gemeente,GM0080,Leeuwarden,<=2010,80,78,12+
4,2022-07-20T10:30:00Z,2022-07-11,104420,Gemeente,GM0080,Leeuwarden,<2005,81,80,18+
4,2022-07-20T10:30:00Z,2022-07-11,7857,Gemeente,GM0080,Leeuwarden,2005-2010,56,54,12-17
4,2022-07-20T10:30:00Z,2022-07-11,23089,Gemeente,GM0085,Ooststellingwerf,<=2010,82,81,12+
4,2022-07-20T10:30:00Z,2022-07-11,21364,Gemeente,GM0085,Ooststellingwerf,<2005,84,83,18+
4,2022-07-20T10:30:00Z,2022-07-11,1725,Gemeente,GM0085,Ooststellingwerf,2005-2010,58,56,12-17
4,2022-07-20T10:30:00Z,2022-07-11,26542,Gemeente,GM0086,Opsterland,<=2010,81,80,12+
4,2022-07-20T10:30:00Z,2022-07-11,24369,Gemeente,GM0086,Opsterland,<2005,83,82,18+
4,2022-07-20T10:30:00Z,2022-07-11,2173,Gemeente,GM0086,Opsterland,2005-2010,55,53,12-17
4,2022-07-20T10:30:00Z,2022-07-11,913,Gemeente,GM0088,Schiermonnikoog,<=2010,9999,9999,12+
4,2022-07-20T10:30:00Z,2022-07-11,872,Gemeente,GM0088,Schiermonnikoog,<2005,89,89,18+
4,2022-07-20T10:30:00Z,2022-07-11,41,Gemeente,GM0088,Schiermonnikoog,2005-2010,9999,9999,12-17
4,2022-07-20T10:30:00Z,2022-07-11,49463,Gemeente,GM0090,Smallingerland,<=2010,79,78,12+
4,2022-07-20T10:30:00Z,2022-07-11,45412,Gemeente,GM0090,Smallingerland,<2005,81,80,18+
4,2022-07-20T10:30:00Z,2022-07-11,4051,Gemeente,GM0090,Smallingerland,2005-2010,53,51,12-17
4,2022-07-20T10:30:00Z,2022-07-11,4506,Gemeente,GM0093,Terschelling,<=2010,90,89,12+
4,2022-07-20T10:30:00Z,2022-07-11,4253,Gemeente,GM0093,Terschelling,<2005,91,90,18+
4,2022-07-20T10:30:00Z,2022-07-11,253,Gemeente,GM0093,Terschelling,2005-2010,70,65,12-17
4,2022-07-20T10:30:00Z,2022-07-11,1210,Gemeente,GM0096,Vlieland,<=2010,82,81,12+
4,2022-07-20T10:30:00Z,2022-07-11,1149,Gemeente,GM0096,Vlieland,<2005,83,81,18+
4,2022-07-20T10:30:00Z,2022-07-11,61,Gemeente,GM0096,Vlieland,2005-2010,75,72,12-17
4,2022-07-20T10:30:00Z,2022-07-11,23431,Gemeente,GM0098,Weststellingwerf,<=2010,82,81,12+
4,2022-07-20T10:30:00Z,2022-07-11,21688,Gemeente,GM0098,Weststellingwerf,<2005,84,83,18+
4,2022-07-20T10:30:00Z,2022-07-11,1743,Gemeente,GM0098,Weststellingwerf,2005-2010,58,56,12-17
4,2022-07-20T10:30:00Z,2022-07-11,61329,Gemeente,GM0106,Assen,<=2010,85,84,12+
4,2022-07-20T10:30:00Z,2022-07-11,56229,Gemeente,GM0106,Assen,<2005,87,86,18+
4,2022-07-20T10:30:00Z,2022-07-11,5100,Gemeente,GM0106,Assen,2005-2010,66,64,12-17
4,2022-07-20T10:30:00Z,2022-07-11,31894,Gemeente,GM0109,Coevorden,<=2010,86,85,12+
4,2022-07-20T10:30:00Z,2022-07-11,29518,Gemeente,GM0109,Coevorden,<2005,88,87,18+
4,2022-07-20T10:30:00Z,2022-07-11,2376,Gemeente,GM0109,Coevorden,2005-2010,64,61,12-17
4,2022-07-20T10:30:00Z,2022-07-11,97292,Gemeente,GM0114,Emmen,<=2010,84,82,12+
4,2022-07-20T10:30:00Z,2022-07-11,90203,Gemeente,GM0114,Emmen,<2005,86,84,18+
4,2022-07-20T10:30:00Z,2022-07-11,7089,Gemeente,GM0114,Emmen,2005-2010,61,58,12-17
4,2022-07-20T10:30:00Z,2022-07-11,49605,Gemeente,GM0118,Hoogeveen,<=2010,80,78,12+
4,2022-07-20T10:30:00Z,2022-07-11,45533,Gemeente,GM0118,Hoogeveen,<2005,82,81,18+
4,2022-07-20T10:30:00Z,2022-07-11,4072,Gemeente,GM0118,Hoogeveen,2005-2010,54,52,12-17
4,2022-07-20T10:30:00Z,2022-07-11,31058,Gemeente,GM0119,Meppel,<=2010,84,83,12+
4,2022-07-20T10:30:00Z,2022-07-11,28424,Gemeente,GM0119,Meppel,<2005,86,85,18+
4,2022-07-20T10:30:00Z,2022-07-11,2634,Gemeente,GM0119,Meppel,2005-2010,65,62,12-17
4,2022-07-20T10:30:00Z,2022-07-11,65425,Gemeente,GM0141,Almelo,<=2010,80,78,12+
4,2022-07-20T10:30:00Z,2022-07-11,60171,Gemeente,GM0141,Almelo,<2005,82,80,18+
4,2022-07-20T10:30:00Z,2022-07-11,5254,Gemeente,GM0141,Almelo,2005-2010,56,55,12-17
4,2022-07-20T10:30:00Z,2022-07-11,21118,Gemeente,GM0147,Borne,<=2010,89,88,12+
4,2022-07-20T10:30:00Z,2022-07-11,19407,Gemeente,GM0147,Borne,<2005,90,89,18+
4,2022-07-20T10:30:00Z,2022-07-11,1711,Gemeente,GM0147,Borne,2005-2010,69,67,12-17
4,2022-07-20T10:30:00Z,2022-07-11,25751,Gemeente,GM0148,Dalfsen,<=2010,88,87,12+
4,2022-07-20T10:30:00Z,2022-07-11,23592,Gemeente,GM0148,Dalfsen,<2005,90,89,18+
4,2022-07-20T10:30:00Z,2022-07-11,2159,Gemeente,GM0148,Dalfsen,2005-2010,68,66,12-17
4,2022-07-20T10:30:00Z,2022-07-11,90188,Gemeente,GM0150,Deventer,<=2010,84,83,12+
4,2022-07-20T10:30:00Z,2022-07-11,83078,Gemeente,GM0150,Deventer,<2005,86,85,18+
4,2022-07-20T10:30:00Z,2022-07-11,7110,Gemeente,GM0150,Deventer,2005-2010,64,61,12-17
4,2022-07-20T10:30:00Z,2022-07-11,143473,Gemeente,GM0153,Enschede,<=2010,78,77,12+
4,2022-07-20T10:30:00Z,2022-07-11,133313,Gemeente,GM0153,Enschede,<2005,80,79,18+
4,2022-07-20T10:30:00Z,2022-07-11,10160,Gemeente,GM0153,Enschede,2005-2010,54,52,12-17
4,2022-07-20T10:30:00Z,2022-07-11,21826,Gemeente,GM0158,Haaksbergen,<=2010,88,87,12+
4,2022-07-20T10:30:00Z,2022-07-11,20127,Gemeente,GM0158,Haaksbergen,<2005,89,89,18+
4,2022-07-20T10:30:00Z,2022-07-11,1699,Gemeente,GM0158,Haaksbergen,2005-2010,71,69,12-17
4,2022-07-20T10:30:00Z,2022-07-11,54336,Gemeente,GM0160,Hardenberg,<=2010,86,85,12+
4,2022-07-20T10:30:00Z,2022-07-11,49670,Gemeente,GM0160,Hardenberg,<2005,88,87,18+
4,2022-07-20T10:30:00Z,2022-07-11,4666,Gemeente,GM0160,Hardenberg,2005-2010,64,62,12-17
4,2022-07-20T10:30:00Z,2022-07-11,32108,Gemeente,GM0163,Hellendoorn,<=2010,89,88,12+
4,2022-07-20T10:30:00Z,2022-07-11,29481,Gemeente,GM0163,Hellendoorn,<2005,90,89,18+
4,2022-07-20T10:30:00Z,2022-07-11,2627,Gemeente,GM0163,Hellendoorn,2005-2010,70,69,12-17
4,2022-07-20T10:30:00Z,2022-07-11,73523,Gemeente,GM0164,Hengelo,<=2010,83,82,12+
4,2022-07-20T10:30:00Z,2022-07-11,67964,Gemeente,GM0164,Hengelo,<2005,85,84,18+
4,2022-07-20T10:30:00Z,2022-07-11,5559,Gemeente,GM0164,Hengelo,2005-2010,61,60,12-17
4,2022-07-20T10:30:00Z,2022-07-11,47492,Gemeente,GM0166,Kampen,<=2010,79,78,12+
4,2022-07-20T10:30:00Z,2022-07-11,43064,Gemeente,GM0166,Kampen,<2005,82,81,18+
4,2022-07-20T10:30:00Z,2022-07-11,4428,Gemeente,GM0166,Kampen,2005-2010,54,52,12-17
4,2022-07-20T10:30:00Z,2022-07-11,20756,Gemeente,GM0168,Losser,<=2010,88,87,12+
4,2022-07-20T10:30:00Z,2022-07-11,19160,Gemeente,GM0168,Losser,<2005,89,88,18+
4,2022-07-20T10:30:00Z,2022-07-11,1596,Gemeente,GM0168,Losser,2005-2010,68,67,12-17
4,2022-07-20T10:30:00Z,2022-07-11,42360,Gemeente,GM0171,Noordoostpolder,<=2010,76,75,12+
4,2022-07-20T10:30:00Z,2022-07-11,38683,Gemeente,GM0171,Noordoostpolder,<2005,79,78,18+
4,2022-07-20T10:30:00Z,2022-07-11,3677,Gemeente,GM0171,Noordoostpolder,2005-2010,52,50,12-17
4,2022-07-20T10:30:00Z,2022-07-11,28533,Gemeente,GM0173,Oldenzaal,<=2010,88,87,12+
4,2022-07-20T10:30:00Z,2022-07-11,26087,Gemeente,GM0173,Oldenzaal,<2005,90,89,18+
4,2022-07-20T10:30:00Z,2022-07-11,2446,Gemeente,GM0173,Oldenzaal,2005-2010,69,67,12-17
4,2022-07-20T10:30:00Z,2022-07-11,16500,Gemeente,GM0175,Ommen,<=2010,86,84,12+
4,2022-07-20T10:30:00Z,2022-07-11,15126,Gemeente,GM0175,Ommen,<2005,87,86,18+
4,2022-07-20T10:30:00Z,2022-07-11,1374,Gemeente,GM0175,Ommen,2005-2010,66,65,12-17
4,2022-07-20T10:30:00Z,2022-07-11,33895,Gemeente,GM0177,Raalte,<=2010,92,91,12+
4,2022-07-20T10:30:00Z,2022-07-11,31302,Gemeente,GM0177,Raalte,<2005,93,92,18+
4,2022-07-20T10:30:00Z,2022-07-11,2593,Gemeente,GM0177,Raalte,2005-2010,74,72,12-17
4,2022-07-20T10:30:00Z,2022-07-11,14547,Gemeente,GM0180,Staphorst,<=2010,56,55,12+
4,2022-07-20T10:30:00Z,2022-07-11,12957,Gemeente,GM0180,Staphorst,<2005,60,59,18+
4,2022-07-20T10:30:00Z,2022-07-11,1590,Gemeente,GM0180,Staphorst,2005-2010,28,27,12-17
4,2022-07-20T10:30:00Z,2022-07-11,18998,Gemeente,GM0183,Tubbergen,<=2010,90,89,12+
4,2022-07-20T10:30:00Z,2022-07-11,17417,Gemeente,GM0183,Tubbergen,<2005,92,90,18+
4,2022-07-20T10:30:00Z,2022-07-11,1581,Gemeente,GM0183,Tubbergen,2005-2010,72,71,12-17
4,2022-07-20T10:30:00Z,2022-07-11,17274,Gemeente,GM0184,Urk,<=2010,30,30,12+
4,2022-07-20T10:30:00Z,2022-07-11,14871,Gemeente,GM0184,Urk,<2005,34,33,18+
4,2022-07-20T10:30:00Z,2022-07-11,2403,Gemeente,GM0184,Urk,2005-2010,9,9,12-17
4,2022-07-20T10:30:00Z,2022-07-11,21734,Gemeente,GM0189,Wierden,<=2010,88,87,12+
4,2022-07-20T10:30:00Z,2022-07-11,19856,Gemeente,GM0189,Wierden,<2005,90,89,18+
4,2022-07-20T10:30:00Z,2022-07-11,1878,Gemeente,GM0189,Wierden,2005-2010,67,65,12-17
4,2022-07-20T10:30:00Z,2022-07-11,114737,Gemeente,GM0193,Zwolle,<=2010,85,84,12+
4,2022-07-20T10:30:00Z,2022-07-11,105243,Gemeente,GM0193,Zwolle,<2005,86,86,18+
4,2022-07-20T10:30:00Z,2022-07-11,9494,Gemeente,GM0193,Zwolle,2005-2010,65,63,12-17
4,2022-07-20T10:30:00Z,2022-07-11,24247,Gemeente,GM0197,Aalten,<=2010,88,87,12+
4,2022-07-20T10:30:00Z,2022-07-11,22274,Gemeente,GM0197,Aalten,<2005,90,89,18+
4,2022-07-20T10:30:00Z,2022-07-11,1973,Gemeente,GM0197,Aalten,2005-2010,73,68,12-17
4,2022-07-20T10:30:00Z,2022-07-11,147207,Gemeente,GM0200,Apeldoorn,<=2010,82,81,12+
4,2022-07-20T10:30:00Z,2022-07-11,136121,Gemeente,GM0200,Apeldoorn,<2005,84,83,18+
4,2022-07-20T10:30:00Z,2022-07-11,11086,Gemeente,GM0200,Apeldoorn,2005-2010,61,59,12-17
4,2022-07-20T10:30:00Z,2022-07-11,146087,Gemeente,GM0202,Arnhem,<=2010,79,78,12+
4,2022-07-20T10:30:00Z,2022-07-11,135540,Gemeente,GM0202,Arnhem,<2005,81,80,18+
4,2022-07-20T10:30:00Z,2022-07-11,10547,Gemeente,GM0202,Arnhem,2005-2010,57,55,12-17
4,2022-07-20T10:30:00Z,2022-07-11,50887,Gemeente,GM0203,Barneveld,<=2010,68,67,12+
4,2022-07-20T10:30:00Z,2022-07-11,45806,Gemeente,GM0203,Barneveld,<2005,71,70,18+
4,2022-07-20T10:30:00Z,2022-07-11,5081,Gemeente,GM0203,Barneveld,2005-2010,39,38,12-17
4,2022-07-20T10:30:00Z,2022-07-11,23247,Gemeente,GM0209,Beuningen,<=2010,90,89,12+
4,2022-07-20T10:30:00Z,2022-07-11,21636,Gemeente,GM0209,Beuningen,<2005,91,90,18+
4,2022-07-20T10:30:00Z,2022-07-11,1611,Gemeente,GM0209,Beuningen,2005-2010,73,70,12-17
4,2022-07-20T10:30:00Z,2022-07-11,18966,Gemeente,GM0213,Brummen,<=2010,87,86,12+
4,2022-07-20T10:30:00Z,2022-07-11,17676,Gemeente,GM0213,Brummen,<2005,89,87,18+
4,2022-07-20T10:30:00Z,2022-07-11,1290,Gemeente,GM0213,Brummen,2005-2010,67,62,12-17
4,2022-07-20T10:30:00Z,2022-07-11,24312,Gemeente,GM0214,Buren,<=2010,84,83,12+
4,2022-07-20T10:30:00Z,2022-07-11,22425,Gemeente,GM0214,Buren,<2005,86,85,18+
4,2022-07-20T10:30:00Z,2022-07-11,1887,Gemeente,GM0214,Buren,2005-2010,61,59,12-17
4,2022-07-20T10:30:00Z,2022-07-11,25745,Gemeente,GM0216,Culemborg,<=2010,84,83,12+
4,2022-07-20T10:30:00Z,2022-07-11,23659,Gemeente,GM0216,Culemborg,<2005,86,85,18+
4,2022-07-20T10:30:00Z,2022-07-11,2086,Gemeente,GM0216,Culemborg,2005-2010,61,59,12-17
4,2022-07-20T10:30:00Z,2022-07-11,10122,Gemeente,GM0221,Doesburg,<=2010,85,84,12+
4,2022-07-20T10:30:00Z,2022-07-11,9429,Gemeente,GM0221,Doesburg,<2005,87,86,18+
4,2022-07-20T10:30:00Z,2022-07-11,693,Gemeente,GM0221,Doesburg,2005-2010,64,59,12-17
4,2022-07-20T10:30:00Z,2022-07-11,52223,Gemeente,GM0222,Doetinchem,<=2010,86,85,12+
4,2022-07-20T10:30:00Z,2022-07-11,48295,Gemeente,GM0222,Doetinchem,<2005,88,87,18+
4,2022-07-20T10:30:00Z,2022-07-11,3928,Gemeente,GM0222,Doetinchem,2005-2010,64,61,12-17
4,2022-07-20T10:30:00Z,2022-07-11,17289,Gemeente,GM0225,Druten,<=2010,89,88,12+
4,2022-07-20T10:30:00Z,2022-07-11,15948,Gemeente,GM0225,Druten,<2005,90,89,18+
4,2022-07-20T10:30:00Z,2022-07-11,1341,Gemeente,GM0225,Druten,2005-2010,70,69,12-17
4,2022-07-20T10:30:00Z,2022-07-11,22336,Gemeente,GM0226,Duiven,<=2010,89,88,12+
4,2022-07-20T10:30:00Z,2022-07-11,20631,Gemeente,GM0226,Duiven,<2005,91,90,18+
4,2022-07-20T10:30:00Z,2022-07-11,1705,Gemeente,GM0226,Duiven,2005-2010,72,70,12-17
4,2022-07-20T10:30:00Z,2022-07-11,104562,Gemeente,GM0228,Ede,<=2010,77,76,12+
4,2022-07-20T10:30:00Z,2022-07-11,95765,Gemeente,GM0228,Ede,<2005,80,79,18+
4,2022-07-20T10:30:00Z,2022-07-11,8797,Gemeente,GM0228,Ede,2005-2010,51,49,12-17
4,2022-07-20T10:30:00Z,2022-07-11,20648,Gemeente,GM0230,Elburg,<=2010,80,79,12+
4,2022-07-20T10:30:00Z,2022-07-11,18851,Gemeente,GM0230,Elburg,<2005,83,82,18+
4,2022-07-20T10:30:00Z,2022-07-11,1797,Gemeente,GM0230,Elburg,2005-2010,53,51,12-17
4,2022-07-20T10:30:00Z,2022-07-11,29702,Gemeente,GM0232,Epe,<=2010,84,83,12+
4,2022-07-20T10:30:00Z,2022-07-11,27535,Gemeente,GM0232,Epe,<2005,86,85,18+
4,2022-07-20T10:30:00Z,2022-07-11,2167,Gemeente,GM0232,Epe,2005-2010,61,59,12-17
4,2022-07-20T10:30:00Z,2022-07-11,24315,Gemeente,GM0233,Ermelo,<=2010,81,78,12+
4,2022-07-20T10:30:00Z,2022-07-11,22404,Gemeente,GM0233,Ermelo,<2005,83,80,18+
4,2022-07-20T10:30:00Z,2022-07-11,1911,Gemeente,GM0233,Ermelo,2005-2010,56,53,12-17
4,2022-07-20T10:30:00Z,2022-07-11,42651,Gemeente,GM0243,Harderwijk,<=2010,82,80,12+
4,2022-07-20T10:30:00Z,2022-07-11,39053,Gemeente,GM0243,Harderwijk,<2005,84,82,18+
4,2022-07-20T10:30:00Z,2022-07-11,3598,Gemeente,GM0243,Harderwijk,2005-2010,60,57,12-17
4,2022-07-20T10:30:00Z,2022-07-11,10873,Gemeente,GM0244,Hattem,<=2010,88,87,12+
4,2022-07-20T10:30:00Z,2022-07-11,9915,Gemeente,GM0244,Hattem,<2005,90,89,18+
4,2022-07-20T10:30:00Z,2022-07-11,958,Gemeente,GM0244,Hattem,2005-2010,71,68,12-17
4,2022-07-20T10:30:00Z,2022-07-11,16969,Gemeente,GM0246,Heerde,<=2010,86,85,12+
4,2022-07-20T10:30:00Z,2022-07-11,15600,Gemeente,GM0246,Heerde,<2005,88,87,18+
4,2022-07-20T10:30:00Z,2022-07-11,1369,Gemeente,GM0246,Heerde,2005-2010,63,60,12-17
4,2022-07-20T10:30:00Z,2022-07-11,14950,Gemeente,GM0252,Heumen,<=2010,91,90,12+
4,2022-07-20T10:30:00Z,2022-07-11,13810,Gemeente,GM0252,Heumen,<2005,92,91,18+
4,2022-07-20T10:30:00Z,2022-07-11,1140,Gemeente,GM0252,Heumen,2005-2010,73,70,12-17
4,2022-07-20T10:30:00Z,2022-07-11,30996,Gemeente,GM0262,Lochem,<=2010,89,87,12+
4,2022-07-20T10:30:00Z,2022-07-11,28605,Gemeente,GM0262,Lochem,<2005,90,89,18+
4,2022-07-20T10:30:00Z,2022-07-11,2391,Gemeente,GM0262,Lochem,2005-2010,69,64,12-17
4,2022-07-20T10:30:00Z,2022-07-11,22958,Gemeente,GM0263,Maasdriel,<=2010,83,82,12+
4,2022-07-20T10:30:00Z,2022-07-11,21241,Gemeente,GM0263,Maasdriel,<2005,84,83,18+
4,2022-07-20T10:30:00Z,2022-07-11,1717,Gemeente,GM0263,Maasdriel,2005-2010,65,62,12-17
4,2022-07-20T10:30:00Z,2022-07-11,38625,Gemeente,GM0267,Nijkerk,<=2010,83,82,12+
4,2022-07-20T10:30:00Z,2022-07-11,35176,Gemeente,GM0267,Nijkerk,<2005,85,85,18+
4,2022-07-20T10:30:00Z,2022-07-11,3449,Gemeente,GM0267,Nijkerk,2005-2010,59,58,12-17
4,2022-07-20T10:30:00Z,2022-07-11,161419,Gemeente,GM0268,Nijmegen,<=2010,85,83,12+
4,2022-07-20T10:30:00Z,2022-07-11,151713,Gemeente,GM0268,Nijmegen,<2005,86,85,18+
4,2022-07-20T10:30:00Z,2022-07-11,9706,Gemeente,GM0268,Nijmegen,2005-2010,62,60,12-17
4,2022-07-20T10:30:00Z,2022-07-11,20996,Gemeente,GM0269,Oldebroek,<=2010,79,78,12+
4,2022-07-20T10:30:00Z,2022-07-11,19069,Gemeente,GM0269,Oldebroek,<2005,82,81,18+
4,2022-07-20T10:30:00Z,2022-07-11,1927,Gemeente,GM0269,Oldebroek,2005-2010,52,50,12-17
4,2022-07-20T10:30:00Z,2022-07-11,21670,Gemeente,GM0273,Putten,<=2010,81,80,12+
4,2022-07-20T10:30:00Z,2022-07-11,19784,Gemeente,GM0273,Putten,<2005,84,82,18+
4,2022-07-20T10:30:00Z,2022-07-11,1886,Gemeente,GM0273,Putten,2005-2010,57,55,12-17
4,2022-07-20T10:30:00Z,2022-07-11,28436,Gemeente,GM0274,Renkum,<=2010,88,87,12+
4,2022-07-20T10:30:00Z,2022-07-11,26313,Gemeente,GM0274,Renkum,<2005,90,89,18+
4,2022-07-20T10:30:00Z,2022-07-11,2123,Gemeente,GM0274,Renkum,2005-2010,71,68,12-17
4,2022-07-20T10:30:00Z,2022-07-11,39031,Gemeente,GM0275,Rheden,<=2010,86,85,12+
4,2022-07-20T10:30:00Z,2022-07-11,36372,Gemeente,GM0275,Rheden,<2005,88,87,18+
4,2022-07-20T10:30:00Z,2022-07-11,2659,Gemeente,GM0275,Rheden,2005-2010,65,61,12-17
4,2022-07-20T10:30:00Z,2022-07-11,1524,Gemeente,GM0277,Rozendaal,<=2010,92,91,12+
4,2022-07-20T10:30:00Z,2022-07-11,1355,Gemeente,GM0277,Rozendaal,<2005,94,93,18+
4,2022-07-20T10:30:00Z,2022-07-11,169,Gemeente,GM0277,Rozendaal,2005-2010,82,76,12-17
4,2022-07-20T10:30:00Z,2022-07-11,8820,Gemeente,GM0279,Scherpenzeel,<=2010,74,73,12+
4,2022-07-20T10:30:00Z,2022-07-11,8046,Gemeente,GM0279,Scherpenzeel,<2005,77,76,18+
4,2022-07-20T10:30:00Z,2022-07-11,774,Gemeente,GM0279,Scherpenzeel,2005-2010,43,42,12-17
4,2022-07-20T10:30:00Z,2022-07-11,37665,Gemeente,GM0281,Tiel,<=2010,80,78,12+
4,2022-07-20T10:30:00Z,2022-07-11,34823,Gemeente,GM0281,Tiel,<2005,81,80,18+
4,2022-07-20T10:30:00Z,2022-07-11,2842,Gemeente,GM0281,Tiel,2005-2010,57,54,12-17
4,2022-07-20T10:30:00Z,2022-07-11,22192,Gemeente,GM0285,Voorst,<=2010,89,88,12+
4,2022-07-20T10:30:00Z,2022-07-11,20433,Gemeente,GM0285,Voorst,<2005,91,90,18+
4,2022-07-20T10:30:00Z,2022-07-11,1759,Gemeente,GM0285,Voorst,2005-2010,70,67,12-17
4,2022-07-20T10:30:00Z,2022-07-11,36453,Gemeente,GM0289,Wageningen,<=2010,85,84,12+
4,2022-07-20T10:30:00Z,2022-07-11,34361,Gemeente,GM0289,Wageningen,<2005,86,85,18+
4,2022-07-20T10:30:00Z,2022-07-11,2092,Gemeente,GM0289,Wageningen,2005-2010,72,69,12-17
4,2022-07-20T10:30:00Z,2022-07-11,13258,Gemeente,GM0293,Westervoort,<=2010,86,86,12+
4,2022-07-20T10:30:00Z,2022-07-11,12316,Gemeente,GM0293,Westervoort,<2005,88,87,18+
4,2022-07-20T10:30:00Z,2022-07-11,942,Gemeente,GM0293,Westervoort,2005-2010,63,61,12-17
4,2022-07-20T10:30:00Z,2022-07-11,26281,Gemeente,GM0294,Winterswijk,<=2010,87,85,12+
4,2022-07-20T10:30:00Z,2022-07-11,24272,Gemeente,GM0294,Winterswijk,<2005,88,87,18+
4,2022-07-20T10:30:00Z,2022-07-11,2009,Gemeente,GM0294,Winterswijk,2005-2010,65,62,12-17
4,2022-07-20T10:30:00Z,2022-07-11,37005,Gemeente,GM0296,Wijchen,<=2010,90,89,12+
4,2022-07-20T10:30:00Z,2022-07-11,34072,Gemeente,GM0296,Wijchen,<2005,91,90,18+
4,2022-07-20T10:30:00Z,2022-07-11,2933,Gemeente,GM0296,Wijchen,2005-2010,73,71,12-17
4,2022-07-20T10:30:00Z,2022-07-11,26260,Gemeente,GM0297,Zaltbommel,<=2010,76,75,12+
4,2022-07-20T10:30:00Z,2022-07-11,23913,Gemeente,GM0297,Zaltbommel,<2005,78,77,18+
4,2022-07-20T10:30:00Z,2022-07-11,2347,Gemeente,GM0297,Zaltbommel,2005-2010,52,51,12-17
4,2022-07-20T10:30:00Z,2022-07-11,40014,Gemeente,GM0299,Zevenaar,<=2010,88,87,12+
4,2022-07-20T10:30:00Z,2022-07-11,37255,Gemeente,GM0299,Zevenaar,<2005,89,89,18+
4,2022-07-20T10:30:00Z,2022-07-11,2759,Gemeente,GM0299,Zevenaar,2005-2010,70,67,12-17
4,2022-07-20T10:30:00Z,2022-07-11,43495,Gemeente,GM0301,Zutphen,<=2010,83,81,12+
4,2022-07-20T10:30:00Z,2022-07-11,40071,Gemeente,GM0301,Zutphen,<2005,84,83,18+
4,2022-07-20T10:30:00Z,2022-07-11,3424,Gemeente,GM0301,Zutphen,2005-2010,62,57,12-17
4,2022-07-20T10:30:00Z,2022-07-11,24489,Gemeente,GM0302,Nunspeet,<=2010,73,71,12+
4,2022-07-20T10:30:00Z,2022-07-11,22354,Gemeente,GM0302,Nunspeet,<2005,76,74,18+
4,2022-07-20T10:30:00Z,2022-07-11,2135,Gemeente,GM0302,Nunspeet,2005-2010,46,44,12-17
4,2022-07-20T10:30:00Z,2022-07-11,38064,Gemeente,GM0303,Dronten,<=2010,81,80,12+
4,2022-07-20T10:30:00Z,2022-07-11,34873,Gemeente,GM0303,Dronten,<2005,83,82,18+
4,2022-07-20T10:30:00Z,2022-07-11,3191,Gemeente,GM0303,Dronten,2005-2010,57,54,12-17
4,2022-07-20T10:30:00Z,2022-07-11,139174,Gemeente,GM0307,Amersfoort,<=2010,84,83,12+
4,2022-07-20T10:30:00Z,2022-07-11,127020,Gemeente,GM0307,Amersfoort,<2005,86,85,18+
4,2022-07-20T10:30:00Z,2022-07-11,12154,Gemeente,GM0307,Amersfoort,2005-2010,62,61,12-17
4,2022-07-20T10:30:00Z,2022-07-11,21975,Gemeente,GM0308,Baarn,<=2010,86,85,12+
4,2022-07-20T10:30:00Z,2022-07-11,20308,Gemeente,GM0308,Baarn,<2005,87,86,18+
4,2022-07-20T10:30:00Z,2022-07-11,1667,Gemeente,GM0308,Baarn,2005-2010,67,66,12-17
4,2022-07-20T10:30:00Z,2022-07-11,38053,Gemeente,GM0310,De Bilt,<=2010,86,85,12+
4,2022-07-20T10:30:00Z,2022-07-11,34767,Gemeente,GM0310,De Bilt,<2005,88,87,18+
4,2022-07-20T10:30:00Z,2022-07-11,3286,Gemeente,GM0310,De Bilt,2005-2010,69,67,12-17
4,2022-07-20T10:30:00Z,2022-07-11,13729,Gemeente,GM0312,Bunnik,<=2010,91,90,12+
4,2022-07-20T10:30:00Z,2022-07-11,12552,Gemeente,GM0312,Bunnik,<2005,92,91,18+
4,2022-07-20T10:30:00Z,2022-07-11,1177,Gemeente,GM0312,Bunnik,2005-2010,77,75,12-17
4,2022-07-20T10:30:00Z,2022-07-11,19241,Gemeente,GM0313,Bunschoten,<=2010,80,79,12+
4,2022-07-20T10:30:00Z,2022-07-11,17473,Gemeente,GM0313,Bunschoten,<2005,83,82,18+
4,2022-07-20T10:30:00Z,2022-07-11,1768,Gemeente,GM0313,Bunschoten,2005-2010,55,53,12-17
4,2022-07-20T10:30:00Z,2022-07-11,8368,Gemeente,GM0317,Eemnes,<=2010,87,86,12+
4,2022-07-20T10:30:00Z,2022-07-11,7676,Gemeente,GM0317,Eemnes,<2005,89,88,18+
4,2022-07-20T10:30:00Z,2022-07-11,692,Gemeente,GM0317,Eemnes,2005-2010,68,67,12-17
4,2022-07-20T10:30:00Z,2022-07-11,43949,Gemeente,GM0321,Houten,<=2010,89,89,12+
4,2022-07-20T10:30:00Z,2022-07-11,39612,Gemeente,GM0321,Houten,<2005,91,90,18+
4,2022-07-20T10:30:00Z,2022-07-11,4337,Gemeente,GM0321,Houten,2005-2010,74,73,12-17
4,2022-07-20T10:30:00Z,2022-07-11,27182,Gemeente,GM0327,Leusden,<=2010,88,87,12+
4,2022-07-20T10:30:00Z,2022-07-11,24973,Gemeente,GM0327,Leusden,<2005,90,89,18+
4,2022-07-20T10:30:00Z,2022-07-11,2209,Gemeente,GM0327,Leusden,2005-2010,69,67,12-17
4,2022-07-20T10:30:00Z,2022-07-11,12752,Gemeente,GM0331,Lopik,<=2010,84,83,12+
4,2022-07-20T10:30:00Z,2022-07-11,11706,Gemeente,GM0331,Lopik,<2005,85,85,18+
4,2022-07-20T10:30:00Z,2022-07-11,1046,Gemeente,GM0331,Lopik,2005-2010,64,63,12-17
4,2022-07-20T10:30:00Z,2022-07-11,12224,Gemeente,GM0335,Montfoort,<=2010,85,85,12+
4,2022-07-20T10:30:00Z,2022-07-11,11119,Gemeente,GM0335,Montfoort,<2005,87,87,18+
4,2022-07-20T10:30:00Z,2022-07-11,1105,Gemeente,GM0335,Montfoort,2005-2010,63,61,12-17
4,2022-07-20T10:30:00Z,2022-07-11,4853,Gemeente,GM0339,Renswoude,<=2010,70,69,12+
4,2022-07-20T10:30:00Z,2022-07-11,4409,Gemeente,GM0339,Renswoude,<2005,72,71,18+
4,2022-07-20T10:30:00Z,2022-07-11,444,Gemeente,GM0339,Renswoude,2005-2010,48,45,12-17
4,2022-07-20T10:30:00Z,2022-07-11,17741,Gemeente,GM0340,Rhenen,<=2010,75,74,12+
4,2022-07-20T10:30:00Z,2022-07-11,16159,Gemeente,GM0340,Rhenen,<2005,78,77,18+
4,2022-07-20T10:30:00Z,2022-07-11,1582,Gemeente,GM0340,Rhenen,2005-2010,48,46,12-17
4,2022-07-20T10:30:00Z,2022-07-11,41834,Gemeente,GM0342,Soest,<=2010,84,83,12+
4,2022-07-20T10:30:00Z,2022-07-11,38437,Gemeente,GM0342,Soest,<2005,86,85,18+
4,2022-07-20T10:30:00Z,2022-07-11,3397,Gemeente,GM0342,Soest,2005-2010,62,61,12-17
4,2022-07-20T10:30:00Z,2022-07-11,317413,Gemeente,GM0344,Utrecht,<=2010,82,81,12+
4,2022-07-20T10:30:00Z,2022-07-11,294938,Gemeente,GM0344,Utrecht,<2005,84,83,18+
4,2022-07-20T10:30:00Z,2022-07-11,22475,Gemeente,GM0344,Utrecht,2005-2010,57,55,12-17
4,2022-07-20T10:30:00Z,2022-07-11,58620,Gemeente,GM0345,Veenendaal,<=2010,78,77,12+
4,2022-07-20T10:30:00Z,2022-07-11,53671,Gemeente,GM0345,Veenendaal,<2005,81,80,18+
4,2022-07-20T10:30:00Z,2022-07-11,4949,Gemeente,GM0345,Veenendaal,2005-2010,49,48,12-17
4,2022-07-20T10:30:00Z,2022-07-11,11977,Gemeente,GM0351,Woudenberg,<=2010,79,78,12+
4,2022-07-20T10:30:00Z,2022-07-11,10892,Gemeente,GM0351,Woudenberg,<2005,81,81,18+
4,2022-07-20T10:30:00Z,2022-07-11,1085,Gemeente,GM0351,Woudenberg,2005-2010,53,51,12-17
4,2022-07-20T10:30:00Z,2022-07-11,21067,Gemeente,GM0352,Wijk bij Duurstede,<=2010,88,87,12+
4,2022-07-20T10:30:00Z,2022-07-11,19456,Gemeente,GM0352,Wijk bij Duurstede,<2005,89,89,18+
4,2022-07-20T10:30:00Z,2022-07-11,1611,Gemeente,GM0352,Wijk bij Duurstede,2005-2010,68,66,12-17
4,2022-07-20T10:30:00Z,2022-07-11,29707,Gemeente,GM0353,IJsselstein,<=2010,86,85,12+
4,2022-07-20T10:30:00Z,2022-07-11,27033,Gemeente,GM0353,IJsselstein,<2005,88,87,18+
4,2022-07-20T10:30:00Z,2022-07-11,2674,Gemeente,GM0353,IJsselstein,2005-2010,66,64,12-17
4,2022-07-20T10:30:00Z,2022-07-11,57743,Gemeente,GM0355,Zeist,<=2010,84,83,12+
4,2022-07-20T10:30:00Z,2022-07-11,52910,Gemeente,GM0355,Zeist,<2005,86,85,18+
4,2022-07-20T10:30:00Z,2022-07-11,4833,Gemeente,GM0355,Zeist,2005-2010,64,62,12-17
4,2022-07-20T10:30:00Z,2022-07-11,57218,Gemeente,GM0356,Nieuwegein,<=2010,84,83,12+
4,2022-07-20T10:30:00Z,2022-07-11,53318,Gemeente,GM0356,Nieuwegein,<2005,86,85,18+
4,2022-07-20T10:30:00Z,2022-07-11,3900,Gemeente,GM0356,Nieuwegein,2005-2010,59,58,12-17
4,2022-07-20T10:30:00Z,2022-07-11,28895,Gemeente,GM0358,Aalsmeer,<=2010,84,83,12+
4,2022-07-20T10:30:00Z,2022-07-11,26216,Gemeente,GM0358,Aalsmeer,<2005,85,84,18+
4,2022-07-20T10:30:00Z,2022-07-11,2679,Gemeente,GM0358,Aalsmeer,2005-2010,67,65,12-17
4,2022-07-20T10:30:00Z,2022-07-11,98338,Gemeente,GM0361,Alkmaar,<=2010,80,79,12+
4,2022-07-20T10:30:00Z,2022-07-11,91320,Gemeente,GM0361,Alkmaar,<2005,82,81,18+
4,2022-07-20T10:30:00Z,2022-07-11,7018,Gemeente,GM0361,Alkmaar,2005-2010,56,52,12-17
4,2022-07-20T10:30:00Z,2022-07-11,81005,Gemeente,GM0362,Amstelveen,<=2010,81,80,12+
4,2022-07-20T10:30:00Z,2022-07-11,74453,Gemeente,GM0362,Amstelveen,<2005,83,81,18+
4,2022-07-20T10:30:00Z,2022-07-11,6552,Gemeente,GM0362,Amstelveen,2005-2010,65,62,12-17
4,2022-07-20T10:30:00Z,2022-07-11,811208,Gemeente,GM0363,Amsterdam,<=2010,73,72,12+
4,2022-07-20T10:30:00Z,2022-07-11,763048,Gemeente,GM0363,Amsterdam,<2005,75,74,18+
4,2022-07-20T10:30:00Z,2022-07-11,48160,Gemeente,GM0363,Amsterdam,2005-2010,45,42,12-17
4,2022-07-20T10:30:00Z,2022-07-11,27562,Gemeente,GM0373,Bergen (NH.),<=2010,83,81,12+
4,2022-07-20T10:30:00Z,2022-07-11,25638,Gemeente,GM0373,Bergen (NH.),<2005,85,83,18+
4,2022-07-20T10:30:00Z,2022-07-11,1924,Gemeente,GM0373,Bergen (NH.),2005-2010,61,57,12-17
4,2022-07-20T10:30:00Z,2022-07-11,37256,Gemeente,GM0375,Beverwijk,<=2010,77,76,12+
4,2022-07-20T10:30:00Z,2022-07-11,34528,Gemeente,GM0375,Beverwijk,<2005,79,77,18+
4,2022-07-20T10:30:00Z,2022-07-11,2728,Gemeente,GM0375,Beverwijk,2005-2010,53,52,12-17
4,2022-07-20T10:30:00Z,2022-07-11,10500,Gemeente,GM0376,Blaricum,<=2010,85,84,12+
4,2022-07-20T10:30:00Z,2022-07-11,9638,Gemeente,GM0376,Blaricum,<2005,87,86,18+
4,2022-07-20T10:30:00Z,2022-07-11,862,Gemeente,GM0376,Blaricum,2005-2010,65,63,12-17
4,2022-07-20T10:30:00Z,2022-07-11,20955,Gemeente,GM0377,Bloemendaal,<=2010,89,88,12+
4,2022-07-20T10:30:00Z,2022-07-11,18768,Gemeente,GM0377,Bloemendaal,<2005,91,90,18+
4,2022-07-20T10:30:00Z,2022-07-11,2187,Gemeente,GM0377,Bloemendaal,2005-2010,74,72,12-17
4,2022-07-20T10:30:00Z,2022-07-11,32308,Gemeente,GM0383,Castricum,<=2010,86,85,12+
4,2022-07-20T10:30:00Z,2022-07-11,30006,Gemeente,GM0383,Castricum,<2005,88,87,18+
4,2022-07-20T10:30:00Z,2022-07-11,2302,Gemeente,GM0383,Castricum,2005-2010,65,61,12-17
4,2022-07-20T10:30:00Z,2022-07-11,28403,Gemeente,GM0384,Diemen,<=2010,76,75,12+
4,2022-07-20T10:30:00Z,2022-07-11,26682,Gemeente,GM0384,Diemen,<2005,78,76,18+
4,2022-07-20T10:30:00Z,2022-07-11,1721,Gemeente,GM0384,Diemen,2005-2010,52,49,12-17
4,2022-07-20T10:30:00Z,2022-07-11,32543,Gemeente,GM0385,Edam-Volendam,<=2010,79,77,12+
4,2022-07-20T10:30:00Z,2022-07-11,29867,Gemeente,GM0385,Edam-Volendam,<2005,81,80,18+
4,2022-07-20T10:30:00Z,2022-07-11,2676,Gemeente,GM0385,Edam-Volendam,2005-2010,49,48,12-17
4,2022-07-20T10:30:00Z,2022-07-11,16613,Gemeente,GM0388,Enkhuizen,<=2010,79,78,12+
4,2022-07-20T10:30:00Z,2022-07-11,15328,Gemeente,GM0388,Enkhuizen,<2005,81,80,18+
4,2022-07-20T10:30:00Z,2022-07-11,1285,Gemeente,GM0388,Enkhuizen,2005-2010,55,54,12-17
4,2022-07-20T10:30:00Z,2022-07-11,143071,Gemeente,GM0392,Haarlem,<=2010,81,79,12+
4,2022-07-20T10:30:00Z,2022-07-11,132292,Gemeente,GM0392,Haarlem,<2005,83,81,18+
4,2022-07-20T10:30:00Z,2022-07-11,10779,Gemeente,GM0392,Haarlem,2005-2010,59,57,12-17
4,2022-07-20T10:30:00Z,2022-07-11,141170,Gemeente,GM0394,Haarlemmermeer,<=2010,81,80,12+
4,2022-07-20T10:30:00Z,2022-07-11,128541,Gemeente,GM0394,Haarlemmermeer,<2005,83,82,18+
4,2022-07-20T10:30:00Z,2022-07-11,12629,Gemeente,GM0394,Haarlemmermeer,2005-2010,61,59,12-17
4,2022-07-20T10:30:00Z,2022-07-11,34868,Gemeente,GM0396,Heemskerk,<=2010,83,81,12+
4,2022-07-20T10:30:00Z,2022-07-11,32392,Gemeente,GM0396,Heemskerk,<2005,85,83,18+
4,2022-07-20T10:30:00Z,2022-07-11,2476,Gemeente,GM0396,Heemskerk,2005-2010,58,56,12-17
4,2022-07-20T10:30:00Z,2022-07-11,24004,Gemeente,GM0397,Heemstede,<=2010,89,88,12+
4,2022-07-20T10:30:00Z,2022-07-11,21862,Gemeente,GM0397,Heemstede,<2005,91,90,18+
4,2022-07-20T10:30:00Z,2022-07-11,2142,Gemeente,GM0397,Heemstede,2005-2010,73,71,12-17
4,2022-07-20T10:30:00Z,2022-07-11,21761,Gemeente,GM0399,Heiloo,<=2010,86,83,12+
4,2022-07-20T10:30:00Z,2022-07-11,20083,Gemeente,GM0399,Heiloo,<2005,88,85,18+
4,2022-07-20T10:30:00Z,2022-07-11,1678,Gemeente,GM0399,Heiloo,2005-2010,67,62,12-17
4,2022-07-20T10:30:00Z,2022-07-11,50396,Gemeente,GM0400,Den Helder,<=2010,80,77,12+
4,2022-07-20T10:30:00Z,2022-07-11,47034,Gemeente,GM0400,Den Helder,<2005,81,79,18+
4,2022-07-20T10:30:00Z,2022-07-11,3362,Gemeente,GM0400,Den Helder,2005-2010,54,46,12-17
4,2022-07-20T10:30:00Z,2022-07-11,80978,Gemeente,GM0402,Hilversum,<=2010,82,81,12+
4,2022-07-20T10:30:00Z,2022-07-11,74480,Gemeente,GM0402,Hilversum,<2005,84,83,18+
4,2022-07-20T10:30:00Z,2022-07-11,6498,Gemeente,GM0402,Hilversum,2005-2010,65,63,12-17
4,2022-07-20T10:30:00Z,2022-07-11,65523,Gemeente,GM0405,Hoorn,<=2010,79,78,12+
4,2022-07-20T10:30:00Z,2022-07-11,60444,Gemeente,GM0405,Hoorn,<2005,81,80,18+
4,2022-07-20T10:30:00Z,2022-07-11,5079,Gemeente,GM0405,Hoorn,2005-2010,55,54,12-17
4,2022-07-20T10:30:00Z,2022-07-11,36603,Gemeente,GM0406,Huizen,<=2010,83,82,12+
4,2022-07-20T10:30:00Z,2022-07-11,33809,Gemeente,GM0406,Huizen,<2005,85,84,18+
4,2022-07-20T10:30:00Z,2022-07-11,2794,Gemeente,GM0406,Huizen,2005-2010,57,55,12-17
4,2022-07-20T10:30:00Z,2022-07-11,10074,Gemeente,GM0415,Landsmeer,<=2010,84,83,12+
4,2022-07-20T10:30:00Z,2022-07-11,9242,Gemeente,GM0415,Landsmeer,<2005,86,85,18+
4,2022-07-20T10:30:00Z,2022-07-11,832,Gemeente,GM0415,Landsmeer,2005-2010,58,57,12-17
4,2022-07-20T10:30:00Z,2022-07-11,10310,Gemeente,GM0417,Laren,<=2010,87,86,12+
4,2022-07-20T10:30:00Z,2022-07-11,9469,Gemeente,GM0417,Laren,<2005,89,88,18+
4,2022-07-20T10:30:00Z,2022-07-11,841,Gemeente,GM0417,Laren,2005-2010,71,69,12-17
4,2022-07-20T10:30:00Z,2022-07-11,40622,Gemeente,GM0420,Medemblik,<=2010,81,80,12+
4,2022-07-20T10:30:00Z,2022-07-11,37350,Gemeente,GM0420,Medemblik,<2005,83,82,18+
4,2022-07-20T10:30:00Z,2022-07-11,3272,Gemeente,GM0420,Medemblik,2005-2010,62,60,12-17
4,2022-07-20T10:30:00Z,2022-07-11,8529,Gemeente,GM0431,Oostzaan,<=2010,84,83,12+
4,2022-07-20T10:30:00Z,2022-07-11,7890,Gemeente,GM0431,Oostzaan,<2005,86,85,18+
4,2022-07-20T10:30:00Z,2022-07-11,639,Gemeente,GM0431,Oostzaan,2005-2010,59,57,12-17
4,2022-07-20T10:30:00Z,2022-07-11,10807,Gemeente,GM0432,Opmeer,<=2010,81,80,12+
4,2022-07-20T10:30:00Z,2022-07-11,9995,Gemeente,GM0432,Opmeer,<2005,83,82,18+
4,2022-07-20T10:30:00Z,2022-07-11,812,Gemeente,GM0432,Opmeer,2005-2010,61,60,12-17
4,2022-07-20T10:30:00Z,2022-07-11,12439,Gemeente,GM0437,Ouder-Amstel,<=2010,83,81,12+
4,2022-07-20T10:30:00Z,2022-07-11,11465,Gemeente,GM0437,Ouder-Amstel,<2005,84,82,18+
4,2022-07-20T10:30:00Z,2022-07-11,974,Gemeente,GM0437,Ouder-Amstel,2005-2010,70,67,12-17
4,2022-07-20T10:30:00Z,2022-07-11,82850,Gemeente,GM0439,Purmerend,<=2010,81,80,12+
4,2022-07-20T10:30:00Z,2022-07-11,76976,Gemeente,GM0439,Purmerend,<2005,83,82,18+
4,2022-07-20T10:30:00Z,2022-07-11,5874,Gemeente,GM0439,Purmerend,2005-2010,55,54,12-17
4,2022-07-20T10:30:00Z,2022-07-11,42442,Gemeente,GM0441,Schagen,<=2010,83,82,12+
4,2022-07-20T10:30:00Z,2022-07-11,39047,Gemeente,GM0441,Schagen,<2005,85,84,18+
4,2022-07-20T10:30:00Z,2022-07-11,3395,Gemeente,GM0441,Schagen,2005-2010,62,56,12-17
4,2022-07-20T10:30:00Z,2022-07-11,12575,Gemeente,GM0448,Texel,<=2010,85,84,12+
4,2022-07-20T10:30:00Z,2022-07-11,11768,Gemeente,GM0448,Texel,<2005,86,85,18+
4,2022-07-20T10:30:00Z,2022-07-11,807,Gemeente,GM0448,Texel,2005-2010,69,63,12-17
4,2022-07-20T10:30:00Z,2022-07-11,11933,Gemeente,GM0450,Uitgeest,<=2010,87,86,12+
4,2022-07-20T10:30:00Z,2022-07-11,10968,Gemeente,GM0450,Uitgeest,<2005,88,87,18+
4,2022-07-20T10:30:00Z,2022-07-11,965,Gemeente,GM0450,Uitgeest,2005-2010,70,67,12-17
4,2022-07-20T10:30:00Z,2022-07-11,27137,Gemeente,GM0451,Uithoorn,<=2010,83,81,12+
4,2022-07-20T10:30:00Z,2022-07-11,24953,Gemeente,GM0451,Uithoorn,<2005,84,83,18+
4,2022-07-20T10:30:00Z,2022-07-11,2184,Gemeente,GM0451,Uithoorn,2005-2010,61,59,12-17
4,2022-07-20T10:30:00Z,2022-07-11,60773,Gemeente,GM0453,Velsen,<=2010,82,80,12+
4,2022-07-20T10:30:00Z,2022-07-11,56360,Gemeente,GM0453,Velsen,<2005,83,82,18+
4,2022-07-20T10:30:00Z,2022-07-11,4413,Gemeente,GM0453,Velsen,2005-2010,60,58,12-17
4,2022-07-20T10:30:00Z,2022-07-11,15711,Gemeente,GM0473,Zandvoort,<=2010,82,80,12+
4,2022-07-20T10:30:00Z,2022-07-11,14688,Gemeente,GM0473,Zandvoort,<2005,83,82,18+
4,2022-07-20T10:30:00Z,2022-07-11,1023,Gemeente,GM0473,Zandvoort,2005-2010,61,58,12-17
4,2022-07-20T10:30:00Z,2022-07-11,138607,Gemeente,GM0479,Zaanstad,<=2010,77,76,12+
4,2022-07-20T10:30:00Z,2022-07-11,128127,Gemeente,GM0479,Zaanstad,<2005,79,78,18+
4,2022-07-20T10:30:00Z,2022-07-11,10480,Gemeente,GM0479,Zaanstad,2005-2010,51,50,12-17
4,2022-07-20T10:30:00Z,2022-07-11,17333,Gemeente,GM0482,Alblasserdam,<=2010,72,71,12+
4,2022-07-20T10:30:00Z,2022-07-11,15800,Gemeente,GM0482,Alblasserdam,<2005,75,74,18+
4,2022-07-20T10:30:00Z,2022-07-11,1533,Gemeente,GM0482,Alblasserdam,2005-2010,41,40,12-17
4,2022-07-20T10:30:00Z,2022-07-11,100068,Gemeente,GM0484,Alphen aan den Rijn,<=2010,83,82,12+
4,2022-07-20T10:30:00Z,2022-07-11,92187,Gemeente,GM0484,Alphen aan den Rijn,<2005,85,85,18+
4,2022-07-20T10:30:00Z,2022-07-11,7881,Gemeente,GM0484,Alphen aan den Rijn,2005-2010,59,58,12-17
4,2022-07-20T10:30:00Z,2022-07-11,42680,Gemeente,GM0489,Barendrecht,<=2010,82,81,12+
4,2022-07-20T10:30:00Z,2022-07-11,38733,Gemeente,GM0489,Barendrecht,<2005,85,84,18+
4,2022-07-20T10:30:00Z,2022-07-11,3947,Gemeente,GM0489,Barendrecht,2005-2010,58,56,12-17
4,2022-07-20T10:30:00Z,2022-07-11,17730,Gemeente,GM0498,Drechterland,<=2010,83,82,12+
4,2022-07-20T10:30:00Z,2022-07-11,16352,Gemeente,GM0498,Drechterland,<2005,85,84,18+
4,2022-07-20T10:30:00Z,2022-07-11,1378,Gemeente,GM0498,Drechterland,2005-2010,62,61,12-17
4,2022-07-20T10:30:00Z,2022-07-11,15851,Gemeente,GM0501,Brielle,<=2010,84,83,12+
4,2022-07-20T10:30:00Z,2022-07-11,14803,Gemeente,GM0501,Brielle,<2005,85,85,18+
4,2022-07-20T10:30:00Z,2022-07-11,1048,Gemeente,GM0501,Brielle,2005-2010,65,63,12-17
4,2022-07-20T10:30:00Z,2022-07-11,59147,Gemeente,GM0502,Capelle aan den IJssel,<=2010,76,75,12+
4,2022-07-20T10:30:00Z,2022-07-11,54732,Gemeente,GM0502,Capelle aan den IJssel,<2005,78,77,18+
4,2022-07-20T10:30:00Z,2022-07-11,4415,Gemeente,GM0502,Capelle aan den IJssel,2005-2010,47,46,12-17
4,2022-07-20T10:30:00Z,2022-07-11,94963,Gemeente,GM0503,Delft,<=2010,81,80,12+
4,2022-07-20T10:30:00Z,2022-07-11,89959,Gemeente,GM0503,Delft,<2005,82,81,18+
4,2022-07-20T10:30:00Z,2022-07-11,5004,Gemeente,GM0503,Delft,2005-2010,59,57,12-17
4,2022-07-20T10:30:00Z,2022-07-11,106671,Gemeente,GM0505,Dordrecht,<=2010,78,76,12+
4,2022-07-20T10:30:00Z,2022-07-11,98945,Gemeente,GM0505,Dordrecht,<2005,80,78,18+
4,2022-07-20T10:30:00Z,2022-07-11,7726,Gemeente,GM0505,Dordrecht,2005-2010,52,50,12-17
4,2022-07-20T10:30:00Z,2022-07-11,33509,Gemeente,GM0512,Gorinchem,<=2010,79,78,12+
4,2022-07-20T10:30:00Z,2022-07-11,30946,Gemeente,GM0512,Gorinchem,<2005,81,80,18+
4,2022-07-20T10:30:00Z,2022-07-11,2563,Gemeente,GM0512,Gorinchem,2005-2010,56,55,12-17
4,2022-07-20T10:30:00Z,2022-07-11,65814,Gemeente,GM0513,Gouda,<=2010,80,79,12+
4,2022-07-20T10:30:00Z,2022-07-11,60811,Gemeente,GM0513,Gouda,<2005,82,81,18+
4,2022-07-20T10:30:00Z,2022-07-11,5003,Gemeente,GM0513,Gouda,2005-2010,53,51,12-17
4,2022-07-20T10:30:00Z,2022-07-11,489332,Gemeente,GM0518,'s-Gravenhage,<=2010,72,71,12+
4,2022-07-20T10:30:00Z,2022-07-11,452605,Gemeente,GM0518,'s-Gravenhage,<2005,74,73,18+
4,2022-07-20T10:30:00Z,2022-07-11,36727,Gemeente,GM0518,'s-Gravenhage,2005-2010,49,47,12-17
4,2022-07-20T10:30:00Z,2022-07-11,15891,Gemeente,GM0523,Hardinxveld-Giessendam,<=2010,73,72,12+
4,2022-07-20T10:30:00Z,2022-07-11,14417,Gemeente,GM0523,Hardinxveld-Giessendam,<2005,76,75,18+
4,2022-07-20T10:30:00Z,2022-07-11,1474,Gemeente,GM0523,Hardinxveld-Giessendam,2005-2010,45,44,12-17
4,2022-07-20T10:30:00Z,2022-07-11,36171,Gemeente,GM0530,Hellevoetsluis,<=2010,81,80,12+
4,2022-07-20T10:30:00Z,2022-07-11,33377,Gemeente,GM0530,Hellevoetsluis,<2005,83,82,18+
4,2022-07-20T10:30:00Z,2022-07-11,2794,Gemeente,GM0530,Hellevoetsluis,2005-2010,59,57,12-17
4,2022-07-20T10:30:00Z,2022-07-11,26938,Gemeente,GM0531,Hendrik-Ido-Ambacht,<=2010,80,79,12+
4,2022-07-20T10:30:00Z,2022-07-11,24361,Gemeente,GM0531,Hendrik-Ido-Ambacht,<2005,83,82,18+
4,2022-07-20T10:30:00Z,2022-07-11,2577,Gemeente,GM0531,Hendrik-Ido-Ambacht,2005-2010,54,52,12-17
4,2022-07-20T10:30:00Z,2022-07-11,19461,Gemeente,GM0532,Stede Broec,<=2010,82,81,12+
4,2022-07-20T10:30:00Z,2022-07-11,17956,Gemeente,GM0532,Stede Broec,<2005,83,83,18+
4,2022-07-20T10:30:00Z,2022-07-11,1505,Gemeente,GM0532,Stede Broec,2005-2010,59,57,12-17
4,2022-07-20T10:30:00Z,2022-07-11,19742,Gemeente,GM0534,Hillegom,<=2010,84,83,12+
4,2022-07-20T10:30:00Z,2022-07-11,18304,Gemeente,GM0534,Hillegom,<2005,85,85,18+
4,2022-07-20T10:30:00Z,2022-07-11,1438,Gemeente,GM0534,Hillegom,2005-2010,63,60,12-17
4,2022-07-20T10:30:00Z,2022-07-11,57317,Gemeente,GM0537,Katwijk,<=2010,82,81,12+
4,2022-07-20T10:30:00Z,2022-07-11,52275,Gemeente,GM0537,Katwijk,<2005,84,83,18+
4,2022-07-20T10:30:00Z,2022-07-11,5042,Gemeente,GM0537,Katwijk,2005-2010,56,54,12-17
4,2022-07-20T10:30:00Z,2022-07-11,25629,Gemeente,GM0542,Krimpen aan den IJssel,<=2010,76,75,12+
4,2022-07-20T10:30:00Z,2022-07-11,23433,Gemeente,GM0542,Krimpen aan den IJssel,<2005,79,78,18+
4,2022-07-20T10:30:00Z,2022-07-11,2196,Gemeente,GM0542,Krimpen aan den IJssel,2005-2010,47,46,12-17
4,2022-07-20T10:30:00Z,2022-07-11,113910,Gemeente,GM0546,Leiden,<=2010,84,83,12+
4,2022-07-20T10:30:00Z,2022-07-11,107433,Gemeente,GM0546,Leiden,<2005,86,85,18+
4,2022-07-20T10:30:00Z,2022-07-11,6477,Gemeente,GM0546,Leiden,2005-2010,63,61,12-17
4,2022-07-20T10:30:00Z,2022-07-11,24222,Gemeente,GM0547,Leiderdorp,<=2010,88,88,12+
4,2022-07-20T10:30:00Z,2022-07-11,22402,Gemeente,GM0547,Leiderdorp,<2005,90,89,18+
4,2022-07-20T10:30:00Z,2022-07-11,1820,Gemeente,GM0547,Leiderdorp,2005-2010,69,67,12-17
4,2022-07-20T10:30:00Z,2022-07-11,20490,Gemeente,GM0553,Lisse,<=2010,86,85,12+
4,2022-07-20T10:30:00Z,2022-07-11,18966,Gemeente,GM0553,Lisse,<2005,87,87,18+
4,2022-07-20T10:30:00Z,2022-07-11,1524,Gemeente,GM0553,Lisse,2005-2010,64,63,12-17
4,2022-07-20T10:30:00Z,2022-07-11,30534,Gemeente,GM0556,Maassluis,<=2010,78,77,12+
4,2022-07-20T10:30:00Z,2022-07-11,28267,Gemeente,GM0556,Maassluis,<2005,80,79,18+
4,2022-07-20T10:30:00Z,2022-07-11,2267,Gemeente,GM0556,Maassluis,2005-2010,48,47,12-17
4,2022-07-20T10:30:00Z,2022-07-11,25926,Gemeente,GM0569,Nieuwkoop,<=2010,86,85,12+
4,2022-07-20T10:30:00Z,2022-07-11,23983,Gemeente,GM0569,Nieuwkoop,<2005,87,87,18+
4,2022-07-20T10:30:00Z,2022-07-11,1943,Gemeente,GM0569,Nieuwkoop,2005-2010,66,64,12-17
4,2022-07-20T10:30:00Z,2022-07-11,40000,Gemeente,GM0575,Noordwijk,<=2010,85,84,12+
4,2022-07-20T10:30:00Z,2022-07-11,37223,Gemeente,GM0575,Noordwijk,<2005,86,85,18+
4,2022-07-20T10:30:00Z,2022-07-11,2777,Gemeente,GM0575,Noordwijk,2005-2010,64,63,12-17
4,2022-07-20T10:30:00Z,2022-07-11,22132,Gemeente,GM0579,Oegstgeest,<=2010,89,88,12+
4,2022-07-20T10:30:00Z,2022-07-11,20188,Gemeente,GM0579,Oegstgeest,<2005,90,90,18+
4,2022-07-20T10:30:00Z,2022-07-11,1944,Gemeente,GM0579,Oegstgeest,2005-2010,75,74,12-17
4,2022-07-20T10:30:00Z,2022-07-11,8976,Gemeente,GM0589,Oudewater,<=2010,86,86,12+
4,2022-07-20T10:30:00Z,2022-07-11,8248,Gemeente,GM0589,Oudewater,<2005,88,88,18+
4,2022-07-20T10:30:00Z,2022-07-11,728,Gemeente,GM0589,Oudewater,2005-2010,63,62,12-17
4,2022-07-20T10:30:00Z,2022-07-11,28367,Gemeente,GM0590,Papendrecht,<=2010,83,82,12+
4,2022-07-20T10:30:00Z,2022-07-11,26109,Gemeente,GM0590,Papendrecht,<2005,85,84,18+
4,2022-07-20T10:30:00Z,2022-07-11,2258,Gemeente,GM0590,Papendrecht,2005-2010,58,56,12-17
4,2022-07-20T10:30:00Z,2022-07-11,41507,Gemeente,GM0597,Ridderkerk,<=2010,79,77,12+
4,2022-07-20T10:30:00Z,2022-07-11,38577,Gemeente,GM0597,Ridderkerk,<2005,81,79,18+
4,2022-07-20T10:30:00Z,2022-07-11,2930,Gemeente,GM0597,Ridderkerk,2005-2010,48,47,12-17
4,2022-07-20T10:30:00Z,2022-07-11,580033,Gemeente,GM0599,Rotterdam,<=2010,70,68,12+
4,2022-07-20T10:30:00Z,2022-07-11,540713,Gemeente,GM0599,Rotterdam,<2005,72,70,18+
4,2022-07-20T10:30:00Z,2022-07-11,39320,Gemeente,GM0599,Rotterdam,2005-2010,39,38,12-17
4,2022-07-20T10:30:00Z,2022-07-11,49802,Gemeente,GM0603,Rijswijk,<=2010,80,78,12+
4,2022-07-20T10:30:00Z,2022-07-11,46389,Gemeente,GM0603,Rijswijk,<2005,82,80,18+
4,2022-07-20T10:30:00Z,2022-07-11,3413,Gemeente,GM0603,Rijswijk,2005-2010,53,51,12-17
4,2022-07-20T10:30:00Z,2022-07-11,70324,Gemeente,GM0606,Schiedam,<=2010,73,71,12+
4,2022-07-20T10:30:00Z,2022-07-11,65413,Gemeente,GM0606,Schiedam,<2005,75,74,18+
4,2022-07-20T10:30:00Z,2022-07-11,4911,Gemeente,GM0606,Schiedam,2005-2010,44,43,12-17
4,2022-07-20T10:30:00Z,2022-07-11,22505,Gemeente,GM0610,Sliedrecht,<=2010,77,76,12+
4,2022-07-20T10:30:00Z,2022-07-11,20666,Gemeente,GM0610,Sliedrecht,<2005,80,78,18+
4,2022-07-20T10:30:00Z,2022-07-11,1839,Gemeente,GM0610,Sliedrecht,2005-2010,46,45,12-17
4,2022-07-20T10:30:00Z,2022-07-11,22806,Gemeente,GM0613,Albrandswaard,<=2010,83,82,12+
4,2022-07-20T10:30:00Z,2022-07-11,20719,Gemeente,GM0613,Albrandswaard,<2005,86,85,18+
4,2022-07-20T10:30:00Z,2022-07-11,2087,Gemeente,GM0613,Albrandswaard,2005-2010,63,62,12-17
4,2022-07-20T10:30:00Z,2022-07-11,13627,Gemeente,GM0614,Westvoorne,<=2010,87,86,12+
4,2022-07-20T10:30:00Z,2022-07-11,12691,Gemeente,GM0614,Westvoorne,<2005,88,87,18+
4,2022-07-20T10:30:00Z,2022-07-11,936,Gemeente,GM0614,Westvoorne,2005-2010,66,65,12-17
4,2022-07-20T10:30:00Z,2022-07-11,65191,Gemeente,GM0622,Vlaardingen,<=2010,76,75,12+
4,2022-07-20T10:30:00Z,2022-07-11,60530,Gemeente,GM0622,Vlaardingen,<2005,78,77,18+
4,2022-07-20T10:30:00Z,2022-07-11,4661,Gemeente,GM0622,Vlaardingen,2005-2010,48,46,12-17
4,2022-07-20T10:30:00Z,2022-07-11,22368,Gemeente,GM0626,Voorschoten,<=2010,89,88,12+
4,2022-07-20T10:30:00Z,2022-07-11,20377,Gemeente,GM0626,Voorschoten,<2005,90,89,18+
4,2022-07-20T10:30:00Z,2022-07-11,1991,Gemeente,GM0626,Voorschoten,2005-2010,73,72,12-17
4,2022-07-20T10:30:00Z,2022-07-11,27128,Gemeente,GM0627,Waddinxveen,<=2010,81,80,12+
4,2022-07-20T10:30:00Z,2022-07-11,25014,Gemeente,GM0627,Waddinxveen,<2005,83,82,18+
4,2022-07-20T10:30:00Z,2022-07-11,2114,Gemeente,GM0627,Waddinxveen,2005-2010,55,53,12-17
4,2022-07-20T10:30:00Z,2022-07-11,24002,Gemeente,GM0629,Wassenaar,<=2010,85,83,12+
4,2022-07-20T10:30:00Z,2022-07-11,21644,Gemeente,GM0629,Wassenaar,<2005,86,85,18+
4,2022-07-20T10:30:00Z,2022-07-11,2358,Gemeente,GM0629,Wassenaar,2005-2010,69,68,12-17
4,2022-07-20T10:30:00Z,2022-07-11,46323,Gemeente,GM0632,Woerden,<=2010,86,86,12+
4,2022-07-20T10:30:00Z,2022-07-11,42255,Gemeente,GM0632,Woerden,<2005,88,88,18+
4,2022-07-20T10:30:00Z,2022-07-11,4068,Gemeente,GM0632,Woerden,2005-2010,66,64,12-17
4,2022-07-20T10:30:00Z,2022-07-11,110345,Gemeente,GM0637,Zoetermeer,<=2010,81,80,12+
4,2022-07-20T10:30:00Z,2022-07-11,101305,Gemeente,GM0637,Zoetermeer,<2005,83,82,18+
4,2022-07-20T10:30:00Z,2022-07-11,9040,Gemeente,GM0637,Zoetermeer,2005-2010,56,55,12-17
4,2022-07-20T10:30:00Z,2022-07-11,8309,Gemeente,GM0638,Zoeterwoude,<=2010,88,87,12+
4,2022-07-20T10:30:00Z,2022-07-11,7658,Gemeente,GM0638,Zoeterwoude,<2005,90,89,18+
4,2022-07-20T10:30:00Z,2022-07-11,651,Gemeente,GM0638,Zoeterwoude,2005-2010,69,67,12-17
4,2022-07-20T10:30:00Z,2022-07-11,39461,Gemeente,GM0642,Zwijndrecht,<=2010,79,78,12+
4,2022-07-20T10:30:00Z,2022-07-11,36437,Gemeente,GM0642,Zwijndrecht,<2005,82,81,18+
4,2022-07-20T10:30:00Z,2022-07-11,3024,Gemeente,GM0642,Zwijndrecht,2005-2010,50,49,12-17
4,2022-07-20T10:30:00Z,2022-07-11,20169,Gemeente,GM0654,Borsele,<=2010,78,77,12+
4,2022-07-20T10:30:00Z,2022-07-11,18523,Gemeente,GM0654,Borsele,<2005,80,79,18+
4,2022-07-20T10:30:00Z,2022-07-11,1646,Gemeente,GM0654,Borsele,2005-2010,52,47,12-17
4,2022-07-20T10:30:00Z,2022-07-11,35082,Gemeente,GM0664,Goes,<=2010,82,81,12+
4,2022-07-20T10:30:00Z,2022-07-11,32562,Gemeente,GM0664,Goes,<2005,84,83,18+
4,2022-07-20T10:30:00Z,2022-07-11,2520,Gemeente,GM0664,Goes,2005-2010,60,54,12-17
4,2022-07-20T10:30:00Z,2022-07-11,17719,Gemeente,GM0668,West Maas en Waal,<=2010,89,88,12+
4,2022-07-20T10:30:00Z,2022-07-11,16502,Gemeente,GM0668,West Maas en Waal,<2005,90,89,18+
4,2022-07-20T10:30:00Z,2022-07-11,1217,Gemeente,GM0668,West Maas en Waal,2005-2010,72,69,12-17
4,2022-07-20T10:30:00Z,2022-07-11,25023,Gemeente,GM0677,Hulst,<=2010,86,85,12+
4,2022-07-20T10:30:00Z,2022-07-11,23348,Gemeente,GM0677,Hulst,<2005,87,86,18+
4,2022-07-20T10:30:00Z,2022-07-11,1675,Gemeente,GM0677,Hulst,2005-2010,67,61,12-17
4,2022-07-20T10:30:00Z,2022-07-11,11338,Gemeente,GM0678,Kapelle,<=2010,83,82,12+
4,2022-07-20T10:30:00Z,2022-07-11,10307,Gemeente,GM0678,Kapelle,<2005,86,85,18+
4,2022-07-20T10:30:00Z,2022-07-11,1031,Gemeente,GM0678,Kapelle,2005-2010,60,54,12-17
4,2022-07-20T10:30:00Z,2022-07-11,43697,Gemeente,GM0687,Middelburg,<=2010,79,78,12+
4,2022-07-20T10:30:00Z,2022-07-11,40410,Gemeente,GM0687,Middelburg,<2005,81,80,18+
4,2022-07-20T10:30:00Z,2022-07-11,3287,Gemeente,GM0687,Middelburg,2005-2010,56,51,12-17
4,2022-07-20T10:30:00Z,2022-07-11,19608,Gemeente,GM0703,Reimerswaal,<=2010,62,60,12+
4,2022-07-20T10:30:00Z,2022-07-11,17692,Gemeente,GM0703,Reimerswaal,<2005,65,63,18+
4,2022-07-20T10:30:00Z,2022-07-11,1916,Gemeente,GM0703,Reimerswaal,2005-2010,35,31,12-17
4,2022-07-20T10:30:00Z,2022-07-11,49136,Gemeente,GM0715,Terneuzen,<=2010,81,79,12+
4,2022-07-20T10:30:00Z,2022-07-11,45877,Gemeente,GM0715,Terneuzen,<2005,82,81,18+
4,2022-07-20T10:30:00Z,2022-07-11,3259,Gemeente,GM0715,Terneuzen,2005-2010,60,55,12-17
4,2022-07-20T10:30:00Z,2022-07-11,23015,Gemeente,GM0716,Tholen,<=2010,70,68,12+
4,2022-07-20T10:30:00Z,2022-07-11,21020,Gemeente,GM0716,Tholen,<2005,72,71,18+
4,2022-07-20T10:30:00Z,2022-07-11,1995,Gemeente,GM0716,Tholen,2005-2010,43,40,12-17
4,2022-07-20T10:30:00Z,2022-07-11,19407,Gemeente,GM0717,Veere,<=2010,82,81,12+
4,2022-07-20T10:30:00Z,2022-07-11,18071,Gemeente,GM0717,Veere,<2005,84,83,18+
4,2022-07-20T10:30:00Z,2022-07-11,1336,Gemeente,GM0717,Veere,2005-2010,53,49,12-17
4,2022-07-20T10:30:00Z,2022-07-11,40211,Gemeente,GM0718,Vlissingen,<=2010,77,76,12+
4,2022-07-20T10:30:00Z,2022-07-11,37419,Gemeente,GM0718,Vlissingen,<2005,79,78,18+
4,2022-07-20T10:30:00Z,2022-07-11,2792,Gemeente,GM0718,Vlissingen,2005-2010,51,48,12-17
4,2022-07-20T10:30:00Z,2022-07-11,40018,Gemeente,GM0736,De Ronde Venen,<=2010,85,84,12+
4,2022-07-20T10:30:00Z,2022-07-11,36979,Gemeente,GM0736,De Ronde Venen,<2005,87,86,18+
4,2022-07-20T10:30:00Z,2022-07-11,3039,Gemeente,GM0736,De Ronde Venen,2005-2010,65,63,12-17
4,2022-07-20T10:30:00Z,2022-07-11,28526,Gemeente,GM0737,Tytsjerksteradiel,<=2010,80,79,12+
4,2022-07-20T10:30:00Z,2022-07-11,26144,Gemeente,GM0737,Tytsjerksteradiel,<2005,83,82,18+
4,2022-07-20T10:30:00Z,2022-07-11,2382,Gemeente,GM0737,Tytsjerksteradiel,2005-2010,53,51,12-17
4,2022-07-20T10:30:00Z,2022-07-11,15345,Gemeente,GM0743,Asten,<=2010,87,85,12+
4,2022-07-20T10:30:00Z,2022-07-11,14184,Gemeente,GM0743,Asten,<2005,88,87,18+
4,2022-07-20T10:30:00Z,2022-07-11,1161,Gemeente,GM0743,Asten,2005-2010,71,62,12-17
4,2022-07-20T10:30:00Z,2022-07-11,6276,Gemeente,GM0744,Baarle-Nassau,<=2010,88,87,12+
4,2022-07-20T10:30:00Z,2022-07-11,5886,Gemeente,GM0744,Baarle-Nassau,<2005,89,89,18+
4,2022-07-20T10:30:00Z,2022-07-11,390,Gemeente,GM0744,Baarle-Nassau,2005-2010,67,65,12-17
4,2022-07-20T10:30:00Z,2022-07-11,60659,Gemeente,GM0748,Bergen op Zoom,<=2010,82,81,12+
4,2022-07-20T10:30:00Z,2022-07-11,56332,Gemeente,GM0748,Bergen op Zoom,<2005,84,83,18+
4,2022-07-20T10:30:00Z,2022-07-11,4327,Gemeente,GM0748,Bergen op Zoom,2005-2010,56,51,12-17
4,2022-07-20T10:30:00Z,2022-07-11,27277,Gemeente,GM0753,Best,<=2010,87,86,12+
4,2022-07-20T10:30:00Z,2022-07-11,25247,Gemeente,GM0753,Best,<2005,88,87,18+
4,2022-07-20T10:30:00Z,2022-07-11,2030,Gemeente,GM0753,Best,2005-2010,71,69,12-17
4,2022-07-20T10:30:00Z,2022-07-11,9844,Gemeente,GM0755,Boekel,<=2010,88,87,12+
4,2022-07-20T10:30:00Z,2022-07-11,9020,Gemeente,GM0755,Boekel,<2005,90,89,18+
4,2022-07-20T10:30:00Z,2022-07-11,824,Gemeente,GM0755,Boekel,2005-2010,73,72,12-17
4,2022-07-20T10:30:00Z,2022-07-11,29860,Gemeente,GM0757,Boxtel,<=2010,87,86,12+
4,2022-07-20T10:30:00Z,2022-07-11,27426,Gemeente,GM0757,Boxtel,<2005,89,88,18+
4,2022-07-20T10:30:00Z,2022-07-11,2434,Gemeente,GM0757,Boxtel,2005-2010,71,69,12-17
4,2022-07-20T10:30:00Z,2022-07-11,164709,Gemeente,GM0758,Breda,<=2010,84,82,12+
4,2022-07-20T10:30:00Z,2022-07-11,152407,Gemeente,GM0758,Breda,<2005,85,84,18+
4,2022-07-20T10:30:00Z,2022-07-11,12302,Gemeente,GM0758,Breda,2005-2010,64,60,12-17
4,2022-07-20T10:30:00Z,2022-07-11,29022,Gemeente,GM0762,Deurne,<=2010,88,86,12+
4,2022-07-20T10:30:00Z,2022-07-11,26890,Gemeente,GM0762,Deurne,<2005,89,88,18+
4,2022-07-20T10:30:00Z,2022-07-11,2132,Gemeente,GM0762,Deurne,2005-2010,67,57,12-17
4,2022-07-20T10:30:00Z,2022-07-11,10959,Gemeente,GM0765,Pekela,<=2010,81,80,12+
4,2022-07-20T10:30:00Z,2022-07-11,10185,Gemeente,GM0765,Pekela,<2005,83,82,18+
4,2022-07-20T10:30:00Z,2022-07-11,774,Gemeente,GM0765,Pekela,2005-2010,58,55,12-17
4,2022-07-20T10:30:00Z,2022-07-11,23945,Gemeente,GM0766,Dongen,<=2010,87,86,12+
4,2022-07-20T10:30:00Z,2022-07-11,22277,Gemeente,GM0766,Dongen,<2005,89,88,18+
4,2022-07-20T10:30:00Z,2022-07-11,1668,Gemeente,GM0766,Dongen,2005-2010,69,67,12-17
4,2022-07-20T10:30:00Z,2022-07-11,17688,Gemeente,GM0770,Eersel,<=2010,90,89,12+
4,2022-07-20T10:30:00Z,2022-07-11,16427,Gemeente,GM0770,Eersel,<2005,91,90,18+
4,2022-07-20T10:30:00Z,2022-07-11,1261,Gemeente,GM0770,Eersel,2005-2010,75,71,12-17
4,2022-07-20T10:30:00Z,2022-07-11,215271,Gemeente,GM0772,Eindhoven,<=2010,79,77,12+
4,2022-07-20T10:30:00Z,2022-07-11,201605,Gemeente,GM0772,Eindhoven,<2005,80,79,18+
4,2022-07-20T10:30:00Z,2022-07-11,13666,Gemeente,GM0772,Eindhoven,2005-2010,56,54,12-17
4,2022-07-20T10:30:00Z,2022-07-11,39052,Gemeente,GM0777,Etten-Leur,<=2010,86,85,12+
4,2022-07-20T10:30:00Z,2022-07-11,35828,Gemeente,GM0777,Etten-Leur,<2005,87,87,18+
4,2022-07-20T10:30:00Z,2022-07-11,3224,Gemeente,GM0777,Etten-Leur,2005-2010,66,62,12-17
4,2022-07-20T10:30:00Z,2022-07-11,19558,Gemeente,GM0779,Geertruidenberg,<=2010,88,87,12+
4,2022-07-20T10:30:00Z,2022-07-11,18083,Gemeente,GM0779,Geertruidenberg,<2005,89,88,18+
4,2022-07-20T10:30:00Z,2022-07-11,1475,Gemeente,GM0779,Geertruidenberg,2005-2010,70,68,12-17
4,2022-07-20T10:30:00Z,2022-07-11,23616,Gemeente,GM0784,Gilze en Rijen,<=2010,86,85,12+
4,2022-07-20T10:30:00Z,2022-07-11,21745,Gemeente,GM0784,Gilze en Rijen,<2005,88,87,18+
4,2022-07-20T10:30:00Z,2022-07-11,1871,Gemeente,GM0784,Gilze en Rijen,2005-2010,62,59,12-17
4,2022-07-20T10:30:00Z,2022-07-11,21182,Gemeente,GM0785,Goirle,<=2010,90,89,12+
4,2022-07-20T10:30:00Z,2022-07-11,19362,Gemeente,GM0785,Goirle,<2005,92,91,18+
4,2022-07-20T10:30:00Z,2022-07-11,1820,Gemeente,GM0785,Goirle,2005-2010,71,70,12-17
4,2022-07-20T10:30:00Z,2022-07-11,83212,Gemeente,GM0794,Helmond,<=2010,79,77,12+
4,2022-07-20T10:30:00Z,2022-07-11,76627,Gemeente,GM0794,Helmond,<2005,81,79,18+
4,2022-07-20T10:30:00Z,2022-07-11,6585,Gemeente,GM0794,Helmond,2005-2010,55,48,12-17
4,2022-07-20T10:30:00Z,2022-07-11,139746,Gemeente,GM0796,'s-Hertogenbosch,<=2010,84,83,12+
4,2022-07-20T10:30:00Z,2022-07-11,129963,Gemeente,GM0796,'s-Hertogenbosch,<2005,86,85,18+
4,2022-07-20T10:30:00Z,2022-07-11,9783,Gemeente,GM0796,'s-Hertogenbosch,2005-2010,62,61,12-17
4,2022-07-20T10:30:00Z,2022-07-11,40584,Gemeente,GM0797,Heusden,<=2010,86,86,12+
4,2022-07-20T10:30:00Z,2022-07-11,37552,Gemeente,GM0797,Heusden,<2005,88,87,18+
4,2022-07-20T10:30:00Z,2022-07-11,3032,Gemeente,GM0797,Heusden,2005-2010,68,66,12-17
4,2022-07-20T10:30:00Z,2022-07-11,14200,Gemeente,GM0798,Hilvarenbeek,<=2010,92,91,12+
4,2022-07-20T10:30:00Z,2022-07-11,13128,Gemeente,GM0798,Hilvarenbeek,<2005,93,93,18+
4,2022-07-20T10:30:00Z,2022-07-11,1072,Gemeente,GM0798,Hilvarenbeek,2005-2010,76,74,12-17
4,2022-07-20T10:30:00Z,2022-07-11,21119,Gemeente,GM0809,Loon op Zand,<=2010,88,87,12+
4,2022-07-20T10:30:00Z,2022-07-11,19643,Gemeente,GM0809,Loon op Zand,<2005,90,89,18+
4,2022-07-20T10:30:00Z,2022-07-11,1476,Gemeente,GM0809,Loon op Zand,2005-2010,70,68,12-17
4,2022-07-20T10:30:00Z,2022-07-11,21118,Gemeente,GM0820,"Nuenen, Gerwen en Nederwetten",<=2010,89,88,12+
4,2022-07-20T10:30:00Z,2022-07-11,19570,Gemeente,GM0820,"Nuenen, Gerwen en Nederwetten",<2005,91,89,18+
4,2022-07-20T10:30:00Z,2022-07-11,1548,Gemeente,GM0820,"Nuenen, Gerwen en Nederwetten",2005-2010,72,65,12-17
4,2022-07-20T10:30:00Z,2022-07-11,17102,Gemeente,GM0823,Oirschot,<=2010,91,90,12+
4,2022-07-20T10:30:00Z,2022-07-11,15919,Gemeente,GM0823,Oirschot,<2005,92,91,18+
4,2022-07-20T10:30:00Z,2022-07-11,1183,Gemeente,GM0823,Oirschot,2005-2010,77,75,12-17
4,2022-07-20T10:30:00Z,2022-07-11,29231,Gemeente,GM0824,Oisterwijk,<=2010,90,89,12+
4,2022-07-20T10:30:00Z,2022-07-11,27095,Gemeente,GM0824,Oisterwijk,<2005,91,90,18+
4,2022-07-20T10:30:00Z,2022-07-11,2136,Gemeente,GM0824,Oisterwijk,2005-2010,72,70,12-17
4,2022-07-20T10:30:00Z,2022-07-11,50336,Gemeente,GM0826,Oosterhout,<=2010,85,84,12+
4,2022-07-20T10:30:00Z,2022-07-11,46759,Gemeente,GM0826,Oosterhout,<2005,87,86,18+
4,2022-07-20T10:30:00Z,2022-07-11,3577,Gemeente,GM0826,Oosterhout,2005-2010,63,59,12-17
4,2022-07-20T10:30:00Z,2022-07-11,83491,Gemeente,GM0828,Oss,<=2010,84,83,12+
4,2022-07-20T10:30:00Z,2022-07-11,77570,Gemeente,GM0828,Oss,<2005,86,85,18+
4,2022-07-20T10:30:00Z,2022-07-11,5921,Gemeente,GM0828,Oss,2005-2010,66,65,12-17
4,2022-07-20T10:30:00Z,2022-07-11,21129,Gemeente,GM0840,Rucphen,<=2010,87,86,12+
4,2022-07-20T10:30:00Z,2022-07-11,19866,Gemeente,GM0840,Rucphen,<2005,88,87,18+
4,2022-07-20T10:30:00Z,2022-07-11,1263,Gemeente,GM0840,Rucphen,2005-2010,68,63,12-17
4,2022-07-20T10:30:00Z,2022-07-11,26262,Gemeente,GM0845,Sint-Michielsgestel,<=2010,91,90,12+
4,2022-07-20T10:30:00Z,2022-07-11,24118,Gemeente,GM0845,Sint-Michielsgestel,<2005,92,92,18+
4,2022-07-20T10:30:00Z,2022-07-11,2144,Gemeente,GM0845,Sint-Michielsgestel,2005-2010,74,72,12-17
4,2022-07-20T10:30:00Z,2022-07-11,17525,Gemeente,GM0847,Someren,<=2010,87,85,12+
4,2022-07-20T10:30:00Z,2022-07-11,16421,Gemeente,GM0847,Someren,<2005,88,87,18+
4,2022-07-20T10:30:00Z,2022-07-11,1104,Gemeente,GM0847,Someren,2005-2010,69,60,12-17
4,2022-07-20T10:30:00Z,2022-07-11,15631,Gemeente,GM0848,Son en Breugel,<=2010,88,87,12+
4,2022-07-20T10:30:00Z,2022-07-11,14345,Gemeente,GM0848,Son en Breugel,<2005,90,89,18+
4,2022-07-20T10:30:00Z,2022-07-11,1286,Gemeente,GM0848,Son en Breugel,2005-2010,70,69,12-17
4,2022-07-20T10:30:00Z,2022-07-11,21928,Gemeente,GM0851,Steenbergen,<=2010,84,83,12+
4,2022-07-20T10:30:00Z,2022-07-11,20473,Gemeente,GM0851,Steenbergen,<2005,85,84,18+
4,2022-07-20T10:30:00Z,2022-07-11,1455,Gemeente,GM0851,Steenbergen,2005-2010,66,61,12-17
4,2022-07-20T10:30:00Z,2022-07-11,15429,Gemeente,GM0852,Waterland,<=2010,88,87,12+
4,2022-07-20T10:30:00Z,2022-07-11,14204,Gemeente,GM0852,Waterland,<2005,90,88,18+
4,2022-07-20T10:30:00Z,2022-07-11,1225,Gemeente,GM0852,Waterland,2005-2010,69,67,12-17
4,2022-07-20T10:30:00Z,2022-07-11,200877,Gemeente,GM0855,Tilburg,<=2010,80,79,12+
4,2022-07-20T10:30:00Z,2022-07-11,187406,Gemeente,GM0855,Tilburg,<2005,82,81,18+
4,2022-07-20T10:30:00Z,2022-07-11,13471,Gemeente,GM0855,Tilburg,2005-2010,59,57,12-17
4,2022-07-20T10:30:00Z,2022-07-11,28099,Gemeente,GM0858,Valkenswaard,<=2010,88,87,12+
4,2022-07-20T10:30:00Z,2022-07-11,26306,Gemeente,GM0858,Valkenswaard,<2005,89,88,18+
4,2022-07-20T10:30:00Z,2022-07-11,1793,Gemeente,GM0858,Valkenswaard,2005-2010,67,65,12-17
4,2022-07-20T10:30:00Z,2022-07-11,41015,Gemeente,GM0861,Veldhoven,<=2010,88,87,12+
4,2022-07-20T10:30:00Z,2022-07-11,38042,Gemeente,GM0861,Veldhoven,<2005,89,88,18+
4,2022-07-20T10:30:00Z,2022-07-11,2973,Gemeente,GM0861,Veldhoven,2005-2010,70,67,12-17
4,2022-07-20T10:30:00Z,2022-07-11,27996,Gemeente,GM0865,Vught,<=2010,89,88,12+
4,2022-07-20T10:30:00Z,2022-07-11,25707,Gemeente,GM0865,Vught,<2005,91,90,18+
4,2022-07-20T10:30:00Z,2022-07-11,2289,Gemeente,GM0865,Vught,2005-2010,73,71,12-17
4,2022-07-20T10:30:00Z,2022-07-11,15681,Gemeente,GM0866,Waalre,<=2010,89,87,12+
4,2022-07-20T10:30:00Z,2022-07-11,14405,Gemeente,GM0866,Waalre,<2005,90,89,18+
4,2022-07-20T10:30:00Z,2022-07-11,1276,Gemeente,GM0866,Waalre,2005-2010,71,68,12-17
4,2022-07-20T10:30:00Z,2022-07-11,44034,Gemeente,GM0867,Waalwijk,<=2010,83,82,12+
4,2022-07-20T10:30:00Z,2022-07-11,40918,Gemeente,GM0867,Waalwijk,<2005,85,84,18+
4,2022-07-20T10:30:00Z,2022-07-11,3116,Gemeente,GM0867,Waalwijk,2005-2010,63,62,12-17
4,2022-07-20T10:30:00Z,2022-07-11,19900,Gemeente,GM0873,Woensdrecht,<=2010,86,85,12+
4,2022-07-20T10:30:00Z,2022-07-11,18570,Gemeente,GM0873,Woensdrecht,<2005,88,87,18+
4,2022-07-20T10:30:00Z,2022-07-11,1330,Gemeente,GM0873,Woensdrecht,2005-2010,69,62,12-17
4,2022-07-20T10:30:00Z,2022-07-11,20193,Gemeente,GM0879,Zundert,<=2010,87,86,12+
4,2022-07-20T10:30:00Z,2022-07-11,18994,Gemeente,GM0879,Zundert,<2005,88,87,18+
4,2022-07-20T10:30:00Z,2022-07-11,1199,Gemeente,GM0879,Zundert,2005-2010,68,64,12-17
4,2022-07-20T10:30:00Z,2022-07-11,14756,Gemeente,GM0880,Wormerland,<=2010,85,84,12+
4,2022-07-20T10:30:00Z,2022-07-11,13672,Gemeente,GM0880,Wormerland,<2005,87,86,18+
4,2022-07-20T10:30:00Z,2022-07-11,1084,Gemeente,GM0880,Wormerland,2005-2010,63,62,12-17
4,2022-07-20T10:30:00Z,2022-07-11,33591,Gemeente,GM0882,Landgraaf,<=2010,80,79,12+
4,2022-07-20T10:30:00Z,2022-07-11,31526,Gemeente,GM0882,Landgraaf,<2005,82,80,18+
4,2022-07-20T10:30:00Z,2022-07-11,2065,Gemeente,GM0882,Landgraaf,2005-2010,52,49,12-17
4,2022-07-20T10:30:00Z,2022-07-11,14315,Gemeente,GM0888,Beek,<=2010,86,85,12+
4,2022-07-20T10:30:00Z,2022-07-11,13503,Gemeente,GM0888,Beek,<2005,87,86,18+
4,2022-07-20T10:30:00Z,2022-07-11,812,Gemeente,GM0888,Beek,2005-2010,64,62,12-17
4,2022-07-20T10:30:00Z,2022-07-11,12144,Gemeente,GM0889,Beesel,<=2010,85,83,12+
4,2022-07-20T10:30:00Z,2022-07-11,11290,Gemeente,GM0889,Beesel,<2005,87,86,18+
4,2022-07-20T10:30:00Z,2022-07-11,854,Gemeente,GM0889,Beesel,2005-2010,61,54,12-17
4,2022-07-20T10:30:00Z,2022-07-11,11926,Gemeente,GM0893,Bergen (L.),<=2010,87,86,12+
4,2022-07-20T10:30:00Z,2022-07-11,11162,Gemeente,GM0893,Bergen (L.),<2005,89,88,18+
4,2022-07-20T10:30:00Z,2022-07-11,764,Gemeente,GM0893,Bergen (L.),2005-2010,69,62,12-17
4,2022-07-20T10:30:00Z,2022-07-11,25123,Gemeente,GM0899,Brunssum,<=2010,79,77,12+
4,2022-07-20T10:30:00Z,2022-07-11,23593,Gemeente,GM0899,Brunssum,<2005,80,79,18+
4,2022-07-20T10:30:00Z,2022-07-11,1530,Gemeente,GM0899,Brunssum,2005-2010,50,47,12-17
4,2022-07-20T10:30:00Z,2022-07-11,15831,Gemeente,GM0907,Gennep,<=2010,83,83,12+
4,2022-07-20T10:30:00Z,2022-07-11,14652,Gemeente,GM0907,Gennep,<2005,85,84,18+
4,2022-07-20T10:30:00Z,2022-07-11,1179,Gemeente,GM0907,Gennep,2005-2010,65,63,12-17
4,2022-07-20T10:30:00Z,2022-07-11,78373,Gemeente,GM0917,Heerlen,<=2010,75,73,12+
4,2022-07-20T10:30:00Z,2022-07-11,73702,Gemeente,GM0917,Heerlen,<2005,77,75,18+
4,2022-07-20T10:30:00Z,2022-07-11,4671,Gemeente,GM0917,Heerlen,2005-2010,46,43,12-17
4,2022-07-20T10:30:00Z,2022-07-11,41206,Gemeente,GM0928,Kerkrade,<=2010,75,74,12+
4,2022-07-20T10:30:00Z,2022-07-11,38822,Gemeente,GM0928,Kerkrade,<2005,77,75,18+
4,2022-07-20T10:30:00Z,2022-07-11,2384,Gemeente,GM0928,Kerkrade,2005-2010,47,44,12-17
4,2022-07-20T10:30:00Z,2022-07-11,110817,Gemeente,GM0935,Maastricht,<=2010,79,77,12+
4,2022-07-20T10:30:00Z,2022-07-11,105557,Gemeente,GM0935,Maastricht,<2005,80,78,18+
4,2022-07-20T10:30:00Z,2022-07-11,5260,Gemeente,GM0935,Maastricht,2005-2010,61,59,12-17
4,2022-07-20T10:30:00Z,2022-07-11,16814,Gemeente,GM0938,Meerssen,<=2010,88,87,12+
4,2022-07-20T10:30:00Z,2022-07-11,15677,Gemeente,GM0938,Meerssen,<2005,89,88,18+
4,2022-07-20T10:30:00Z,2022-07-11,1137,Gemeente,GM0938,Meerssen,2005-2010,72,70,12-17
4,2022-07-20T10:30:00Z,2022-07-11,7311,Gemeente,GM0944,Mook en Middelaar,<=2010,90,89,12+
4,2022-07-20T10:30:00Z,2022-07-11,6809,Gemeente,GM0944,Mook en Middelaar,<2005,91,90,18+
4,2022-07-20T10:30:00Z,2022-07-11,502,Gemeente,GM0944,Mook en Middelaar,2005-2010,79,76,12-17
4,2022-07-20T10:30:00Z,2022-07-11,15590,Gemeente,GM0946,Nederweert,<=2010,87,85,12+
4,2022-07-20T10:30:00Z,2022-07-11,14609,Gemeente,GM0946,Nederweert,<2005,88,87,18+
4,2022-07-20T10:30:00Z,2022-07-11,981,Gemeente,GM0946,Nederweert,2005-2010,68,61,12-17
4,2022-07-20T10:30:00Z,2022-07-11,53285,Gemeente,GM0957,Roermond,<=2010,79,78,12+
4,2022-07-20T10:30:00Z,2022-07-11,49677,Gemeente,GM0957,Roermond,<2005,81,80,18+
4,2022-07-20T10:30:00Z,2022-07-11,3608,Gemeente,GM0957,Roermond,2005-2010,54,51,12-17
4,2022-07-20T10:30:00Z,2022-07-11,9449,Gemeente,GM0965,Simpelveld,<=2010,84,83,12+
4,2022-07-20T10:30:00Z,2022-07-11,8876,Gemeente,GM0965,Simpelveld,<2005,85,84,18+
4,2022-07-20T10:30:00Z,2022-07-11,573,Gemeente,GM0965,Simpelveld,2005-2010,70,65,12-17
4,2022-07-20T10:30:00Z,2022-07-11,22516,Gemeente,GM0971,Stein,<=2010,84,83,12+
4,2022-07-20T10:30:00Z,2022-07-11,21142,Gemeente,GM0971,Stein,<2005,86,85,18+
4,2022-07-20T10:30:00Z,2022-07-11,1374,Gemeente,GM0971,Stein,2005-2010,63,61,12-17
4,2022-07-20T10:30:00Z,2022-07-11,9222,Gemeente,GM0981,Vaals,<=2010,66,65,12+
4,2022-07-20T10:30:00Z,2022-07-11,8788,Gemeente,GM0981,Vaals,<2005,67,66,18+
4,2022-07-20T10:30:00Z,2022-07-11,434,Gemeente,GM0981,Vaals,2005-2010,47,42,12-17
4,2022-07-20T10:30:00Z,2022-07-11,91923,Gemeente,GM0983,Venlo,<=2010,79,78,12+
4,2022-07-20T10:30:00Z,2022-07-11,85691,Gemeente,GM0983,Venlo,<2005,81,80,18+
4,2022-07-20T10:30:00Z,2022-07-11,6232,Gemeente,GM0983,Venlo,2005-2010,55,49,12-17
4,2022-07-20T10:30:00Z,2022-07-11,39599,Gemeente,GM0984,Venray,<=2010,84,82,12+
4,2022-07-20T10:30:00Z,2022-07-11,36891,Gemeente,GM0984,Venray,<2005,85,84,18+
4,2022-07-20T10:30:00Z,2022-07-11,2708,Gemeente,GM0984,Venray,2005-2010,63,55,12-17
4,2022-07-20T10:30:00Z,2022-07-11,11107,Gemeente,GM0986,Voerendaal,<=2010,86,86,12+
4,2022-07-20T10:30:00Z,2022-07-11,10405,Gemeente,GM0986,Voerendaal,<2005,88,87,18+
4,2022-07-20T10:30:00Z,2022-07-11,702,Gemeente,GM0986,Voerendaal,2005-2010,62,59,12-17
4,2022-07-20T10:30:00Z,2022-07-11,45492,Gemeente,GM0988,Weert,<=2010,84,83,12+
4,2022-07-20T10:30:00Z,2022-07-11,42489,Gemeente,GM0988,Weert,<2005,85,84,18+
4,2022-07-20T10:30:00Z,2022-07-11,3003,Gemeente,GM0988,Weert,2005-2010,61,57,12-17
4,2022-07-20T10:30:00Z,2022-07-11,15019,Gemeente,GM0994,Valkenburg aan de Geul,<=2010,86,85,12+
4,2022-07-20T10:30:00Z,2022-07-11,14184,Gemeente,GM0994,Valkenburg aan de Geul,<2005,87,86,18+
4,2022-07-20T10:30:00Z,2022-07-11,835,Gemeente,GM0994,Valkenburg aan de Geul,2005-2010,69,68,12-17
4,2022-07-20T10:30:00Z,2022-07-11,71452,Gemeente,GM0995,Lelystad,<=2010,73,71,12+
4,2022-07-20T10:30:00Z,2022-07-11,65194,Gemeente,GM0995,Lelystad,<2005,75,74,18+
4,2022-07-20T10:30:00Z,2022-07-11,6258,Gemeente,GM0995,Lelystad,2005-2010,47,45,12-17
4,2022-07-20T10:30:00Z,2022-07-11,38930,Gemeente,GM1507,Horst aan de Maas,<=2010,86,85,12+
4,2022-07-20T10:30:00Z,2022-07-11,36269,Gemeente,GM1507,Horst aan de Maas,<2005,88,87,18+
4,2022-07-20T10:30:00Z,2022-07-11,2661,Gemeente,GM1507,Horst aan de Maas,2005-2010,69,61,12-17
4,2022-07-20T10:30:00Z,2022-07-11,35529,Gemeente,GM1509,Oude IJsselstreek,<=2010,88,87,12+
4,2022-07-20T10:30:00Z,2022-07-11,32974,Gemeente,GM1509,Oude IJsselstreek,<2005,90,89,18+
4,2022-07-20T10:30:00Z,2022-07-11,2555,Gemeente,GM1509,Oude IJsselstreek,2005-2010,68,65,12-17
4,2022-07-20T10:30:00Z,2022-07-11,33714,Gemeente,GM1525,Teylingen,<=2010,89,88,12+
4,2022-07-20T10:30:00Z,2022-07-11,31051,Gemeente,GM1525,Teylingen,<2005,90,89,18+
4,2022-07-20T10:30:00Z,2022-07-11,2663,Gemeente,GM1525,Teylingen,2005-2010,72,71,12-17
4,2022-07-20T10:30:00Z,2022-07-11,44168,Gemeente,GM1581,Utrechtse Heuvelrug,<=2010,85,84,12+
4,2022-07-20T10:30:00Z,2022-07-11,40621,Gemeente,GM1581,Utrechtse Heuvelrug,<2005,87,86,18+
4,2022-07-20T10:30:00Z,2022-07-11,3547,Gemeente,GM1581,Utrechtse Heuvelrug,2005-2010,66,64,12-17
4,2022-07-20T10:30:00Z,2022-07-11,26587,Gemeente,GM1586,Oost Gelre,<=2010,91,89,12+
4,2022-07-20T10:30:00Z,2022-07-11,24542,Gemeente,GM1586,Oost Gelre,<2005,92,91,18+
4,2022-07-20T10:30:00Z,2022-07-11,2045,Gemeente,GM1586,Oost Gelre,2005-2010,73,70,12-17
4,2022-07-20T10:30:00Z,2022-07-11,20606,Gemeente,GM1598,Koggenland,<=2010,83,82,12+
4,2022-07-20T10:30:00Z,2022-07-11,18999,Gemeente,GM1598,Koggenland,<2005,85,84,18+
4,2022-07-20T10:30:00Z,2022-07-11,1607,Gemeente,GM1598,Koggenland,2005-2010,63,61,12-17
4,2022-07-20T10:30:00Z,2022-07-11,54551,Gemeente,GM1621,Lansingerland,<=2010,85,85,12+
4,2022-07-20T10:30:00Z,2022-07-11,48926,Gemeente,GM1621,Lansingerland,<2005,88,87,18+
4,2022-07-20T10:30:00Z,2022-07-11,5625,Gemeente,GM1621,Lansingerland,2005-2010,66,65,12-17
4,2022-07-20T10:30:00Z,2022-07-11,32796,Gemeente,GM1640,Leudal,<=2010,86,85,12+
4,2022-07-20T10:30:00Z,2022-07-11,30691,Gemeente,GM1640,Leudal,<2005,88,87,18+
4,2022-07-20T10:30:00Z,2022-07-11,2105,Gemeente,GM1640,Leudal,2005-2010,68,63,12-17
4,2022-07-20T10:30:00Z,2022-07-11,21949,Gemeente,GM1641,Maasgouw,<=2010,86,85,12+
4,2022-07-20T10:30:00Z,2022-07-11,20766,Gemeente,GM1641,Maasgouw,<2005,87,87,18+
4,2022-07-20T10:30:00Z,2022-07-11,1183,Gemeente,GM1641,Maasgouw,2005-2010,65,63,12-17
4,2022-07-20T10:30:00Z,2022-07-11,27558,Gemeente,GM1652,Gemert-Bakel,<=2010,87,86,12+
4,2022-07-20T10:30:00Z,2022-07-11,25440,Gemeente,GM1652,Gemert-Bakel,<2005,88,87,18+
4,2022-07-20T10:30:00Z,2022-07-11,2118,Gemeente,GM1652,Gemert-Bakel,2005-2010,69,63,12-17
4,2022-07-20T10:30:00Z,2022-07-11,27627,Gemeente,GM1655,Halderberge,<=2010,85,84,12+
4,2022-07-20T10:30:00Z,2022-07-11,25694,Gemeente,GM1655,Halderberge,<2005,87,86,18+
4,2022-07-20T10:30:00Z,2022-07-11,1933,Gemeente,GM1655,Halderberge,2005-2010,63,60,12-17
4,2022-07-20T10:30:00Z,2022-07-11,14775,Gemeente,GM1658,Heeze-Leende,<=2010,89,88,12+
4,2022-07-20T10:30:00Z,2022-07-11,13786,Gemeente,GM1658,Heeze-Leende,<2005,91,89,18+
4,2022-07-20T10:30:00Z,2022-07-11,989,Gemeente,GM1658,Heeze-Leende,2005-2010,69,65,12-17
4,2022-07-20T10:30:00Z,2022-07-11,20552,Gemeente,GM1659,Laarbeek,<=2010,89,87,12+
4,2022-07-20T10:30:00Z,2022-07-11,18982,Gemeente,GM1659,Laarbeek,<2005,90,89,18+
4,2022-07-20T10:30:00Z,2022-07-11,1570,Gemeente,GM1659,Laarbeek,2005-2010,73,66,12-17
4,2022-07-20T10:30:00Z,2022-07-11,11780,Gemeente,GM1667,Reusel-De Mierden,<=2010,90,89,12+
4,2022-07-20T10:30:00Z,2022-07-11,10868,Gemeente,GM1667,Reusel-De Mierden,<2005,91,91,18+
4,2022-07-20T10:30:00Z,2022-07-11,912,Gemeente,GM1667,Reusel-De Mierden,2005-2010,73,71,12-17
4,2022-07-20T10:30:00Z,2022-07-11,18653,Gemeente,GM1669,Roerdalen,<=2010,84,84,12+
4,2022-07-20T10:30:00Z,2022-07-11,17542,Gemeente,GM1669,Roerdalen,<2005,86,85,18+
4,2022-07-20T10:30:00Z,2022-07-11,1111,Gemeente,GM1669,Roerdalen,2005-2010,62,59,12-17
4,2022-07-20T10:30:00Z,2022-07-11,69041,Gemeente,GM1674,Roosendaal,<=2010,81,80,12+
4,2022-07-20T10:30:00Z,2022-07-11,64197,Gemeente,GM1674,Roosendaal,<2005,83,81,18+
4,2022-07-20T10:30:00Z,2022-07-11,4844,Gemeente,GM1674,Roosendaal,2005-2010,57,53,12-17
4,2022-07-20T10:30:00Z,2022-07-11,30799,Gemeente,GM1676,Schouwen-Duiveland,<=2010,83,81,12+
4,2022-07-20T10:30:00Z,2022-07-11,28770,Gemeente,GM1676,Schouwen-Duiveland,<2005,85,84,18+
4,2022-07-20T10:30:00Z,2022-07-11,2029,Gemeente,GM1676,Schouwen-Duiveland,2005-2010,56,51,12-17
4,2022-07-20T10:30:00Z,2022-07-11,23068,Gemeente,GM1680,Aa en Hunze,<=2010,90,88,12+
4,2022-07-20T10:30:00Z,2022-07-11,21416,Gemeente,GM1680,Aa en Hunze,<2005,91,90,18+
4,2022-07-20T10:30:00Z,2022-07-11,1652,Gemeente,GM1680,Aa en Hunze,2005-2010,74,71,12-17
4,2022-07-20T10:30:00Z,2022-07-11,23147,Gemeente,GM1681,Borger-Odoorn,<=2010,85,84,12+
4,2022-07-20T10:30:00Z,2022-07-11,21536,Gemeente,GM1681,Borger-Odoorn,<2005,87,86,18+
4,2022-07-20T10:30:00Z,2022-07-11,1611,Gemeente,GM1681,Borger-Odoorn,2005-2010,65,61,12-17
4,2022-07-20T10:30:00Z,2022-07-11,21828,Gemeente,GM1690,De Wolden,<=2010,87,86,12+
4,2022-07-20T10:30:00Z,2022-07-11,20270,Gemeente,GM1690,De Wolden,<2005,88,87,18+
4,2022-07-20T10:30:00Z,2022-07-11,1558,Gemeente,GM1690,De Wolden,2005-2010,64,61,12-17
4,2022-07-20T10:30:00Z,2022-07-11,7089,Gemeente,GM1695,Noord-Beveland,<=2010,82,80,12+
4,2022-07-20T10:30:00Z,2022-07-11,6686,Gemeente,GM1695,Noord-Beveland,<2005,83,82,18+
4,2022-07-20T10:30:00Z,2022-07-11,403,Gemeente,GM1695,Noord-Beveland,2005-2010,60,54,12-17
4,2022-07-20T10:30:00Z,2022-07-11,21768,Gemeente,GM1696,Wijdemeren,<=2010,86,85,12+
4,2022-07-20T10:30:00Z,2022-07-11,20095,Gemeente,GM1696,Wijdemeren,<2005,87,87,18+
4,2022-07-20T10:30:00Z,2022-07-11,1673,Gemeente,GM1696,Wijdemeren,2005-2010,65,63,12-17
4,2022-07-20T10:30:00Z,2022-07-11,28207,Gemeente,GM1699,Noordenveld,<=2010,88,87,12+
4,2022-07-20T10:30:00Z,2022-07-11,26157,Gemeente,GM1699,Noordenveld,<2005,89,88,18+
4,2022-07-20T10:30:00Z,2022-07-11,2050,Gemeente,GM1699,Noordenveld,2005-2010,69,66,12-17
4,2022-07-20T10:30:00Z,2022-07-11,29645,Gemeente,GM1700,Twenterand,<=2010,83,82,12+
4,2022-07-20T10:30:00Z,2022-07-11,26877,Gemeente,GM1700,Twenterand,<2005,86,84,18+
4,2022-07-20T10:30:00Z,2022-07-11,2768,Gemeente,GM1700,Twenterand,2005-2010,61,59,12-17
4,2022-07-20T10:30:00Z,2022-07-11,18025,Gemeente,GM1701,Westerveld,<=2010,86,85,12+
4,2022-07-20T10:30:00Z,2022-07-11,16887,Gemeente,GM1701,Westerveld,<2005,87,86,18+
4,2022-07-20T10:30:00Z,2022-07-11,1138,Gemeente,GM1701,Westerveld,2005-2010,64,61,12-17
4,2022-07-20T10:30:00Z,2022-07-11,41732,Gemeente,GM1705,Lingewaard,<=2010,91,90,12+
4,2022-07-20T10:30:00Z,2022-07-11,38265,Gemeente,GM1705,Lingewaard,<2005,92,91,18+
4,2022-07-20T10:30:00Z,2022-07-11,3467,Gemeente,GM1705,Lingewaard,2005-2010,76,74,12-17
4,2022-07-20T10:30:00Z,2022-07-11,18846,Gemeente,GM1706,Cranendonck,<=2010,85,84,12+
4,2022-07-20T10:30:00Z,2022-07-11,17544,Gemeente,GM1706,Cranendonck,<2005,87,86,18+
4,2022-07-20T10:30:00Z,2022-07-11,1302,Gemeente,GM1706,Cranendonck,2005-2010,63,60,12-17
4,2022-07-20T10:30:00Z,2022-07-11,39977,Gemeente,GM1708,Steenwijkerland,<=2010,84,83,12+
4,2022-07-20T10:30:00Z,2022-07-11,37010,Gemeente,GM1708,Steenwijkerland,<2005,86,85,18+
4,2022-07-20T10:30:00Z,2022-07-11,2967,Gemeente,GM1708,Steenwijkerland,2005-2010,61,59,12-17
4,2022-07-20T10:30:00Z,2022-07-11,33549,Gemeente,GM1709,Moerdijk,<=2010,86,85,12+
4,2022-07-20T10:30:00Z,2022-07-11,31132,Gemeente,GM1709,Moerdijk,<2005,88,87,18+
4,2022-07-20T10:30:00Z,2022-07-11,2417,Gemeente,GM1709,Moerdijk,2005-2010,68,64,12-17
4,2022-07-20T10:30:00Z,2022-07-11,29009,Gemeente,GM1711,Echt-Susteren,<=2010,84,83,12+
4,2022-07-20T10:30:00Z,2022-07-11,27272,Gemeente,GM1711,Echt-Susteren,<2005,85,85,18+
4,2022-07-20T10:30:00Z,2022-07-11,1737,Gemeente,GM1711,Echt-Susteren,2005-2010,63,61,12-17
4,2022-07-20T10:30:00Z,2022-07-11,21069,Gemeente,GM1714,Sluis,<=2010,85,83,12+
4,2022-07-20T10:30:00Z,2022-07-11,19830,Gemeente,GM1714,Sluis,<2005,86,85,18+
4,2022-07-20T10:30:00Z,2022-07-11,1239,Gemeente,GM1714,Sluis,2005-2010,65,59,12-17
4,2022-07-20T10:30:00Z,2022-07-11,24926,Gemeente,GM1719,Drimmelen,<=2010,89,88,12+
4,2022-07-20T10:30:00Z,2022-07-11,23245,Gemeente,GM1719,Drimmelen,<2005,91,90,18+
4,2022-07-20T10:30:00Z,2022-07-11,1681,Gemeente,GM1719,Drimmelen,2005-2010,70,67,12-17
4,2022-07-20T10:30:00Z,2022-07-11,28478,Gemeente,GM1721,Bernheze,<=2010,89,89,12+
4,2022-07-20T10:30:00Z,2022-07-11,26262,Gemeente,GM1721,Bernheze,<2005,91,90,18+
4,2022-07-20T10:30:00Z,2022-07-11,2216,Gemeente,GM1721,Bernheze,2005-2010,72,71,12-17
4,2022-07-20T10:30:00Z,2022-07-11,9323,Gemeente,GM1723,Alphen-Chaam,<=2010,90,89,12+
4,2022-07-20T10:30:00Z,2022-07-11,8672,Gemeente,GM1723,Alphen-Chaam,<2005,92,91,18+
4,2022-07-20T10:30:00Z,2022-07-11,651,Gemeente,GM1723,Alphen-Chaam,2005-2010,70,66,12-17
4,2022-07-20T10:30:00Z,2022-07-11,17013,Gemeente,GM1724,Bergeijk,<=2010,90,89,12+
4,2022-07-20T10:30:00Z,2022-07-11,15782,Gemeente,GM1724,Bergeijk,<2005,91,90,18+
4,2022-07-20T10:30:00Z,2022-07-11,1231,Gemeente,GM1724,Bergeijk,2005-2010,73,71,12-17
4,2022-07-20T10:30:00Z,2022-07-11,18618,Gemeente,GM1728,Bladel,<=2010,89,88,12+
4,2022-07-20T10:30:00Z,2022-07-11,17274,Gemeente,GM1728,Bladel,<2005,90,89,18+
4,2022-07-20T10:30:00Z,2022-07-11,1344,Gemeente,GM1728,Bladel,2005-2010,70,69,12-17
4,2022-07-20T10:30:00Z,2022-07-11,12955,Gemeente,GM1729,Gulpen-Wittem,<=2010,87,86,12+
4,2022-07-20T10:30:00Z,2022-07-11,12268,Gemeente,GM1729,Gulpen-Wittem,<2005,88,87,18+
4,2022-07-20T10:30:00Z,2022-07-11,687,Gemeente,GM1729,Gulpen-Wittem,2005-2010,66,64,12-17
4,2022-07-20T10:30:00Z,2022-07-11,30105,Gemeente,GM1730,Tynaarlo,<=2010,90,89,12+
4,2022-07-20T10:30:00Z,2022-07-11,27596,Gemeente,GM1730,Tynaarlo,<2005,92,91,18+
4,2022-07-20T10:30:00Z,2022-07-11,2509,Gemeente,GM1730,Tynaarlo,2005-2010,73,69,12-17
4,2022-07-20T10:30:00Z,2022-07-11,30294,Gemeente,GM1731,Midden-Drenthe,<=2010,87,86,12+
4,2022-07-20T10:30:00Z,2022-07-11,28106,Gemeente,GM1731,Midden-Drenthe,<2005,88,87,18+
4,2022-07-20T10:30:00Z,2022-07-11,2188,Gemeente,GM1731,Midden-Drenthe,2005-2010,67,64,12-17
4,2022-07-20T10:30:00Z,2022-07-11,42400,Gemeente,GM1734,Overbetuwe,<=2010,88,87,12+
4,2022-07-20T10:30:00Z,2022-07-11,38718,Gemeente,GM1734,Overbetuwe,<2005,90,89,18+
4,2022-07-20T10:30:00Z,2022-07-11,3682,Gemeente,GM1734,Overbetuwe,2005-2010,70,68,12-17
4,2022-07-20T10:30:00Z,2022-07-11,31767,Gemeente,GM1735,Hof van Twente,<=2010,89,88,12+
4,2022-07-20T10:30:00Z,2022-07-11,29308,Gemeente,GM1735,Hof van Twente,<2005,91,90,18+
4,2022-07-20T10:30:00Z,2022-07-11,2459,Gemeente,GM1735,Hof van Twente,2005-2010,70,68,12-17
4,2022-07-20T10:30:00Z,2022-07-11,21164,Gemeente,GM1740,Neder-Betuwe,<=2010,61,60,12+
4,2022-07-20T10:30:00Z,2022-07-11,19098,Gemeente,GM1740,Neder-Betuwe,<2005,64,63,18+
4,2022-07-20T10:30:00Z,2022-07-11,2066,Gemeente,GM1740,Neder-Betuwe,2005-2010,34,33,12-17
4,2022-07-20T10:30:00Z,2022-07-11,32974,Gemeente,GM1742,Rijssen-Holten,<=2010,79,77,12+
4,2022-07-20T10:30:00Z,2022-07-11,29666,Gemeente,GM1742,Rijssen-Holten,<2005,81,80,18+
4,2022-07-20T10:30:00Z,2022-07-11,3308,Gemeente,GM1742,Rijssen-Holten,2005-2010,53,52,12-17
4,2022-07-20T10:30:00Z,2022-07-11,35672,Gemeente,GM1771,Geldrop-Mierlo,<=2010,85,83,12+
4,2022-07-20T10:30:00Z,2022-07-11,33099,Gemeente,GM1771,Geldrop-Mierlo,<2005,87,85,18+
4,2022-07-20T10:30:00Z,2022-07-11,2573,Gemeente,GM1771,Geldrop-Mierlo,2005-2010,63,58,12-17
4,2022-07-20T10:30:00Z,2022-07-11,16612,Gemeente,GM1773,Olst-Wijhe,<=2010,89,88,12+
4,2022-07-20T10:30:00Z,2022-07-11,15341,Gemeente,GM1773,Olst-Wijhe,<2005,91,90,18+
4,2022-07-20T10:30:00Z,2022-07-11,1271,Gemeente,GM1773,Olst-Wijhe,2005-2010,70,68,12-17
4,2022-07-20T10:30:00Z,2022-07-11,23867,Gemeente,GM1774,Dinkelland,<=2010,91,90,12+
4,2022-07-20T10:30:00Z,2022-07-11,22011,Gemeente,GM1774,Dinkelland,<2005,92,91,18+
4,2022-07-20T10:30:00Z,2022-07-11,1856,Gemeente,GM1774,Dinkelland,2005-2010,75,73,12-17
4,2022-07-20T10:30:00Z,2022-07-11,99770,Gemeente,GM1783,Westland,<=2010,81,80,12+
4,2022-07-20T10:30:00Z,2022-07-11,91750,Gemeente,GM1783,Westland,<2005,83,82,18+
4,2022-07-20T10:30:00Z,2022-07-11,8020,Gemeente,GM1783,Westland,2005-2010,57,56,12-17
4,2022-07-20T10:30:00Z,2022-07-11,16987,Gemeente,GM1842,Midden-Delfland,<=2010,88,87,12+
4,2022-07-20T10:30:00Z,2022-07-11,15586,Gemeente,GM1842,Midden-Delfland,<2005,90,89,18+
4,2022-07-20T10:30:00Z,2022-07-11,1401,Gemeente,GM1842,Midden-Delfland,2005-2010,66,64,12-17
4,2022-07-20T10:30:00Z,2022-07-11,39720,Gemeente,GM1859,Berkelland,<=2010,89,88,12+
4,2022-07-20T10:30:00Z,2022-07-11,36678,Gemeente,GM1859,Berkelland,<2005,91,89,18+
4,2022-07-20T10:30:00Z,2022-07-11,3042,Gemeente,GM1859,Berkelland,2005-2010,71,66,12-17
4,2022-07-20T10:30:00Z,2022-07-11,32985,Gemeente,GM1876,Bronckhorst,<=2010,90,89,12+
4,2022-07-20T10:30:00Z,2022-07-11,30571,Gemeente,GM1876,Bronckhorst,<2005,92,90,18+
4,2022-07-20T10:30:00Z,2022-07-11,2414,Gemeente,GM1876,Bronckhorst,2005-2010,74,69,12-17
4,2022-07-20T10:30:00Z,2022-07-11,83318,Gemeente,GM1883,Sittard-Geleen,<=2010,81,80,12+
4,2022-07-20T10:30:00Z,2022-07-11,78320,Gemeente,GM1883,Sittard-Geleen,<2005,83,82,18+
4,2022-07-20T10:30:00Z,2022-07-11,4998,Gemeente,GM1883,Sittard-Geleen,2005-2010,55,54,12-17
4,2022-07-20T10:30:00Z,2022-07-11,24857,Gemeente,GM1884,Kaag en Braassem,<=2010,87,86,12+
4,2022-07-20T10:30:00Z,2022-07-11,23082,Gemeente,GM1884,Kaag en Braassem,<2005,88,88,18+
4,2022-07-20T10:30:00Z,2022-07-11,1775,Gemeente,GM1884,Kaag en Braassem,2005-2010,69,67,12-17
4,2022-07-20T10:30:00Z,2022-07-11,16741,Gemeente,GM1891,Dantumadiel,<=2010,75,73,12+
4,2022-07-20T10:30:00Z,2022-07-11,15428,Gemeente,GM1891,Dantumadiel,<2005,77,76,18+
4,2022-07-20T10:30:00Z,2022-07-11,1313,Gemeente,GM1891,Dantumadiel,2005-2010,44,42,12-17
4,2022-07-20T10:30:00Z,2022-07-11,39620,Gemeente,GM1892,Zuidplas,<=2010,82,82,12+
4,2022-07-20T10:30:00Z,2022-07-11,36291,Gemeente,GM1892,Zuidplas,<2005,85,84,18+
4,2022-07-20T10:30:00Z,2022-07-11,3329,Gemeente,GM1892,Zuidplas,2005-2010,59,57,12-17
4,2022-07-20T10:30:00Z,2022-07-11,40283,Gemeente,GM1894,Peel en Maas,<=2010,86,85,12+
4,2022-07-20T10:30:00Z,2022-07-11,37469,Gemeente,GM1894,Peel en Maas,<2005,88,87,18+
4,2022-07-20T10:30:00Z,2022-07-11,2814,Gemeente,GM1894,Peel en Maas,2005-2010,67,58,12-17
4,2022-07-20T10:30:00Z,2022-07-11,35020,Gemeente,GM1895,Oldambt,<=2010,84,82,12+
4,2022-07-20T10:30:00Z,2022-07-11,32594,Gemeente,GM1895,Oldambt,<2005,85,84,18+
4,2022-07-20T10:30:00Z,2022-07-11,2426,Gemeente,GM1895,Oldambt,2005-2010,62,60,12-17
4,2022-07-20T10:30:00Z,2022-07-11,19762,Gemeente,GM1896,Zwartewaterland,<=2010,75,74,12+
4,2022-07-20T10:30:00Z,2022-07-11,17758,Gemeente,GM1896,Zwartewaterland,<2005,78,77,18+
4,2022-07-20T10:30:00Z,2022-07-11,2004,Gemeente,GM1896,Zwartewaterland,2005-2010,51,49,12-17
4,2022-07-20T10:30:00Z,2022-07-11,80302,Gemeente,GM1900,Sdwest-Frysln,<=2010,81,80,12+
4,2022-07-20T10:30:00Z,2022-07-11,73710,Gemeente,GM1900,Sdwest-Frysln,<2005,83,82,18+
4,2022-07-20T10:30:00Z,2022-07-11,6592,Gemeente,GM1900,Sdwest-Frysln,2005-2010,58,56,12-17
4,2022-07-20T10:30:00Z,2022-07-11,31213,Gemeente,GM1901,Bodegraven-Reeuwijk,<=2010,83,82,12+
4,2022-07-20T10:30:00Z,2022-07-11,28617,Gemeente,GM1901,Bodegraven-Reeuwijk,<2005,85,84,18+
4,2022-07-20T10:30:00Z,2022-07-11,2596,Gemeente,GM1901,Bodegraven-Reeuwijk,2005-2010,60,58,12-17
4,2022-07-20T10:30:00Z,2022-07-11,23028,Gemeente,GM1903,Eijsden-Margraten,<=2010,90,89,12+
4,2022-07-20T10:30:00Z,2022-07-11,21547,Gemeente,GM1903,Eijsden-Margraten,<2005,92,90,18+
4,2022-07-20T10:30:00Z,2022-07-11,1481,Gemeente,GM1903,Eijsden-Margraten,2005-2010,72,71,12-17
4,2022-07-20T10:30:00Z,2022-07-11,57247,Gemeente,GM1904,Stichtse Vecht,<=2010,85,84,12+
4,2022-07-20T10:30:00Z,2022-07-11,52536,Gemeente,GM1904,Stichtse Vecht,<2005,87,86,18+
4,2022-07-20T10:30:00Z,2022-07-11,4711,Gemeente,GM1904,Stichtse Vecht,2005-2010,66,64,12-17
4,2022-07-20T10:30:00Z,2022-07-11,43753,Gemeente,GM1911,Hollands Kroon,<=2010,81,79,12+
4,2022-07-20T10:30:00Z,2022-07-11,40432,Gemeente,GM1911,Hollands Kroon,<2005,83,81,18+
4,2022-07-20T10:30:00Z,2022-07-11,3321,Gemeente,GM1911,Hollands Kroon,2005-2010,60,54,12-17
4,2022-07-20T10:30:00Z,2022-07-11,67885,Gemeente,GM1916,Leidschendam-Voorburg,<=2010,85,84,12+
4,2022-07-20T10:30:00Z,2022-07-11,62775,Gemeente,GM1916,Leidschendam-Voorburg,<2005,86,85,18+
4,2022-07-20T10:30:00Z,2022-07-11,5110,Gemeente,GM1916,Leidschendam-Voorburg,2005-2010,65,63,12-17
4,2022-07-20T10:30:00Z,2022-07-11,45368,Gemeente,GM1924,Goeree-Overflakkee,<=2010,80,78,12+
4,2022-07-20T10:30:00Z,2022-07-11,41811,Gemeente,GM1924,Goeree-Overflakkee,<2005,82,81,18+
4,2022-07-20T10:30:00Z,2022-07-11,3557,Gemeente,GM1924,Goeree-Overflakkee,2005-2010,53,50,12-17
4,2022-07-20T10:30:00Z,2022-07-11,49313,Gemeente,GM1926,Pijnacker-Nootdorp,<=2010,86,86,12+
4,2022-07-20T10:30:00Z,2022-07-11,44198,Gemeente,GM1926,Pijnacker-Nootdorp,<2005,89,88,18+
4,2022-07-20T10:30:00Z,2022-07-11,5115,Gemeente,GM1926,Pijnacker-Nootdorp,2005-2010,68,66,12-17
4,2022-07-20T10:30:00Z,2022-07-11,75991,Gemeente,GM1930,Nissewaard,<=2010,79,78,12+
4,2022-07-20T10:30:00Z,2022-07-11,70452,Gemeente,GM1930,Nissewaard,<2005,81,80,18+
4,2022-07-20T10:30:00Z,2022-07-11,5539,Gemeente,GM1930,Nissewaard,2005-2010,50,49,12-17
4,2022-07-20T10:30:00Z,2022-07-11,50382,Gemeente,GM1931,Krimpenerwaard,<=2010,81,80,12+
4,2022-07-20T10:30:00Z,2022-07-11,46222,Gemeente,GM1931,Krimpenerwaard,<2005,84,83,18+
4,2022-07-20T10:30:00Z,2022-07-11,4160,Gemeente,GM1931,Krimpenerwaard,2005-2010,56,55,12-17
4,2022-07-20T10:30:00Z,2022-07-11,46162,Gemeente,GM1940,De Fryske Marren,<=2010,81,80,12+
4,2022-07-20T10:30:00Z,2022-07-11,42499,Gemeente,GM1940,De Fryske Marren,<2005,83,82,18+
4,2022-07-20T10:30:00Z,2022-07-11,3663,Gemeente,GM1940,De Fryske Marren,2005-2010,56,54,12-17
4,2022-07-20T10:30:00Z,2022-07-11,51387,Gemeente,GM1942,Gooise Meren,<=2010,86,84,12+
4,2022-07-20T10:30:00Z,2022-07-11,46458,Gemeente,GM1942,Gooise Meren,<2005,87,86,18+
4,2022-07-20T10:30:00Z,2022-07-11,4929,Gemeente,GM1942,Gooise Meren,2005-2010,70,68,12-17
4,2022-07-20T10:30:00Z,2022-07-11,31749,Gemeente,GM1945,Berg en Dal,<=2010,89,88,12+
4,2022-07-20T10:30:00Z,2022-07-11,29639,Gemeente,GM1945,Berg en Dal,<2005,91,90,18+
4,2022-07-20T10:30:00Z,2022-07-11,2110,Gemeente,GM1945,Berg en Dal,2005-2010,73,71,12-17
4,2022-07-20T10:30:00Z,2022-07-11,73686,Gemeente,GM1948,Meierijstad,<=2010,88,87,12+
4,2022-07-20T10:30:00Z,2022-07-11,68284,Gemeente,GM1948,Meierijstad,<2005,89,89,18+
4,2022-07-20T10:30:00Z,2022-07-11,5402,Gemeente,GM1948,Meierijstad,2005-2010,69,68,12-17
4,2022-07-20T10:30:00Z,2022-07-11,41284,Gemeente,GM1949,Waadhoeke,<=2010,82,80,12+
4,2022-07-20T10:30:00Z,2022-07-11,38009,Gemeente,GM1949,Waadhoeke,<2005,84,82,18+
4,2022-07-20T10:30:00Z,2022-07-11,3275,Gemeente,GM1949,Waadhoeke,2005-2010,58,57,12-17
4,2022-07-20T10:30:00Z,2022-07-11,23643,Gemeente,GM1950,Westerwolde,<=2010,78,76,12+
4,2022-07-20T10:30:00Z,2022-07-11,21888,Gemeente,GM1950,Westerwolde,<2005,81,78,18+
4,2022-07-20T10:30:00Z,2022-07-11,1755,Gemeente,GM1950,Westerwolde,2005-2010,53,50,12-17
4,2022-07-20T10:30:00Z,2022-07-11,54630,Gemeente,GM1952,Midden-Groningen,<=2010,83,82,12+
4,2022-07-20T10:30:00Z,2022-07-11,50691,Gemeente,GM1952,Midden-Groningen,<2005,85,84,18+
4,2022-07-20T10:30:00Z,2022-07-11,3939,Gemeente,GM1952,Midden-Groningen,2005-2010,63,60,12-17
4,2022-07-20T10:30:00Z,2022-07-11,32401,Gemeente,GM1954,Beekdaelen,<=2010,84,83,12+
4,2022-07-20T10:30:00Z,2022-07-11,30417,Gemeente,GM1954,Beekdaelen,<2005,86,84,18+
4,2022-07-20T10:30:00Z,2022-07-11,1984,Gemeente,GM1954,Beekdaelen,2005-2010,64,61,12-17
4,2022-07-20T10:30:00Z,2022-07-11,33057,Gemeente,GM1955,Montferland,<=2010,88,87,12+
4,2022-07-20T10:30:00Z,2022-07-11,30866,Gemeente,GM1955,Montferland,<2005,90,89,18+
4,2022-07-20T10:30:00Z,2022-07-11,2191,Gemeente,GM1955,Montferland,2005-2010,71,67,12-17
4,2022-07-20T10:30:00Z,2022-07-11,50021,Gemeente,GM1959,Altena,<=2010,77,76,12+
4,2022-07-20T10:30:00Z,2022-07-11,45736,Gemeente,GM1959,Altena,<2005,79,78,18+
4,2022-07-20T10:30:00Z,2022-07-11,4285,Gemeente,GM1959,Altena,2005-2010,51,50,12-17
4,2022-07-20T10:30:00Z,2022-07-11,45887,Gemeente,GM1960,West Betuwe,<=2010,81,80,12+
4,2022-07-20T10:30:00Z,2022-07-11,41949,Gemeente,GM1960,West Betuwe,<2005,83,82,18+
4,2022-07-20T10:30:00Z,2022-07-11,3938,Gemeente,GM1960,West Betuwe,2005-2010,58,56,12-17
4,2022-07-20T10:30:00Z,2022-07-11,51211,Gemeente,GM1961,Vijfheerenlanden,<=2010,81,80,12+
4,2022-07-20T10:30:00Z,2022-07-11,47215,Gemeente,GM1961,Vijfheerenlanden,<2005,84,82,18+
4,2022-07-20T10:30:00Z,2022-07-11,3996,Gemeente,GM1961,Vijfheerenlanden,2005-2010,55,54,12-17
4,2022-07-20T10:30:00Z,2022-07-11,78816,Gemeente,GM1963,Hoeksche Waard,<=2010,81,80,12+
4,2022-07-20T10:30:00Z,2022-07-11,72756,Gemeente,GM1963,Hoeksche Waard,<2005,83,82,18+
4,2022-07-20T10:30:00Z,2022-07-11,6060,Gemeente,GM1963,Hoeksche Waard,2005-2010,56,54,12-17
4,2022-07-20T10:30:00Z,2022-07-11,42825,Gemeente,GM1966,Het Hogeland,<=2010,85,84,12+
4,2022-07-20T10:30:00Z,2022-07-11,39478,Gemeente,GM1966,Het Hogeland,<2005,87,86,18+
4,2022-07-20T10:30:00Z,2022-07-11,3347,Gemeente,GM1966,Het Hogeland,2005-2010,64,60,12-17
4,2022-07-20T10:30:00Z,2022-07-11,56438,Gemeente,GM1969,Westerkwartier,<=2010,85,84,12+
4,2022-07-20T10:30:00Z,2022-07-11,51671,Gemeente,GM1969,Westerkwartier,<2005,87,86,18+
4,2022-07-20T10:30:00Z,2022-07-11,4767,Gemeente,GM1969,Westerkwartier,2005-2010,65,63,12-17
4,2022-07-20T10:30:00Z,2022-07-11,40198,Gemeente,GM1970,Noardeast-Frysln,<=2010,78,77,12+
4,2022-07-20T10:30:00Z,2022-07-11,36797,Gemeente,GM1970,Noardeast-Frysln,<2005,81,79,18+
4,2022-07-20T10:30:00Z,2022-07-11,3401,Gemeente,GM1970,Noardeast-Frysln,2005-2010,49,48,12-17
4,2022-07-20T10:30:00Z,2022-07-11,38993,Gemeente,GM1978,Molenlanden,<=2010,78,77,12+
4,2022-07-20T10:30:00Z,2022-07-11,35332,Gemeente,GM1978,Molenlanden,<2005,81,79,18+
4,2022-07-20T10:30:00Z,2022-07-11,3661,Gemeente,GM1978,Molenlanden,2005-2010,52,51,12-17
4,2022-07-20T10:30:00Z,2022-07-11,40850,Gemeente,GM1979,Eemsdelta,<=2010,83,81,12+
4,2022-07-20T10:30:00Z,2022-07-11,37945,Gemeente,GM1979,Eemsdelta,<2005,84,83,18+
4,2022-07-20T10:30:00Z,2022-07-11,2905,Gemeente,GM1979,Eemsdelta,2005-2010,62,59,12-17
4,2022-07-20T10:30:00Z,2022-07-11,77150,Gemeente,GM1980,Dijk en Waard,<=2010,81,79,12+
4,2022-07-20T10:30:00Z,2022-07-11,70615,Gemeente,GM1980,Dijk en Waard,<2005,83,82,18+
4,2022-07-20T10:30:00Z,2022-07-11,6535,Gemeente,GM1980,Dijk en Waard,2005-2010,57,54,12-17
4,2022-07-20T10:30:00Z,2022-07-11,81595,Gemeente,GM1982,Land van Cuijk,<=2010,88,88,12+
4,2022-07-20T10:30:00Z,2022-07-11,75731,Gemeente,GM1982,Land van Cuijk,<2005,90,89,18+
4,2022-07-20T10:30:00Z,2022-07-11,5864,Gemeente,GM1982,Land van Cuijk,2005-2010,71,68,12-17
4,2022-07-20T10:30:00Z,2022-07-11,51950,Gemeente,GM1991,Maashorst,<=2010,87,86,12+
4,2022-07-20T10:30:00Z,2022-07-11,48135,Gemeente,GM1991,Maashorst,<2005,89,88,18+
4,2022-07-20T10:30:00Z,2022-07-11,3815,Gemeente,GM1991,Maashorst,2005-2010,67,65,12-17
4,2022-07-20T10:30:00Z,2022-07-11,531255,Veiligheidsregio,VR01,Groningen,<=2010,83,81,12+
4,2022-07-20T10:30:00Z,2022-07-11,495745,Veiligheidsregio,VR01,Groningen,<2005,84,83,18+
4,2022-07-20T10:30:00Z,2022-07-11,35510,Veiligheidsregio,VR01,Groningen,2005-2010,63,59,12-17
4,2022-07-20T10:30:00Z,2022-07-11,582526,Veiligheidsregio,VR02,Frysln,<=2010,80,79,12+
4,2022-07-20T10:30:00Z,2022-07-11,536775,Veiligheidsregio,VR02,Frysln,<2005,82,81,18+
4,2022-07-20T10:30:00Z,2022-07-11,45751,Veiligheidsregio,VR02,Frysln,2005-2010,55,54,12-17
4,2022-07-20T10:30:00Z,2022-07-11,445852,Veiligheidsregio,VR03,Drenthe,<=2010,85,84,12+
4,2022-07-20T10:30:00Z,2022-07-11,411875,Veiligheidsregio,VR03,Drenthe,<2005,87,86,18+
4,2022-07-20T10:30:00Z,2022-07-11,33977,Veiligheidsregio,VR03,Drenthe,2005-2010,64,61,12-17
4,2022-07-20T10:30:00Z,2022-07-11,473797,Veiligheidsregio,VR04,IJsselland,<=2010,84,83,12+
4,2022-07-20T10:30:00Z,2022-07-11,434141,Veiligheidsregio,VR04,IJsselland,<2005,86,85,18+
4,2022-07-20T10:30:00Z,2022-07-11,39656,Veiligheidsregio,VR04,IJsselland,2005-2010,62,60,12-17
4,2022-07-20T10:30:00Z,2022-07-11,565747,Veiligheidsregio,VR05,Twente,<=2010,83,82,12+
4,2022-07-20T10:30:00Z,2022-07-11,520845,Veiligheidsregio,VR05,Twente,<2005,85,84,18+
4,2022-07-20T10:30:00Z,2022-07-11,44902,Veiligheidsregio,VR05,Twente,2005-2010,62,60,12-17
4,2022-07-20T10:30:00Z,2022-07-11,745798,Veiligheidsregio,VR06,Noord- en Oost-Gelderland,<=2010,85,83,12+
4,2022-07-20T10:30:00Z,2022-07-11,687943,Veiligheidsregio,VR06,Noord- en Oost-Gelderland,<2005,87,85,18+
4,2022-07-20T10:30:00Z,2022-07-11,57855,Veiligheidsregio,VR06,Noord- en Oost-Gelderland,2005-2010,63,60,12-17
4,2022-07-20T10:30:00Z,2022-07-11,624287,Veiligheidsregio,VR07,Gelderland-Midden,<=2010,82,81,12+
4,2022-07-20T10:30:00Z,2022-07-11,575348,Veiligheidsregio,VR07,Gelderland-Midden,<2005,84,83,18+
4,2022-07-20T10:30:00Z,2022-07-11,48939,Veiligheidsregio,VR07,Gelderland-Midden,2005-2010,59,58,12-17
4,2022-07-20T10:30:00Z,2022-07-11,507369,Veiligheidsregio,VR08,Gelderland-Zuid,<=2010,84,83,12+
4,2022-07-20T10:30:00Z,2022-07-11,470428,Veiligheidsregio,VR08,Gelderland-Zuid,<2005,85,84,18+
4,2022-07-20T10:30:00Z,2022-07-11,36941,Veiligheidsregio,VR08,Gelderland-Zuid,2005-2010,62,60,12-17
4,2022-07-20T10:30:00Z,2022-07-11,1202763,Veiligheidsregio,VR09,Utrecht,<=2010,84,83,12+
4,2022-07-20T10:30:00Z,2022-07-11,1106283,Veiligheidsregio,VR09,Utrecht,<2005,86,85,18+
4,2022-07-20T10:30:00Z,2022-07-11,96480,Veiligheidsregio,VR09,Utrecht,2005-2010,62,60,12-17
4,2022-07-20T10:30:00Z,2022-07-11,597647,Veiligheidsregio,VR10,Noord-Holland-Noord,<=2010,81,80,12+
4,2022-07-20T10:30:00Z,2022-07-11,552367,Veiligheidsregio,VR10,Noord-Holland-Noord,<2005,83,82,18+
4,2022-07-20T10:30:00Z,2022-07-11,45280,Veiligheidsregio,VR10,Noord-Holland-Noord,2005-2010,59,55,12-17
4,2022-07-20T10:30:00Z,2022-07-11,302788,Veiligheidsregio,VR11,Zaanstreek-Waterland,<=2010,80,78,12+
4,2022-07-20T10:30:00Z,2022-07-11,279978,Veiligheidsregio,VR11,Zaanstreek-Waterland,<2005,82,80,18+
4,2022-07-20T10:30:00Z,2022-07-11,22810,Veiligheidsregio,VR11,Zaanstreek-Waterland,2005-2010,54,52,12-17
4,2022-07-20T10:30:00Z,2022-07-11,489741,Veiligheidsregio,VR12,Kennemerland,<=2010,82,81,12+
4,2022-07-20T10:30:00Z,2022-07-11,450399,Veiligheidsregio,VR12,Kennemerland,<2005,84,82,18+
4,2022-07-20T10:30:00Z,2022-07-11,39342,Veiligheidsregio,VR12,Kennemerland,2005-2010,61,59,12-17
4,2022-07-20T10:30:00Z,2022-07-11,989087,Veiligheidsregio,VR13,Amsterdam-Amstelland,<=2010,75,73,12+
4,2022-07-20T10:30:00Z,2022-07-11,926817,Veiligheidsregio,VR13,Amsterdam-Amstelland,<2005,77,75,18+
4,2022-07-20T10:30:00Z,2022-07-11,62270,Veiligheidsregio,VR13,Amsterdam-Amstelland,2005-2010,49,46,12-17
4,2022-07-20T10:30:00Z,2022-07-11,211546,Veiligheidsregio,VR14,Gooi en Vechtstreek,<=2010,84,83,12+
4,2022-07-20T10:30:00Z,2022-07-11,193949,Veiligheidsregio,VR14,Gooi en Vechtstreek,<2005,86,85,18+
4,2022-07-20T10:30:00Z,2022-07-11,17597,Veiligheidsregio,VR14,Gooi en Vechtstreek,2005-2010,65,64,12-17
4,2022-07-20T10:30:00Z,2022-07-11,1002399,Veiligheidsregio,VR15,Haaglanden,<=2010,77,76,12+
4,2022-07-20T10:30:00Z,2022-07-11,926211,Veiligheidsregio,VR15,Haaglanden,<2005,79,78,18+
4,2022-07-20T10:30:00Z,2022-07-11,76188,Veiligheidsregio,VR15,Haaglanden,2005-2010,55,53,12-17
4,2022-07-20T10:30:00Z,2022-07-11,727212,Veiligheidsregio,VR16,Hollands-Midden,<=2010,84,83,12+
4,2022-07-20T10:30:00Z,2022-07-11,672084,Veiligheidsregio,VR16,Hollands-Midden,<2005,86,85,18+
4,2022-07-20T10:30:00Z,2022-07-11,55128,Veiligheidsregio,VR16,Hollands-Midden,2005-2010,62,60,12-17
4,2022-07-20T10:30:00Z,2022-07-11,1179410,Veiligheidsregio,VR17,Rotterdam-Rijnmond,<=2010,74,73,12+
4,2022-07-20T10:30:00Z,2022-07-11,1093177,Veiligheidsregio,VR17,Rotterdam-Rijnmond,<2005,76,75,18+
4,2022-07-20T10:30:00Z,2022-07-11,86233,Veiligheidsregio,VR17,Rotterdam-Rijnmond,2005-2010,47,45,12-17
4,2022-07-20T10:30:00Z,2022-07-11,408484,Veiligheidsregio,VR18,Zuid-Holland-Zuid,<=2010,79,78,12+
4,2022-07-20T10:30:00Z,2022-07-11,375769,Veiligheidsregio,VR18,Zuid-Holland-Zuid,<2005,81,80,18+
4,2022-07-20T10:30:00Z,2022-07-11,32715,Veiligheidsregio,VR18,Zuid-Holland-Zuid,2005-2010,52,51,12-17
4,2022-07-20T10:30:00Z,2022-07-11,345643,Veiligheidsregio,VR19,Zeeland,<=2010,79,78,12+
4,2022-07-20T10:30:00Z,2022-07-11,320515,Veiligheidsregio,VR19,Zeeland,<2005,81,80,18+
4,2022-07-20T10:30:00Z,2022-07-11,25128,Veiligheidsregio,VR19,Zeeland,2005-2010,55,50,12-17
4,2022-07-20T10:30:00Z,2022-07-11,1016431,Veiligheidsregio,VR20,Midden- en West-Brabant,<=2010,84,83,12+
4,2022-07-20T10:30:00Z,2022-07-11,943448,Veiligheidsregio,VR20,Midden- en West-Brabant,<2005,85,84,18+
4,2022-07-20T10:30:00Z,2022-07-11,72983,Veiligheidsregio,VR20,Midden- en West-Brabant,2005-2010,63,60,12-17
4,2022-07-20T10:30:00Z,2022-07-11,593492,Veiligheidsregio,VR21,Brabant-Noord,<=2010,87,86,12+
4,2022-07-20T10:30:00Z,2022-07-11,549768,Veiligheidsregio,VR21,Brabant-Noord,<2005,88,87,18+
4,2022-07-20T10:30:00Z,2022-07-11,43724,Veiligheidsregio,VR21,Brabant-Noord,2005-2010,68,66,12-17
4,2022-07-20T10:30:00Z,2022-07-11,708800,Veiligheidsregio,VR22,Brabant-Zuidoost,<=2010,84,82,12+
4,2022-07-20T10:30:00Z,2022-07-11,658763,Veiligheidsregio,VR22,Brabant-Zuidoost,<2005,85,84,18+
4,2022-07-20T10:30:00Z,2022-07-11,50037,Veiligheidsregio,VR22,Brabant-Zuidoost,2005-2010,64,60,12-17
4,2022-07-20T10:30:00Z,2022-07-11,474721,Veiligheidsregio,VR23,Limburg-Noord,<=2010,83,82,12+
4,2022-07-20T10:30:00Z,2022-07-11,443279,Veiligheidsregio,VR23,Limburg-Noord,<2005,85,84,18+
4,2022-07-20T10:30:00Z,2022-07-11,31442,Veiligheidsregio,VR23,Limburg-Noord,2005-2010,62,57,12-17
4,2022-07-20T10:30:00Z,2022-07-11,539254,Veiligheidsregio,VR24,Limburg-Zuid,<=2010,80,79,12+
4,2022-07-20T10:30:00Z,2022-07-11,508327,Veiligheidsregio,VR24,Limburg-Zuid,<2005,82,80,18+
4,2022-07-20T10:30:00Z,2022-07-11,30927,Veiligheidsregio,VR24,Limburg-Zuid,2005-2010,57,55,12-17
4,2022-07-20T10:30:00Z,2022-07-11,378472,Veiligheidsregio,VR25,Flevoland,<=2010,73,72,12+
4,2022-07-20T10:30:00Z,2022-07-11,344837,Veiligheidsregio,VR25,Flevoland,<2005,76,75,18+
4,2022-07-20T10:30:00Z,2022-07-11,33635,Veiligheidsregio,VR25,Flevoland,2005-2010,47,45,12-17
