Version,Date_of_report,Date_of_statistics,Populatie,Region_level,Region_code,Region_name,Birth_year,Vaccination_coverage_partly,Vaccination_coverage_completed,Age_group
2,2022-02-02T10:30:00Z,2022-01-24,212020,Gemeente,GM0014,Groningen,<=2009,84,83,12+
2,2022-02-02T10:30:00Z,2022-01-24,200613,Gemeente,GM0014,Groningen,<2004,85,84,18+
2,2022-02-02T10:30:00Z,2022-01-24,11407,Gemeente,GM0014,Groningen,2004-2009,74,73,12-17
2,2022-02-02T10:30:00Z,2022-01-24,185914,Gemeente,GM0034,Almere,<=2009,76,75,12+
2,2022-02-02T10:30:00Z,2022-01-24,169649,Gemeente,GM0034,Almere,<2004,78,76,18+
2,2022-02-02T10:30:00Z,2022-01-24,16265,Gemeente,GM0034,Almere,2004-2009,56,54,12-17
2,2022-02-02T10:30:00Z,2022-01-24,28551,Gemeente,GM0037,Stadskanaal,<=2009,85,83,12+
2,2022-02-02T10:30:00Z,2022-01-24,26489,Gemeente,GM0037,Stadskanaal,<2004,86,84,18+
2,2022-02-02T10:30:00Z,2022-01-24,2062,Gemeente,GM0037,Stadskanaal,2004-2009,69,66,12-17
2,2022-02-02T10:30:00Z,2022-01-24,24601,Gemeente,GM0047,Veendam,<=2009,84,82,12+
2,2022-02-02T10:30:00Z,2022-01-24,22711,Gemeente,GM0047,Veendam,<2004,85,83,18+
2,2022-02-02T10:30:00Z,2022-01-24,1890,Gemeente,GM0047,Veendam,2004-2009,72,71,12-17
2,2022-02-02T10:30:00Z,2022-01-24,20155,Gemeente,GM0050,Zeewolde,<=2009,82,81,12+
2,2022-02-02T10:30:00Z,2022-01-24,18373,Gemeente,GM0050,Zeewolde,<2004,83,82,18+
2,2022-02-02T10:30:00Z,2022-01-24,1782,Gemeente,GM0050,Zeewolde,2004-2009,70,68,12-17
2,2022-02-02T10:30:00Z,2022-01-24,24495,Gemeente,GM0059,Achtkarspelen,<=2009,76,75,12+
2,2022-02-02T10:30:00Z,2022-01-24,22275,Gemeente,GM0059,Achtkarspelen,<2004,79,77,18+
2,2022-02-02T10:30:00Z,2022-01-24,2220,Gemeente,GM0059,Achtkarspelen,2004-2009,55,54,12-17
2,2022-02-02T10:30:00Z,2022-01-24,3346,Gemeente,GM0060,Ameland,<=2009,91,90,12+
2,2022-02-02T10:30:00Z,2022-01-24,3086,Gemeente,GM0060,Ameland,<2004,92,91,18+
2,2022-02-02T10:30:00Z,2022-01-24,260,Gemeente,GM0060,Ameland,2004-2009,82,80,12-17
2,2022-02-02T10:30:00Z,2022-01-24,14239,Gemeente,GM0072,Harlingen,<=2009,84,83,12+
2,2022-02-02T10:30:00Z,2022-01-24,13092,Gemeente,GM0072,Harlingen,<2004,86,84,18+
2,2022-02-02T10:30:00Z,2022-01-24,1147,Gemeente,GM0072,Harlingen,2004-2009,70,69,12-17
2,2022-02-02T10:30:00Z,2022-01-24,45059,Gemeente,GM0074,Heerenveen,<=2009,84,83,12+
2,2022-02-02T10:30:00Z,2022-01-24,41498,Gemeente,GM0074,Heerenveen,<2004,85,84,18+
2,2022-02-02T10:30:00Z,2022-01-24,3561,Gemeente,GM0074,Heerenveen,2004-2009,72,70,12-17
2,2022-02-02T10:30:00Z,2022-01-24,111098,Gemeente,GM0080,Leeuwarden,<=2009,81,80,12+
2,2022-02-02T10:30:00Z,2022-01-24,103354,Gemeente,GM0080,Leeuwarden,<2004,82,81,18+
2,2022-02-02T10:30:00Z,2022-01-24,7744,Gemeente,GM0080,Leeuwarden,2004-2009,67,66,12-17
2,2022-02-02T10:30:00Z,2022-01-24,22852,Gemeente,GM0085,Ooststellingwerf,<=2009,84,83,12+
2,2022-02-02T10:30:00Z,2022-01-24,21208,Gemeente,GM0085,Ooststellingwerf,<2004,85,84,18+
2,2022-02-02T10:30:00Z,2022-01-24,1644,Gemeente,GM0085,Ooststellingwerf,2004-2009,71,70,12-17
2,2022-02-02T10:30:00Z,2022-01-24,26494,Gemeente,GM0086,Opsterland,<=2009,82,81,12+
2,2022-02-02T10:30:00Z,2022-01-24,24296,Gemeente,GM0086,Opsterland,<2004,83,82,18+
2,2022-02-02T10:30:00Z,2022-01-24,2198,Gemeente,GM0086,Opsterland,2004-2009,66,64,12-17
2,2022-02-02T10:30:00Z,2022-01-24,856,Gemeente,GM0088,Schiermonnikoog,<=2009,9999,9999,12+
2,2022-02-02T10:30:00Z,2022-01-24,813,Gemeente,GM0088,Schiermonnikoog,<2004,>=95,>=95,18+
2,2022-02-02T10:30:00Z,2022-01-24,43,Gemeente,GM0088,Schiermonnikoog,2004-2009,9999,9999,12-17
2,2022-02-02T10:30:00Z,2022-01-24,49572,Gemeente,GM0090,Smallingerland,<=2009,82,80,12+
2,2022-02-02T10:30:00Z,2022-01-24,45523,Gemeente,GM0090,Smallingerland,<2004,83,82,18+
2,2022-02-02T10:30:00Z,2022-01-24,4049,Gemeente,GM0090,Smallingerland,2004-2009,66,62,12-17
2,2022-02-02T10:30:00Z,2022-01-24,4440,Gemeente,GM0093,Terschelling,<=2009,93,92,12+
2,2022-02-02T10:30:00Z,2022-01-24,4186,Gemeente,GM0093,Terschelling,<2004,93,92,18+
2,2022-02-02T10:30:00Z,2022-01-24,254,Gemeente,GM0093,Terschelling,2004-2009,88,85,12-17
2,2022-02-02T10:30:00Z,2022-01-24,1109,Gemeente,GM0096,Vlieland,<=2009,88,87,12+
2,2022-02-02T10:30:00Z,2022-01-24,1046,Gemeente,GM0096,Vlieland,<2004,89,87,18+
2,2022-02-02T10:30:00Z,2022-01-24,63,Gemeente,GM0096,Vlieland,2004-2009,86,84,12-17
2,2022-02-02T10:30:00Z,2022-01-24,23380,Gemeente,GM0098,Weststellingwerf,<=2009,83,82,12+
2,2022-02-02T10:30:00Z,2022-01-24,21642,Gemeente,GM0098,Weststellingwerf,<2004,84,83,18+
2,2022-02-02T10:30:00Z,2022-01-24,1738,Gemeente,GM0098,Weststellingwerf,2004-2009,69,67,12-17
2,2022-02-02T10:30:00Z,2022-01-24,61263,Gemeente,GM0106,Assen,<=2009,86,85,12+
2,2022-02-02T10:30:00Z,2022-01-24,56161,Gemeente,GM0106,Assen,<2004,87,86,18+
2,2022-02-02T10:30:00Z,2022-01-24,5102,Gemeente,GM0106,Assen,2004-2009,77,76,12-17
2,2022-02-02T10:30:00Z,2022-01-24,31733,Gemeente,GM0109,Coevorden,<=2009,88,87,12+
2,2022-02-02T10:30:00Z,2022-01-24,29358,Gemeente,GM0109,Coevorden,<2004,89,88,18+
2,2022-02-02T10:30:00Z,2022-01-24,2375,Gemeente,GM0109,Coevorden,2004-2009,77,75,12-17
2,2022-02-02T10:30:00Z,2022-01-24,96380,Gemeente,GM0114,Emmen,<=2009,86,84,12+
2,2022-02-02T10:30:00Z,2022-01-24,89272,Gemeente,GM0114,Emmen,<2004,87,85,18+
2,2022-02-02T10:30:00Z,2022-01-24,7108,Gemeente,GM0114,Emmen,2004-2009,74,72,12-17
2,2022-02-02T10:30:00Z,2022-01-24,49213,Gemeente,GM0118,Hoogeveen,<=2009,82,80,12+
2,2022-02-02T10:30:00Z,2022-01-24,45172,Gemeente,GM0118,Hoogeveen,<2004,84,82,18+
2,2022-02-02T10:30:00Z,2022-01-24,4041,Gemeente,GM0118,Hoogeveen,2004-2009,64,63,12-17
2,2022-02-02T10:30:00Z,2022-01-24,30559,Gemeente,GM0119,Meppel,<=2009,87,86,12+
2,2022-02-02T10:30:00Z,2022-01-24,27925,Gemeente,GM0119,Meppel,<2004,88,87,18+
2,2022-02-02T10:30:00Z,2022-01-24,2634,Gemeente,GM0119,Meppel,2004-2009,76,74,12-17
2,2022-02-02T10:30:00Z,2022-01-24,65059,Gemeente,GM0141,Almelo,<=2009,81,80,12+
2,2022-02-02T10:30:00Z,2022-01-24,59818,Gemeente,GM0141,Almelo,<2004,83,81,18+
2,2022-02-02T10:30:00Z,2022-01-24,5241,Gemeente,GM0141,Almelo,2004-2009,67,66,12-17
2,2022-02-02T10:30:00Z,2022-01-24,20721,Gemeente,GM0147,Borne,<=2009,91,90,12+
2,2022-02-02T10:30:00Z,2022-01-24,19027,Gemeente,GM0147,Borne,<2004,92,91,18+
2,2022-02-02T10:30:00Z,2022-01-24,1694,Gemeente,GM0147,Borne,2004-2009,81,79,12-17
2,2022-02-02T10:30:00Z,2022-01-24,25473,Gemeente,GM0148,Dalfsen,<=2009,90,89,12+
2,2022-02-02T10:30:00Z,2022-01-24,23309,Gemeente,GM0148,Dalfsen,<2004,91,90,18+
2,2022-02-02T10:30:00Z,2022-01-24,2164,Gemeente,GM0148,Dalfsen,2004-2009,81,80,12-17
2,2022-02-02T10:30:00Z,2022-01-24,89859,Gemeente,GM0150,Deventer,<=2009,86,84,12+
2,2022-02-02T10:30:00Z,2022-01-24,82804,Gemeente,GM0150,Deventer,<2004,87,85,18+
2,2022-02-02T10:30:00Z,2022-01-24,7055,Gemeente,GM0150,Deventer,2004-2009,74,73,12-17
2,2022-02-02T10:30:00Z,2022-01-24,142942,Gemeente,GM0153,Enschede,<=2009,80,79,12+
2,2022-02-02T10:30:00Z,2022-01-24,132879,Gemeente,GM0153,Enschede,<2004,81,80,18+
2,2022-02-02T10:30:00Z,2022-01-24,10063,Gemeente,GM0153,Enschede,2004-2009,64,62,12-17
2,2022-02-02T10:30:00Z,2022-01-24,21767,Gemeente,GM0158,Haaksbergen,<=2009,89,88,12+
2,2022-02-02T10:30:00Z,2022-01-24,20025,Gemeente,GM0158,Haaksbergen,<2004,90,89,18+
2,2022-02-02T10:30:00Z,2022-01-24,1742,Gemeente,GM0158,Haaksbergen,2004-2009,81,80,12-17
2,2022-02-02T10:30:00Z,2022-01-24,53914,Gemeente,GM0160,Hardenberg,<=2009,88,87,12+
2,2022-02-02T10:30:00Z,2022-01-24,49256,Gemeente,GM0160,Hardenberg,<2004,89,88,18+
2,2022-02-02T10:30:00Z,2022-01-24,4658,Gemeente,GM0160,Hardenberg,2004-2009,76,75,12-17
2,2022-02-02T10:30:00Z,2022-01-24,31872,Gemeente,GM0163,Hellendoorn,<=2009,90,89,12+
2,2022-02-02T10:30:00Z,2022-01-24,29196,Gemeente,GM0163,Hellendoorn,<2004,91,90,18+
2,2022-02-02T10:30:00Z,2022-01-24,2676,Gemeente,GM0163,Hellendoorn,2004-2009,83,82,12-17
2,2022-02-02T10:30:00Z,2022-01-24,72847,Gemeente,GM0164,Hengelo,<=2009,84,83,12+
2,2022-02-02T10:30:00Z,2022-01-24,67211,Gemeente,GM0164,Hengelo,<2004,86,84,18+
2,2022-02-02T10:30:00Z,2022-01-24,5636,Gemeente,GM0164,Hengelo,2004-2009,72,71,12-17
2,2022-02-02T10:30:00Z,2022-01-24,46958,Gemeente,GM0166,Kampen,<=2009,81,80,12+
2,2022-02-02T10:30:00Z,2022-01-24,42625,Gemeente,GM0166,Kampen,<2004,82,81,18+
2,2022-02-02T10:30:00Z,2022-01-24,4333,Gemeente,GM0166,Kampen,2004-2009,64,63,12-17
2,2022-02-02T10:30:00Z,2022-01-24,20505,Gemeente,GM0168,Losser,<=2009,89,88,12+
2,2022-02-02T10:30:00Z,2022-01-24,18917,Gemeente,GM0168,Losser,<2004,90,89,18+
2,2022-02-02T10:30:00Z,2022-01-24,1588,Gemeente,GM0168,Losser,2004-2009,81,79,12-17
2,2022-02-02T10:30:00Z,2022-01-24,41337,Gemeente,GM0171,Noordoostpolder,<=2009,80,78,12+
2,2022-02-02T10:30:00Z,2022-01-24,37616,Gemeente,GM0171,Noordoostpolder,<2004,82,80,18+
2,2022-02-02T10:30:00Z,2022-01-24,3721,Gemeente,GM0171,Noordoostpolder,2004-2009,62,60,12-17
2,2022-02-02T10:30:00Z,2022-01-24,28329,Gemeente,GM0173,Oldenzaal,<=2009,89,88,12+
2,2022-02-02T10:30:00Z,2022-01-24,25901,Gemeente,GM0173,Oldenzaal,<2004,90,89,18+
2,2022-02-02T10:30:00Z,2022-01-24,2428,Gemeente,GM0173,Oldenzaal,2004-2009,81,80,12-17
2,2022-02-02T10:30:00Z,2022-01-24,16180,Gemeente,GM0175,Ommen,<=2009,88,87,12+
2,2022-02-02T10:30:00Z,2022-01-24,14837,Gemeente,GM0175,Ommen,<2004,89,88,18+
2,2022-02-02T10:30:00Z,2022-01-24,1343,Gemeente,GM0175,Ommen,2004-2009,77,76,12-17
2,2022-02-02T10:30:00Z,2022-01-24,33739,Gemeente,GM0177,Raalte,<=2009,93,92,12+
2,2022-02-02T10:30:00Z,2022-01-24,31127,Gemeente,GM0177,Raalte,<2004,93,92,18+
2,2022-02-02T10:30:00Z,2022-01-24,2612,Gemeente,GM0177,Raalte,2004-2009,87,86,12-17
2,2022-02-02T10:30:00Z,2022-01-24,14423,Gemeente,GM0180,Staphorst,<=2009,57,57,12+
2,2022-02-02T10:30:00Z,2022-01-24,12852,Gemeente,GM0180,Staphorst,<2004,60,59,18+
2,2022-02-02T10:30:00Z,2022-01-24,1571,Gemeente,GM0180,Staphorst,2004-2009,34,33,12-17
2,2022-02-02T10:30:00Z,2022-01-24,18974,Gemeente,GM0183,Tubbergen,<=2009,92,90,12+
2,2022-02-02T10:30:00Z,2022-01-24,17324,Gemeente,GM0183,Tubbergen,<2004,92,91,18+
2,2022-02-02T10:30:00Z,2022-01-24,1650,Gemeente,GM0183,Tubbergen,2004-2009,84,82,12-17
2,2022-02-02T10:30:00Z,2022-01-24,16880,Gemeente,GM0184,Urk,<=2009,32,31,12+
2,2022-02-02T10:30:00Z,2022-01-24,14604,Gemeente,GM0184,Urk,<2004,35,34,18+
2,2022-02-02T10:30:00Z,2022-01-24,2276,Gemeente,GM0184,Urk,2004-2009,12,11,12-17
2,2022-02-02T10:30:00Z,2022-01-24,21565,Gemeente,GM0189,Wierden,<=2009,89,88,12+
2,2022-02-02T10:30:00Z,2022-01-24,19720,Gemeente,GM0189,Wierden,<2004,90,89,18+
2,2022-02-02T10:30:00Z,2022-01-24,1845,Gemeente,GM0189,Wierden,2004-2009,79,78,12-17
2,2022-02-02T10:30:00Z,2022-01-24,113617,Gemeente,GM0193,Zwolle,<=2009,86,85,12+
2,2022-02-02T10:30:00Z,2022-01-24,104316,Gemeente,GM0193,Zwolle,<2004,87,86,18+
2,2022-02-02T10:30:00Z,2022-01-24,9301,Gemeente,GM0193,Zwolle,2004-2009,76,74,12-17
2,2022-02-02T10:30:00Z,2022-01-24,24211,Gemeente,GM0197,Aalten,<=2009,90,89,12+
2,2022-02-02T10:30:00Z,2022-01-24,22199,Gemeente,GM0197,Aalten,<2004,90,89,18+
2,2022-02-02T10:30:00Z,2022-01-24,2012,Gemeente,GM0197,Aalten,2004-2009,83,82,12-17
2,2022-02-02T10:30:00Z,2022-01-24,146593,Gemeente,GM0200,Apeldoorn,<=2009,84,82,12+
2,2022-02-02T10:30:00Z,2022-01-24,135504,Gemeente,GM0200,Apeldoorn,<2004,85,83,18+
2,2022-02-02T10:30:00Z,2022-01-24,11089,Gemeente,GM0200,Apeldoorn,2004-2009,71,70,12-17
2,2022-02-02T10:30:00Z,2022-01-24,144365,Gemeente,GM0202,Arnhem,<=2009,81,80,12+
2,2022-02-02T10:30:00Z,2022-01-24,134091,Gemeente,GM0202,Arnhem,<2004,82,81,18+
2,2022-02-02T10:30:00Z,2022-01-24,10274,Gemeente,GM0202,Arnhem,2004-2009,67,66,12-17
2,2022-02-02T10:30:00Z,2022-01-24,50349,Gemeente,GM0203,Barneveld,<=2009,70,69,12+
2,2022-02-02T10:30:00Z,2022-01-24,45371,Gemeente,GM0203,Barneveld,<2004,72,71,18+
2,2022-02-02T10:30:00Z,2022-01-24,4978,Gemeente,GM0203,Barneveld,2004-2009,48,46,12-17
2,2022-02-02T10:30:00Z,2022-01-24,23198,Gemeente,GM0209,Beuningen,<=2009,91,90,12+
2,2022-02-02T10:30:00Z,2022-01-24,21537,Gemeente,GM0209,Beuningen,<2004,91,90,18+
2,2022-02-02T10:30:00Z,2022-01-24,1661,Gemeente,GM0209,Beuningen,2004-2009,83,82,12-17
2,2022-02-02T10:30:00Z,2022-01-24,18894,Gemeente,GM0213,Brummen,<=2009,88,87,12+
2,2022-02-02T10:30:00Z,2022-01-24,17608,Gemeente,GM0213,Brummen,<2004,89,88,18+
2,2022-02-02T10:30:00Z,2022-01-24,1286,Gemeente,GM0213,Brummen,2004-2009,79,78,12-17
2,2022-02-02T10:30:00Z,2022-01-24,24073,Gemeente,GM0214,Buren,<=2009,85,84,12+
2,2022-02-02T10:30:00Z,2022-01-24,22244,Gemeente,GM0214,Buren,<2004,86,85,18+
2,2022-02-02T10:30:00Z,2022-01-24,1829,Gemeente,GM0214,Buren,2004-2009,74,73,12-17
2,2022-02-02T10:30:00Z,2022-01-24,25583,Gemeente,GM0216,Culemborg,<=2009,85,84,12+
2,2022-02-02T10:30:00Z,2022-01-24,23484,Gemeente,GM0216,Culemborg,<2004,87,85,18+
2,2022-02-02T10:30:00Z,2022-01-24,2099,Gemeente,GM0216,Culemborg,2004-2009,72,70,12-17
2,2022-02-02T10:30:00Z,2022-01-24,10146,Gemeente,GM0221,Doesburg,<=2009,86,85,12+
2,2022-02-02T10:30:00Z,2022-01-24,9460,Gemeente,GM0221,Doesburg,<2004,87,86,18+
2,2022-02-02T10:30:00Z,2022-01-24,686,Gemeente,GM0221,Doesburg,2004-2009,74,73,12-17
2,2022-02-02T10:30:00Z,2022-01-24,52047,Gemeente,GM0222,Doetinchem,<=2009,87,86,12+
2,2022-02-02T10:30:00Z,2022-01-24,48089,Gemeente,GM0222,Doetinchem,<2004,88,87,18+
2,2022-02-02T10:30:00Z,2022-01-24,3958,Gemeente,GM0222,Doetinchem,2004-2009,76,75,12-17
2,2022-02-02T10:30:00Z,2022-01-24,17027,Gemeente,GM0225,Druten,<=2009,91,90,12+
2,2022-02-02T10:30:00Z,2022-01-24,15684,Gemeente,GM0225,Druten,<2004,91,90,18+
2,2022-02-02T10:30:00Z,2022-01-24,1343,Gemeente,GM0225,Druten,2004-2009,84,83,12-17
2,2022-02-02T10:30:00Z,2022-01-24,22428,Gemeente,GM0226,Duiven,<=2009,90,89,12+
2,2022-02-02T10:30:00Z,2022-01-24,20703,Gemeente,GM0226,Duiven,<2004,91,90,18+
2,2022-02-02T10:30:00Z,2022-01-24,1725,Gemeente,GM0226,Duiven,2004-2009,82,81,12-17
2,2022-02-02T10:30:00Z,2022-01-24,103083,Gemeente,GM0228,Ede,<=2009,79,78,12+
2,2022-02-02T10:30:00Z,2022-01-24,94446,Gemeente,GM0228,Ede,<2004,81,80,18+
2,2022-02-02T10:30:00Z,2022-01-24,8637,Gemeente,GM0228,Ede,2004-2009,61,59,12-17
2,2022-02-02T10:30:00Z,2022-01-24,20377,Gemeente,GM0230,Elburg,<=2009,82,81,12+
2,2022-02-02T10:30:00Z,2022-01-24,18582,Gemeente,GM0230,Elburg,<2004,84,83,18+
2,2022-02-02T10:30:00Z,2022-01-24,1795,Gemeente,GM0230,Elburg,2004-2009,65,64,12-17
2,2022-02-02T10:30:00Z,2022-01-24,29693,Gemeente,GM0232,Epe,<=2009,85,84,12+
2,2022-02-02T10:30:00Z,2022-01-24,27561,Gemeente,GM0232,Epe,<2004,86,85,18+
2,2022-02-02T10:30:00Z,2022-01-24,2132,Gemeente,GM0232,Epe,2004-2009,72,71,12-17
2,2022-02-02T10:30:00Z,2022-01-24,24120,Gemeente,GM0233,Ermelo,<=2009,82,79,12+
2,2022-02-02T10:30:00Z,2022-01-24,22215,Gemeente,GM0233,Ermelo,<2004,84,81,18+
2,2022-02-02T10:30:00Z,2022-01-24,1905,Gemeente,GM0233,Ermelo,2004-2009,67,65,12-17
2,2022-02-02T10:30:00Z,2022-01-24,42449,Gemeente,GM0243,Harderwijk,<=2009,84,82,12+
2,2022-02-02T10:30:00Z,2022-01-24,38847,Gemeente,GM0243,Harderwijk,<2004,85,83,18+
2,2022-02-02T10:30:00Z,2022-01-24,3602,Gemeente,GM0243,Harderwijk,2004-2009,70,68,12-17
2,2022-02-02T10:30:00Z,2022-01-24,10735,Gemeente,GM0244,Hattem,<=2009,90,89,12+
2,2022-02-02T10:30:00Z,2022-01-24,9755,Gemeente,GM0244,Hattem,<2004,91,90,18+
2,2022-02-02T10:30:00Z,2022-01-24,980,Gemeente,GM0244,Hattem,2004-2009,81,80,12-17
2,2022-02-02T10:30:00Z,2022-01-24,16703,Gemeente,GM0246,Heerde,<=2009,88,87,12+
2,2022-02-02T10:30:00Z,2022-01-24,15351,Gemeente,GM0246,Heerde,<2004,89,88,18+
2,2022-02-02T10:30:00Z,2022-01-24,1352,Gemeente,GM0246,Heerde,2004-2009,76,74,12-17
2,2022-02-02T10:30:00Z,2022-01-24,14853,Gemeente,GM0252,Heumen,<=2009,94,92,12+
2,2022-02-02T10:30:00Z,2022-01-24,13748,Gemeente,GM0252,Heumen,<2004,94,92,18+
2,2022-02-02T10:30:00Z,2022-01-24,1105,Gemeente,GM0252,Heumen,2004-2009,94,92,12-17
2,2022-02-02T10:30:00Z,2022-01-24,30877,Gemeente,GM0262,Lochem,<=2009,90,89,12+
2,2022-02-02T10:30:00Z,2022-01-24,28447,Gemeente,GM0262,Lochem,<2004,91,90,18+
2,2022-02-02T10:30:00Z,2022-01-24,2430,Gemeente,GM0262,Lochem,2004-2009,79,77,12-17
2,2022-02-02T10:30:00Z,2022-01-24,22613,Gemeente,GM0263,Maasdriel,<=2009,85,84,12+
2,2022-02-02T10:30:00Z,2022-01-24,20932,Gemeente,GM0263,Maasdriel,<2004,86,85,18+
2,2022-02-02T10:30:00Z,2022-01-24,1681,Gemeente,GM0263,Maasdriel,2004-2009,78,77,12-17
2,2022-02-02T10:30:00Z,2022-01-24,37976,Gemeente,GM0267,Nijkerk,<=2009,85,84,12+
2,2022-02-02T10:30:00Z,2022-01-24,34522,Gemeente,GM0267,Nijkerk,<2004,87,86,18+
2,2022-02-02T10:30:00Z,2022-01-24,3454,Gemeente,GM0267,Nijkerk,2004-2009,69,68,12-17
2,2022-02-02T10:30:00Z,2022-01-24,159388,Gemeente,GM0268,Nijmegen,<=2009,86,85,12+
2,2022-02-02T10:30:00Z,2022-01-24,149883,Gemeente,GM0268,Nijmegen,<2004,87,86,18+
2,2022-02-02T10:30:00Z,2022-01-24,9505,Gemeente,GM0268,Nijmegen,2004-2009,73,71,12-17
2,2022-02-02T10:30:00Z,2022-01-24,20674,Gemeente,GM0269,Oldebroek,<=2009,81,80,12+
2,2022-02-02T10:30:00Z,2022-01-24,18813,Gemeente,GM0269,Oldebroek,<2004,83,81,18+
2,2022-02-02T10:30:00Z,2022-01-24,1861,Gemeente,GM0269,Oldebroek,2004-2009,64,62,12-17
2,2022-02-02T10:30:00Z,2022-01-24,21380,Gemeente,GM0273,Putten,<=2009,83,82,12+
2,2022-02-02T10:30:00Z,2022-01-24,19518,Gemeente,GM0273,Putten,<2004,85,83,18+
2,2022-02-02T10:30:00Z,2022-01-24,1862,Gemeente,GM0273,Putten,2004-2009,69,67,12-17
2,2022-02-02T10:30:00Z,2022-01-24,28439,Gemeente,GM0274,Renkum,<=2009,89,88,12+
2,2022-02-02T10:30:00Z,2022-01-24,26297,Gemeente,GM0274,Renkum,<2004,90,89,18+
2,2022-02-02T10:30:00Z,2022-01-24,2142,Gemeente,GM0274,Renkum,2004-2009,81,80,12-17
2,2022-02-02T10:30:00Z,2022-01-24,39067,Gemeente,GM0275,Rheden,<=2009,88,87,12+
2,2022-02-02T10:30:00Z,2022-01-24,36382,Gemeente,GM0275,Rheden,<2004,89,88,18+
2,2022-02-02T10:30:00Z,2022-01-24,2685,Gemeente,GM0275,Rheden,2004-2009,75,74,12-17
2,2022-02-02T10:30:00Z,2022-01-24,1509,Gemeente,GM0277,Rozendaal,<=2009,93,92,12+
2,2022-02-02T10:30:00Z,2022-01-24,1346,Gemeente,GM0277,Rozendaal,<2004,93,93,18+
2,2022-02-02T10:30:00Z,2022-01-24,163,Gemeente,GM0277,Rozendaal,2004-2009,93,90,12-17
2,2022-02-02T10:30:00Z,2022-01-24,8735,Gemeente,GM0279,Scherpenzeel,<=2009,76,75,12+
2,2022-02-02T10:30:00Z,2022-01-24,7986,Gemeente,GM0279,Scherpenzeel,<2004,79,78,18+
2,2022-02-02T10:30:00Z,2022-01-24,749,Gemeente,GM0279,Scherpenzeel,2004-2009,52,50,12-17
2,2022-02-02T10:30:00Z,2022-01-24,37297,Gemeente,GM0281,Tiel,<=2009,81,80,12+
2,2022-02-02T10:30:00Z,2022-01-24,34463,Gemeente,GM0281,Tiel,<2004,82,81,18+
2,2022-02-02T10:30:00Z,2022-01-24,2834,Gemeente,GM0281,Tiel,2004-2009,66,65,12-17
2,2022-02-02T10:30:00Z,2022-01-24,22011,Gemeente,GM0285,Voorst,<=2009,91,90,12+
2,2022-02-02T10:30:00Z,2022-01-24,20257,Gemeente,GM0285,Voorst,<2004,91,90,18+
2,2022-02-02T10:30:00Z,2022-01-24,1754,Gemeente,GM0285,Voorst,2004-2009,81,80,12-17
2,2022-02-02T10:30:00Z,2022-01-24,36112,Gemeente,GM0289,Wageningen,<=2009,89,88,12+
2,2022-02-02T10:30:00Z,2022-01-24,34052,Gemeente,GM0289,Wageningen,<2004,89,88,18+
2,2022-02-02T10:30:00Z,2022-01-24,2060,Gemeente,GM0289,Wageningen,2004-2009,82,81,12-17
2,2022-02-02T10:30:00Z,2022-01-24,13332,Gemeente,GM0293,Westervoort,<=2009,87,86,12+
2,2022-02-02T10:30:00Z,2022-01-24,12382,Gemeente,GM0293,Westervoort,<2004,88,87,18+
2,2022-02-02T10:30:00Z,2022-01-24,950,Gemeente,GM0293,Westervoort,2004-2009,73,72,12-17
2,2022-02-02T10:30:00Z,2022-01-24,26164,Gemeente,GM0294,Winterswijk,<=2009,88,87,12+
2,2022-02-02T10:30:00Z,2022-01-24,24163,Gemeente,GM0294,Winterswijk,<2004,89,88,18+
2,2022-02-02T10:30:00Z,2022-01-24,2001,Gemeente,GM0294,Winterswijk,2004-2009,78,76,12-17
2,2022-02-02T10:30:00Z,2022-01-24,36952,Gemeente,GM0296,Wijchen,<=2009,90,89,12+
2,2022-02-02T10:30:00Z,2022-01-24,33958,Gemeente,GM0296,Wijchen,<2004,91,90,18+
2,2022-02-02T10:30:00Z,2022-01-24,2994,Gemeente,GM0296,Wijchen,2004-2009,84,83,12-17
2,2022-02-02T10:30:00Z,2022-01-24,25720,Gemeente,GM0297,Zaltbommel,<=2009,78,77,12+
2,2022-02-02T10:30:00Z,2022-01-24,23382,Gemeente,GM0297,Zaltbommel,<2004,79,78,18+
2,2022-02-02T10:30:00Z,2022-01-24,2338,Gemeente,GM0297,Zaltbommel,2004-2009,61,60,12-17
2,2022-02-02T10:30:00Z,2022-01-24,39716,Gemeente,GM0299,Zevenaar,<=2009,90,89,12+
2,2022-02-02T10:30:00Z,2022-01-24,36945,Gemeente,GM0299,Zevenaar,<2004,90,90,18+
2,2022-02-02T10:30:00Z,2022-01-24,2771,Gemeente,GM0299,Zevenaar,2004-2009,80,79,12-17
2,2022-02-02T10:30:00Z,2022-01-24,43470,Gemeente,GM0301,Zutphen,<=2009,83,82,12+
2,2022-02-02T10:30:00Z,2022-01-24,39987,Gemeente,GM0301,Zutphen,<2004,84,83,18+
2,2022-02-02T10:30:00Z,2022-01-24,3483,Gemeente,GM0301,Zutphen,2004-2009,72,70,12-17
2,2022-02-02T10:30:00Z,2022-01-24,24207,Gemeente,GM0302,Nunspeet,<=2009,75,73,12+
2,2022-02-02T10:30:00Z,2022-01-24,22117,Gemeente,GM0302,Nunspeet,<2004,77,75,18+
2,2022-02-02T10:30:00Z,2022-01-24,2090,Gemeente,GM0302,Nunspeet,2004-2009,56,55,12-17
2,2022-02-02T10:30:00Z,2022-01-24,37395,Gemeente,GM0303,Dronten,<=2009,84,83,12+
2,2022-02-02T10:30:00Z,2022-01-24,34304,Gemeente,GM0303,Dronten,<2004,85,84,18+
2,2022-02-02T10:30:00Z,2022-01-24,3091,Gemeente,GM0303,Dronten,2004-2009,70,68,12-17
2,2022-02-02T10:30:00Z,2022-01-24,137361,Gemeente,GM0307,Amersfoort,<=2009,85,84,12+
2,2022-02-02T10:30:00Z,2022-01-24,125219,Gemeente,GM0307,Amersfoort,<2004,86,85,18+
2,2022-02-02T10:30:00Z,2022-01-24,12142,Gemeente,GM0307,Amersfoort,2004-2009,72,70,12-17
2,2022-02-02T10:30:00Z,2022-01-24,21873,Gemeente,GM0308,Baarn,<=2009,87,86,12+
2,2022-02-02T10:30:00Z,2022-01-24,20243,Gemeente,GM0308,Baarn,<2004,87,87,18+
2,2022-02-02T10:30:00Z,2022-01-24,1630,Gemeente,GM0308,Baarn,2004-2009,77,76,12-17
2,2022-02-02T10:30:00Z,2022-01-24,38048,Gemeente,GM0310,De Bilt,<=2009,88,86,12+
2,2022-02-02T10:30:00Z,2022-01-24,34730,Gemeente,GM0310,De Bilt,<2004,88,87,18+
2,2022-02-02T10:30:00Z,2022-01-24,3318,Gemeente,GM0310,De Bilt,2004-2009,79,78,12-17
2,2022-02-02T10:30:00Z,2022-01-24,13313,Gemeente,GM0312,Bunnik,<=2009,93,92,12+
2,2022-02-02T10:30:00Z,2022-01-24,12145,Gemeente,GM0312,Bunnik,<2004,94,93,18+
2,2022-02-02T10:30:00Z,2022-01-24,1168,Gemeente,GM0312,Bunnik,2004-2009,88,87,12-17
2,2022-02-02T10:30:00Z,2022-01-24,18966,Gemeente,GM0313,Bunschoten,<=2009,83,81,12+
2,2022-02-02T10:30:00Z,2022-01-24,17249,Gemeente,GM0313,Bunschoten,<2004,84,83,18+
2,2022-02-02T10:30:00Z,2022-01-24,1717,Gemeente,GM0313,Bunschoten,2004-2009,67,65,12-17
2,2022-02-02T10:30:00Z,2022-01-24,8340,Gemeente,GM0317,Eemnes,<=2009,88,87,12+
2,2022-02-02T10:30:00Z,2022-01-24,7634,Gemeente,GM0317,Eemnes,<2004,89,88,18+
2,2022-02-02T10:30:00Z,2022-01-24,706,Gemeente,GM0317,Eemnes,2004-2009,79,78,12-17
2,2022-02-02T10:30:00Z,2022-01-24,43794,Gemeente,GM0321,Houten,<=2009,90,89,12+
2,2022-02-02T10:30:00Z,2022-01-24,39355,Gemeente,GM0321,Houten,<2004,91,90,18+
2,2022-02-02T10:30:00Z,2022-01-24,4439,Gemeente,GM0321,Houten,2004-2009,84,83,12-17
2,2022-02-02T10:30:00Z,2022-01-24,27041,Gemeente,GM0327,Leusden,<=2009,89,88,12+
2,2022-02-02T10:30:00Z,2022-01-24,24808,Gemeente,GM0327,Leusden,<2004,90,89,18+
2,2022-02-02T10:30:00Z,2022-01-24,2233,Gemeente,GM0327,Leusden,2004-2009,80,79,12-17
2,2022-02-02T10:30:00Z,2022-01-24,12785,Gemeente,GM0331,Lopik,<=2009,85,83,12+
2,2022-02-02T10:30:00Z,2022-01-24,11664,Gemeente,GM0331,Lopik,<2004,86,84,18+
2,2022-02-02T10:30:00Z,2022-01-24,1121,Gemeente,GM0331,Lopik,2004-2009,73,72,12-17
2,2022-02-02T10:30:00Z,2022-01-24,12213,Gemeente,GM0335,Montfoort,<=2009,87,85,12+
2,2022-02-02T10:30:00Z,2022-01-24,11116,Gemeente,GM0335,Montfoort,<2004,88,87,18+
2,2022-02-02T10:30:00Z,2022-01-24,1097,Gemeente,GM0335,Montfoort,2004-2009,75,74,12-17
2,2022-02-02T10:30:00Z,2022-01-24,4688,Gemeente,GM0339,Renswoude,<=2009,74,73,12+
2,2022-02-02T10:30:00Z,2022-01-24,4255,Gemeente,GM0339,Renswoude,<2004,76,75,18+
2,2022-02-02T10:30:00Z,2022-01-24,433,Gemeente,GM0339,Renswoude,2004-2009,54,54,12-17
2,2022-02-02T10:30:00Z,2022-01-24,17662,Gemeente,GM0340,Rhenen,<=2009,78,77,12+
2,2022-02-02T10:30:00Z,2022-01-24,16126,Gemeente,GM0340,Rhenen,<2004,80,79,18+
2,2022-02-02T10:30:00Z,2022-01-24,1536,Gemeente,GM0340,Rhenen,2004-2009,58,57,12-17
2,2022-02-02T10:30:00Z,2022-01-24,41511,Gemeente,GM0342,Soest,<=2009,85,84,12+
2,2022-02-02T10:30:00Z,2022-01-24,38128,Gemeente,GM0342,Soest,<2004,86,85,18+
2,2022-02-02T10:30:00Z,2022-01-24,3383,Gemeente,GM0342,Soest,2004-2009,73,71,12-17
2,2022-02-02T10:30:00Z,2022-01-24,313718,Gemeente,GM0344,Utrecht,<=2009,84,83,12+
2,2022-02-02T10:30:00Z,2022-01-24,291867,Gemeente,GM0344,Utrecht,<2004,85,84,18+
2,2022-02-02T10:30:00Z,2022-01-24,21851,Gemeente,GM0344,Utrecht,2004-2009,65,64,12-17
2,2022-02-02T10:30:00Z,2022-01-24,57931,Gemeente,GM0345,Veenendaal,<=2009,80,79,12+
2,2022-02-02T10:30:00Z,2022-01-24,52932,Gemeente,GM0345,Veenendaal,<2004,82,81,18+
2,2022-02-02T10:30:00Z,2022-01-24,4999,Gemeente,GM0345,Veenendaal,2004-2009,58,57,12-17
2,2022-02-02T10:30:00Z,2022-01-24,11694,Gemeente,GM0351,Woudenberg,<=2009,82,81,12+
2,2022-02-02T10:30:00Z,2022-01-24,10607,Gemeente,GM0351,Woudenberg,<2004,84,83,18+
2,2022-02-02T10:30:00Z,2022-01-24,1087,Gemeente,GM0351,Woudenberg,2004-2009,63,61,12-17
2,2022-02-02T10:30:00Z,2022-01-24,21157,Gemeente,GM0352,Wijk bij Duurstede,<=2009,88,87,12+
2,2022-02-02T10:30:00Z,2022-01-24,19523,Gemeente,GM0352,Wijk bij Duurstede,<2004,89,88,18+
2,2022-02-02T10:30:00Z,2022-01-24,1634,Gemeente,GM0352,Wijk bij Duurstede,2004-2009,78,77,12-17
2,2022-02-02T10:30:00Z,2022-01-24,29950,Gemeente,GM0353,IJsselstein,<=2009,87,86,12+
2,2022-02-02T10:30:00Z,2022-01-24,27243,Gemeente,GM0353,IJsselstein,<2004,88,87,18+
2,2022-02-02T10:30:00Z,2022-01-24,2707,Gemeente,GM0353,IJsselstein,2004-2009,76,74,12-17
2,2022-02-02T10:30:00Z,2022-01-24,56853,Gemeente,GM0355,Zeist,<=2009,87,86,12+
2,2022-02-02T10:30:00Z,2022-01-24,52085,Gemeente,GM0355,Zeist,<2004,88,87,18+
2,2022-02-02T10:30:00Z,2022-01-24,4768,Gemeente,GM0355,Zeist,2004-2009,76,74,12-17
2,2022-02-02T10:30:00Z,2022-01-24,56535,Gemeente,GM0356,Nieuwegein,<=2009,86,85,12+
2,2022-02-02T10:30:00Z,2022-01-24,52630,Gemeente,GM0356,Nieuwegein,<2004,87,86,18+
2,2022-02-02T10:30:00Z,2022-01-24,3905,Gemeente,GM0356,Nieuwegein,2004-2009,70,68,12-17
2,2022-02-02T10:30:00Z,2022-01-24,28237,Gemeente,GM0358,Aalsmeer,<=2009,87,86,12+
2,2022-02-02T10:30:00Z,2022-01-24,25585,Gemeente,GM0358,Aalsmeer,<2004,88,87,18+
2,2022-02-02T10:30:00Z,2022-01-24,2652,Gemeente,GM0358,Aalsmeer,2004-2009,78,76,12-17
2,2022-02-02T10:30:00Z,2022-01-24,97672,Gemeente,GM0361,Alkmaar,<=2009,82,80,12+
2,2022-02-02T10:30:00Z,2022-01-24,90772,Gemeente,GM0361,Alkmaar,<2004,83,81,18+
2,2022-02-02T10:30:00Z,2022-01-24,6900,Gemeente,GM0361,Alkmaar,2004-2009,67,66,12-17
2,2022-02-02T10:30:00Z,2022-01-24,78965,Gemeente,GM0362,Amstelveen,<=2009,86,85,12+
2,2022-02-02T10:30:00Z,2022-01-24,72748,Gemeente,GM0362,Amstelveen,<2004,87,86,18+
2,2022-02-02T10:30:00Z,2022-01-24,6217,Gemeente,GM0362,Amstelveen,2004-2009,77,75,12-17
2,2022-02-02T10:30:00Z,2022-01-24,779091,Gemeente,GM0363,Amsterdam,<=2009,77,76,12+
2,2022-02-02T10:30:00Z,2022-01-24,733002,Gemeente,GM0363,Amsterdam,<2004,79,77,18+
2,2022-02-02T10:30:00Z,2022-01-24,46089,Gemeente,GM0363,Amsterdam,2004-2009,52,51,12-17
2,2022-02-02T10:30:00Z,2022-01-24,27425,Gemeente,GM0373,Bergen (NH.),<=2009,85,83,12+
2,2022-02-02T10:30:00Z,2022-01-24,25487,Gemeente,GM0373,Bergen (NH.),<2004,86,84,18+
2,2022-02-02T10:30:00Z,2022-01-24,1938,Gemeente,GM0373,Bergen (NH.),2004-2009,72,71,12-17
2,2022-02-02T10:30:00Z,2022-01-24,37022,Gemeente,GM0375,Beverwijk,<=2009,78,77,12+
2,2022-02-02T10:30:00Z,2022-01-24,34306,Gemeente,GM0375,Beverwijk,<2004,80,78,18+
2,2022-02-02T10:30:00Z,2022-01-24,2716,Gemeente,GM0375,Beverwijk,2004-2009,63,61,12-17
2,2022-02-02T10:30:00Z,2022-01-24,10222,Gemeente,GM0376,Blaricum,<=2009,88,87,12+
2,2022-02-02T10:30:00Z,2022-01-24,9376,Gemeente,GM0376,Blaricum,<2004,89,88,18+
2,2022-02-02T10:30:00Z,2022-01-24,846,Gemeente,GM0376,Blaricum,2004-2009,76,74,12-17
2,2022-02-02T10:30:00Z,2022-01-24,20693,Gemeente,GM0377,Bloemendaal,<=2009,91,90,12+
2,2022-02-02T10:30:00Z,2022-01-24,18574,Gemeente,GM0377,Bloemendaal,<2004,92,90,18+
2,2022-02-02T10:30:00Z,2022-01-24,2119,Gemeente,GM0377,Bloemendaal,2004-2009,88,86,12-17
2,2022-02-02T10:30:00Z,2022-01-24,32267,Gemeente,GM0383,Castricum,<=2009,87,86,12+
2,2022-02-02T10:30:00Z,2022-01-24,29925,Gemeente,GM0383,Castricum,<2004,88,87,18+
2,2022-02-02T10:30:00Z,2022-01-24,2342,Gemeente,GM0383,Castricum,2004-2009,75,74,12-17
2,2022-02-02T10:30:00Z,2022-01-24,27690,Gemeente,GM0384,Diemen,<=2009,81,79,12+
2,2022-02-02T10:30:00Z,2022-01-24,26042,Gemeente,GM0384,Diemen,<2004,82,81,18+
2,2022-02-02T10:30:00Z,2022-01-24,1648,Gemeente,GM0384,Diemen,2004-2009,61,59,12-17
2,2022-02-02T10:30:00Z,2022-01-24,32457,Gemeente,GM0385,Edam-Volendam,<=2009,79,78,12+
2,2022-02-02T10:30:00Z,2022-01-24,29768,Gemeente,GM0385,Edam-Volendam,<2004,81,80,18+
2,2022-02-02T10:30:00Z,2022-01-24,2689,Gemeente,GM0385,Edam-Volendam,2004-2009,58,57,12-17
2,2022-02-02T10:30:00Z,2022-01-24,16601,Gemeente,GM0388,Enkhuizen,<=2009,80,78,12+
2,2022-02-02T10:30:00Z,2022-01-24,15309,Gemeente,GM0388,Enkhuizen,<2004,81,80,18+
2,2022-02-02T10:30:00Z,2022-01-24,1292,Gemeente,GM0388,Enkhuizen,2004-2009,64,63,12-17
2,2022-02-02T10:30:00Z,2022-01-24,141944,Gemeente,GM0392,Haarlem,<=2009,83,81,12+
2,2022-02-02T10:30:00Z,2022-01-24,131545,Gemeente,GM0392,Haarlem,<2004,84,82,18+
2,2022-02-02T10:30:00Z,2022-01-24,10399,Gemeente,GM0392,Haarlem,2004-2009,69,68,12-17
2,2022-02-02T10:30:00Z,2022-01-24,139334,Gemeente,GM0394,Haarlemmermeer,<=2009,83,82,12+
2,2022-02-02T10:30:00Z,2022-01-24,126758,Gemeente,GM0394,Haarlemmermeer,<2004,84,83,18+
2,2022-02-02T10:30:00Z,2022-01-24,12576,Gemeente,GM0394,Haarlemmermeer,2004-2009,71,70,12-17
2,2022-02-02T10:30:00Z,2022-01-24,35019,Gemeente,GM0396,Heemskerk,<=2009,84,82,12+
2,2022-02-02T10:30:00Z,2022-01-24,32497,Gemeente,GM0396,Heemskerk,<2004,85,83,18+
2,2022-02-02T10:30:00Z,2022-01-24,2522,Gemeente,GM0396,Heemskerk,2004-2009,67,66,12-17
2,2022-02-02T10:30:00Z,2022-01-24,23958,Gemeente,GM0397,Heemstede,<=2009,91,90,12+
2,2022-02-02T10:30:00Z,2022-01-24,21840,Gemeente,GM0397,Heemstede,<2004,92,90,18+
2,2022-02-02T10:30:00Z,2022-01-24,2118,Gemeente,GM0397,Heemstede,2004-2009,84,82,12-17
2,2022-02-02T10:30:00Z,2022-01-24,21693,Gemeente,GM0399,Heiloo,<=2009,87,84,12+
2,2022-02-02T10:30:00Z,2022-01-24,19990,Gemeente,GM0399,Heiloo,<2004,88,84,18+
2,2022-02-02T10:30:00Z,2022-01-24,1703,Gemeente,GM0399,Heiloo,2004-2009,79,77,12-17
2,2022-02-02T10:30:00Z,2022-01-24,50618,Gemeente,GM0400,Den Helder,<=2009,81,79,12+
2,2022-02-02T10:30:00Z,2022-01-24,47205,Gemeente,GM0400,Den Helder,<2004,82,80,18+
2,2022-02-02T10:30:00Z,2022-01-24,3413,Gemeente,GM0400,Den Helder,2004-2009,66,64,12-17
2,2022-02-02T10:30:00Z,2022-01-24,79846,Gemeente,GM0402,Hilversum,<=2009,84,83,12+
2,2022-02-02T10:30:00Z,2022-01-24,73457,Gemeente,GM0402,Hilversum,<2004,85,84,18+
2,2022-02-02T10:30:00Z,2022-01-24,6389,Gemeente,GM0402,Hilversum,2004-2009,76,75,12-17
2,2022-02-02T10:30:00Z,2022-01-24,64859,Gemeente,GM0405,Hoorn,<=2009,80,78,12+
2,2022-02-02T10:30:00Z,2022-01-24,59842,Gemeente,GM0405,Hoorn,<2004,81,79,18+
2,2022-02-02T10:30:00Z,2022-01-24,5017,Gemeente,GM0405,Hoorn,2004-2009,66,65,12-17
2,2022-02-02T10:30:00Z,2022-01-24,36602,Gemeente,GM0406,Huizen,<=2009,83,82,12+
2,2022-02-02T10:30:00Z,2022-01-24,33796,Gemeente,GM0406,Huizen,<2004,85,83,18+
2,2022-02-02T10:30:00Z,2022-01-24,2806,Gemeente,GM0406,Huizen,2004-2009,67,65,12-17
2,2022-02-02T10:30:00Z,2022-01-24,10051,Gemeente,GM0415,Landsmeer,<=2009,85,83,12+
2,2022-02-02T10:30:00Z,2022-01-24,9259,Gemeente,GM0415,Landsmeer,<2004,86,85,18+
2,2022-02-02T10:30:00Z,2022-01-24,792,Gemeente,GM0415,Landsmeer,2004-2009,70,69,12-17
2,2022-02-02T10:30:00Z,2022-01-24,10147,Gemeente,GM0417,Laren,<=2009,91,89,12+
2,2022-02-02T10:30:00Z,2022-01-24,9313,Gemeente,GM0417,Laren,<2004,91,90,18+
2,2022-02-02T10:30:00Z,2022-01-24,834,Gemeente,GM0417,Laren,2004-2009,82,82,12-17
2,2022-02-02T10:30:00Z,2022-01-24,40193,Gemeente,GM0420,Medemblik,<=2009,82,81,12+
2,2022-02-02T10:30:00Z,2022-01-24,36950,Gemeente,GM0420,Medemblik,<2004,83,82,18+
2,2022-02-02T10:30:00Z,2022-01-24,3243,Gemeente,GM0420,Medemblik,2004-2009,73,72,12-17
2,2022-02-02T10:30:00Z,2022-01-24,8558,Gemeente,GM0431,Oostzaan,<=2009,85,84,12+
2,2022-02-02T10:30:00Z,2022-01-24,7903,Gemeente,GM0431,Oostzaan,<2004,86,85,18+
2,2022-02-02T10:30:00Z,2022-01-24,655,Gemeente,GM0431,Oostzaan,2004-2009,70,69,12-17
2,2022-02-02T10:30:00Z,2022-01-24,10701,Gemeente,GM0432,Opmeer,<=2009,82,81,12+
2,2022-02-02T10:30:00Z,2022-01-24,9854,Gemeente,GM0432,Opmeer,<2004,83,82,18+
2,2022-02-02T10:30:00Z,2022-01-24,847,Gemeente,GM0432,Opmeer,2004-2009,74,72,12-17
2,2022-02-02T10:30:00Z,2022-01-24,12407,Gemeente,GM0437,Ouder-Amstel,<=2009,85,83,12+
2,2022-02-02T10:30:00Z,2022-01-24,11391,Gemeente,GM0437,Ouder-Amstel,<2004,85,84,18+
2,2022-02-02T10:30:00Z,2022-01-24,1016,Gemeente,GM0437,Ouder-Amstel,2004-2009,80,79,12-17
2,2022-02-02T10:30:00Z,2022-01-24,81820,Gemeente,GM0439,Purmerend,<=2009,83,81,12+
2,2022-02-02T10:30:00Z,2022-01-24,75959,Gemeente,GM0439,Purmerend,<2004,84,82,18+
2,2022-02-02T10:30:00Z,2022-01-24,5861,Gemeente,GM0439,Purmerend,2004-2009,66,64,12-17
2,2022-02-02T10:30:00Z,2022-01-24,42009,Gemeente,GM0441,Schagen,<=2009,85,84,12+
2,2022-02-02T10:30:00Z,2022-01-24,38607,Gemeente,GM0441,Schagen,<2004,86,85,18+
2,2022-02-02T10:30:00Z,2022-01-24,3402,Gemeente,GM0441,Schagen,2004-2009,74,73,12-17
2,2022-02-02T10:30:00Z,2022-01-24,12408,Gemeente,GM0448,Texel,<=2009,88,87,12+
2,2022-02-02T10:30:00Z,2022-01-24,11600,Gemeente,GM0448,Texel,<2004,88,87,18+
2,2022-02-02T10:30:00Z,2022-01-24,808,Gemeente,GM0448,Texel,2004-2009,79,77,12-17
2,2022-02-02T10:30:00Z,2022-01-24,12044,Gemeente,GM0450,Uitgeest,<=2009,87,86,12+
2,2022-02-02T10:30:00Z,2022-01-24,11066,Gemeente,GM0450,Uitgeest,<2004,88,86,18+
2,2022-02-02T10:30:00Z,2022-01-24,978,Gemeente,GM0450,Uitgeest,2004-2009,80,79,12-17
2,2022-02-02T10:30:00Z,2022-01-24,26631,Gemeente,GM0451,Uithoorn,<=2009,86,84,12+
2,2022-02-02T10:30:00Z,2022-01-24,24441,Gemeente,GM0451,Uithoorn,<2004,87,86,18+
2,2022-02-02T10:30:00Z,2022-01-24,2190,Gemeente,GM0451,Uithoorn,2004-2009,72,70,12-17
2,2022-02-02T10:30:00Z,2022-01-24,61023,Gemeente,GM0453,Velsen,<=2009,83,81,12+
2,2022-02-02T10:30:00Z,2022-01-24,56618,Gemeente,GM0453,Velsen,<2004,84,82,18+
2,2022-02-02T10:30:00Z,2022-01-24,4405,Gemeente,GM0453,Velsen,2004-2009,69,68,12-17
2,2022-02-02T10:30:00Z,2022-01-24,17644,Gemeente,GM0457,Weesp,<=2009,86,85,12+
2,2022-02-02T10:30:00Z,2022-01-24,16412,Gemeente,GM0457,Weesp,<2004,87,86,18+
2,2022-02-02T10:30:00Z,2022-01-24,1232,Gemeente,GM0457,Weesp,2004-2009,69,68,12-17
2,2022-02-02T10:30:00Z,2022-01-24,15516,Gemeente,GM0473,Zandvoort,<=2009,83,82,12+
2,2022-02-02T10:30:00Z,2022-01-24,14502,Gemeente,GM0473,Zandvoort,<2004,84,83,18+
2,2022-02-02T10:30:00Z,2022-01-24,1014,Gemeente,GM0473,Zandvoort,2004-2009,69,66,12-17
2,2022-02-02T10:30:00Z,2022-01-24,137729,Gemeente,GM0479,Zaanstad,<=2009,78,77,12+
2,2022-02-02T10:30:00Z,2022-01-24,127220,Gemeente,GM0479,Zaanstad,<2004,80,78,18+
2,2022-02-02T10:30:00Z,2022-01-24,10509,Gemeente,GM0479,Zaanstad,2004-2009,61,59,12-17
2,2022-02-02T10:30:00Z,2022-01-24,17353,Gemeente,GM0482,Alblasserdam,<=2009,73,72,12+
2,2022-02-02T10:30:00Z,2022-01-24,15804,Gemeente,GM0482,Alblasserdam,<2004,76,75,18+
2,2022-02-02T10:30:00Z,2022-01-24,1549,Gemeente,GM0482,Alblasserdam,2004-2009,48,47,12-17
2,2022-02-02T10:30:00Z,2022-01-24,99242,Gemeente,GM0484,Alphen aan den Rijn,<=2009,85,84,12+
2,2022-02-02T10:30:00Z,2022-01-24,91420,Gemeente,GM0484,Alphen aan den Rijn,<2004,86,85,18+
2,2022-02-02T10:30:00Z,2022-01-24,7822,Gemeente,GM0484,Alphen aan den Rijn,2004-2009,70,69,12-17
2,2022-02-02T10:30:00Z,2022-01-24,42620,Gemeente,GM0489,Barendrecht,<=2009,83,82,12+
2,2022-02-02T10:30:00Z,2022-01-24,38590,Gemeente,GM0489,Barendrecht,<2004,85,83,18+
2,2022-02-02T10:30:00Z,2022-01-24,4030,Gemeente,GM0489,Barendrecht,2004-2009,68,66,12-17
2,2022-02-02T10:30:00Z,2022-01-24,17603,Gemeente,GM0498,Drechterland,<=2009,85,83,12+
2,2022-02-02T10:30:00Z,2022-01-24,16166,Gemeente,GM0498,Drechterland,<2004,86,84,18+
2,2022-02-02T10:30:00Z,2022-01-24,1437,Gemeente,GM0498,Drechterland,2004-2009,73,72,12-17
2,2022-02-02T10:30:00Z,2022-01-24,15711,Gemeente,GM0501,Brielle,<=2009,86,85,12+
2,2022-02-02T10:30:00Z,2022-01-24,14671,Gemeente,GM0501,Brielle,<2004,87,86,18+
2,2022-02-02T10:30:00Z,2022-01-24,1040,Gemeente,GM0501,Brielle,2004-2009,76,74,12-17
2,2022-02-02T10:30:00Z,2022-01-24,59440,Gemeente,GM0502,Capelle aan den IJssel,<=2009,77,75,12+
2,2022-02-02T10:30:00Z,2022-01-24,55092,Gemeente,GM0502,Capelle aan den IJssel,<2004,78,77,18+
2,2022-02-02T10:30:00Z,2022-01-24,4348,Gemeente,GM0502,Capelle aan den IJssel,2004-2009,56,54,12-17
2,2022-02-02T10:30:00Z,2022-01-24,93899,Gemeente,GM0503,Delft,<=2009,83,82,12+
2,2022-02-02T10:30:00Z,2022-01-24,89047,Gemeente,GM0503,Delft,<2004,84,83,18+
2,2022-02-02T10:30:00Z,2022-01-24,4852,Gemeente,GM0503,Delft,2004-2009,69,67,12-17
2,2022-02-02T10:30:00Z,2022-01-24,105493,Gemeente,GM0505,Dordrecht,<=2009,80,78,12+
2,2022-02-02T10:30:00Z,2022-01-24,97927,Gemeente,GM0505,Dordrecht,<2004,81,80,18+
2,2022-02-02T10:30:00Z,2022-01-24,7566,Gemeente,GM0505,Dordrecht,2004-2009,62,60,12-17
2,2022-02-02T10:30:00Z,2022-01-24,33017,Gemeente,GM0512,Gorinchem,<=2009,82,80,12+
2,2022-02-02T10:30:00Z,2022-01-24,30474,Gemeente,GM0512,Gorinchem,<2004,83,81,18+
2,2022-02-02T10:30:00Z,2022-01-24,2543,Gemeente,GM0512,Gorinchem,2004-2009,66,65,12-17
2,2022-02-02T10:30:00Z,2022-01-24,65091,Gemeente,GM0513,Gouda,<=2009,81,80,12+
2,2022-02-02T10:30:00Z,2022-01-24,60057,Gemeente,GM0513,Gouda,<2004,83,81,18+
2,2022-02-02T10:30:00Z,2022-01-24,5034,Gemeente,GM0513,Gouda,2004-2009,62,60,12-17
2,2022-02-02T10:30:00Z,2022-01-24,481287,Gemeente,GM0518,'s-Gravenhage,<=2009,75,74,12+
2,2022-02-02T10:30:00Z,2022-01-24,445296,Gemeente,GM0518,'s-Gravenhage,<2004,77,75,18+
2,2022-02-02T10:30:00Z,2022-01-24,35991,Gemeente,GM0518,'s-Gravenhage,2004-2009,58,56,12-17
2,2022-02-02T10:30:00Z,2022-01-24,15772,Gemeente,GM0523,Hardinxveld-Giessendam,<=2009,75,74,12+
2,2022-02-02T10:30:00Z,2022-01-24,14313,Gemeente,GM0523,Hardinxveld-Giessendam,<2004,77,76,18+
2,2022-02-02T10:30:00Z,2022-01-24,1459,Gemeente,GM0523,Hardinxveld-Giessendam,2004-2009,55,53,12-17
2,2022-02-02T10:30:00Z,2022-01-24,36018,Gemeente,GM0530,Hellevoetsluis,<=2009,82,81,12+
2,2022-02-02T10:30:00Z,2022-01-24,33192,Gemeente,GM0530,Hellevoetsluis,<2004,83,82,18+
2,2022-02-02T10:30:00Z,2022-01-24,2826,Gemeente,GM0530,Hellevoetsluis,2004-2009,68,67,12-17
2,2022-02-02T10:30:00Z,2022-01-24,26432,Gemeente,GM0531,Hendrik-Ido-Ambacht,<=2009,82,81,12+
2,2022-02-02T10:30:00Z,2022-01-24,23884,Gemeente,GM0531,Hendrik-Ido-Ambacht,<2004,84,83,18+
2,2022-02-02T10:30:00Z,2022-01-24,2548,Gemeente,GM0531,Hendrik-Ido-Ambacht,2004-2009,63,62,12-17
2,2022-02-02T10:30:00Z,2022-01-24,19214,Gemeente,GM0532,Stede Broec,<=2009,83,82,12+
2,2022-02-02T10:30:00Z,2022-01-24,17721,Gemeente,GM0532,Stede Broec,<2004,84,83,18+
2,2022-02-02T10:30:00Z,2022-01-24,1493,Gemeente,GM0532,Stede Broec,2004-2009,70,69,12-17
2,2022-02-02T10:30:00Z,2022-01-24,19780,Gemeente,GM0534,Hillegom,<=2009,87,85,12+
2,2022-02-02T10:30:00Z,2022-01-24,18325,Gemeente,GM0534,Hillegom,<2004,88,87,18+
2,2022-02-02T10:30:00Z,2022-01-24,1455,Gemeente,GM0534,Hillegom,2004-2009,72,71,12-17
2,2022-02-02T10:30:00Z,2022-01-24,57122,Gemeente,GM0537,Katwijk,<=2009,83,81,12+
2,2022-02-02T10:30:00Z,2022-01-24,52053,Gemeente,GM0537,Katwijk,<2004,84,83,18+
2,2022-02-02T10:30:00Z,2022-01-24,5069,Gemeente,GM0537,Katwijk,2004-2009,67,65,12-17
2,2022-02-02T10:30:00Z,2022-01-24,25748,Gemeente,GM0542,Krimpen aan den IJssel,<=2009,77,76,12+
2,2022-02-02T10:30:00Z,2022-01-24,23523,Gemeente,GM0542,Krimpen aan den IJssel,<2004,79,78,18+
2,2022-02-02T10:30:00Z,2022-01-24,2225,Gemeente,GM0542,Krimpen aan den IJssel,2004-2009,56,54,12-17
2,2022-02-02T10:30:00Z,2022-01-24,112782,Gemeente,GM0546,Leiden,<=2009,87,86,12+
2,2022-02-02T10:30:00Z,2022-01-24,106375,Gemeente,GM0546,Leiden,<2004,87,86,18+
2,2022-02-02T10:30:00Z,2022-01-24,6407,Gemeente,GM0546,Leiden,2004-2009,73,72,12-17
2,2022-02-02T10:30:00Z,2022-01-24,24209,Gemeente,GM0547,Leiderdorp,<=2009,90,89,12+
2,2022-02-02T10:30:00Z,2022-01-24,22396,Gemeente,GM0547,Leiderdorp,<2004,90,89,18+
2,2022-02-02T10:30:00Z,2022-01-24,1813,Gemeente,GM0547,Leiderdorp,2004-2009,80,79,12-17
2,2022-02-02T10:30:00Z,2022-01-24,20408,Gemeente,GM0553,Lisse,<=2009,87,86,12+
2,2022-02-02T10:30:00Z,2022-01-24,18884,Gemeente,GM0553,Lisse,<2004,88,87,18+
2,2022-02-02T10:30:00Z,2022-01-24,1524,Gemeente,GM0553,Lisse,2004-2009,75,74,12-17
2,2022-02-02T10:30:00Z,2022-01-24,29594,Gemeente,GM0556,Maassluis,<=2009,80,79,12+
2,2022-02-02T10:30:00Z,2022-01-24,27425,Gemeente,GM0556,Maassluis,<2004,81,80,18+
2,2022-02-02T10:30:00Z,2022-01-24,2169,Gemeente,GM0556,Maassluis,2004-2009,59,58,12-17
2,2022-02-02T10:30:00Z,2022-01-24,25831,Gemeente,GM0569,Nieuwkoop,<=2009,88,86,12+
2,2022-02-02T10:30:00Z,2022-01-24,23954,Gemeente,GM0569,Nieuwkoop,<2004,88,87,18+
2,2022-02-02T10:30:00Z,2022-01-24,1877,Gemeente,GM0569,Nieuwkoop,2004-2009,77,75,12-17
2,2022-02-02T10:30:00Z,2022-01-24,39426,Gemeente,GM0575,Noordwijk,<=2009,88,86,12+
2,2022-02-02T10:30:00Z,2022-01-24,36627,Gemeente,GM0575,Noordwijk,<2004,88,87,18+
2,2022-02-02T10:30:00Z,2022-01-24,2799,Gemeente,GM0575,Noordwijk,2004-2009,76,74,12-17
2,2022-02-02T10:30:00Z,2022-01-24,21668,Gemeente,GM0579,Oegstgeest,<=2009,91,90,12+
2,2022-02-02T10:30:00Z,2022-01-24,19765,Gemeente,GM0579,Oegstgeest,<2004,92,91,18+
2,2022-02-02T10:30:00Z,2022-01-24,1903,Gemeente,GM0579,Oegstgeest,2004-2009,87,86,12-17
2,2022-02-02T10:30:00Z,2022-01-24,8942,Gemeente,GM0589,Oudewater,<=2009,88,88,12+
2,2022-02-02T10:30:00Z,2022-01-24,8228,Gemeente,GM0589,Oudewater,<2004,90,89,18+
2,2022-02-02T10:30:00Z,2022-01-24,714,Gemeente,GM0589,Oudewater,2004-2009,75,74,12-17
2,2022-02-02T10:30:00Z,2022-01-24,28489,Gemeente,GM0590,Papendrecht,<=2009,84,83,12+
2,2022-02-02T10:30:00Z,2022-01-24,26234,Gemeente,GM0590,Papendrecht,<2004,86,84,18+
2,2022-02-02T10:30:00Z,2022-01-24,2255,Gemeente,GM0590,Papendrecht,2004-2009,68,66,12-17
2,2022-02-02T10:30:00Z,2022-01-24,41279,Gemeente,GM0597,Ridderkerk,<=2009,80,78,12+
2,2022-02-02T10:30:00Z,2022-01-24,38451,Gemeente,GM0597,Ridderkerk,<2004,81,80,18+
2,2022-02-02T10:30:00Z,2022-01-24,2828,Gemeente,GM0597,Ridderkerk,2004-2009,60,58,12-17
2,2022-02-02T10:30:00Z,2022-01-24,574300,Gemeente,GM0599,Rotterdam,<=2009,71,70,12+
2,2022-02-02T10:30:00Z,2022-01-24,535546,Gemeente,GM0599,Rotterdam,<2004,73,72,18+
2,2022-02-02T10:30:00Z,2022-01-24,38754,Gemeente,GM0599,Rotterdam,2004-2009,47,45,12-17
2,2022-02-02T10:30:00Z,2022-01-24,48062,Gemeente,GM0603,Rijswijk,<=2009,83,82,12+
2,2022-02-02T10:30:00Z,2022-01-24,44954,Gemeente,GM0603,Rijswijk,<2004,85,83,18+
2,2022-02-02T10:30:00Z,2022-01-24,3108,Gemeente,GM0603,Rijswijk,2004-2009,63,62,12-17
2,2022-02-02T10:30:00Z,2022-01-24,70065,Gemeente,GM0606,Schiedam,<=2009,74,73,12+
2,2022-02-02T10:30:00Z,2022-01-24,65147,Gemeente,GM0606,Schiedam,<2004,76,74,18+
2,2022-02-02T10:30:00Z,2022-01-24,4918,Gemeente,GM0606,Schiedam,2004-2009,52,51,12-17
2,2022-02-02T10:30:00Z,2022-01-24,22186,Gemeente,GM0610,Sliedrecht,<=2009,80,78,12+
2,2022-02-02T10:30:00Z,2022-01-24,20398,Gemeente,GM0610,Sliedrecht,<2004,82,80,18+
2,2022-02-02T10:30:00Z,2022-01-24,1788,Gemeente,GM0610,Sliedrecht,2004-2009,58,57,12-17
2,2022-02-02T10:30:00Z,2022-01-24,22601,Gemeente,GM0613,Albrandswaard,<=2009,84,83,12+
2,2022-02-02T10:30:00Z,2022-01-24,20523,Gemeente,GM0613,Albrandswaard,<2004,86,84,18+
2,2022-02-02T10:30:00Z,2022-01-24,2078,Gemeente,GM0613,Albrandswaard,2004-2009,73,71,12-17
2,2022-02-02T10:30:00Z,2022-01-24,13552,Gemeente,GM0614,Westvoorne,<=2009,89,88,12+
2,2022-02-02T10:30:00Z,2022-01-24,12619,Gemeente,GM0614,Westvoorne,<2004,90,89,18+
2,2022-02-02T10:30:00Z,2022-01-24,933,Gemeente,GM0614,Westvoorne,2004-2009,77,75,12-17
2,2022-02-02T10:30:00Z,2022-01-24,64998,Gemeente,GM0622,Vlaardingen,<=2009,78,76,12+
2,2022-02-02T10:30:00Z,2022-01-24,60413,Gemeente,GM0622,Vlaardingen,<2004,79,78,18+
2,2022-02-02T10:30:00Z,2022-01-24,4585,Gemeente,GM0622,Vlaardingen,2004-2009,57,55,12-17
2,2022-02-02T10:30:00Z,2022-01-24,22479,Gemeente,GM0626,Voorschoten,<=2009,90,89,12+
2,2022-02-02T10:30:00Z,2022-01-24,20439,Gemeente,GM0626,Voorschoten,<2004,90,90,18+
2,2022-02-02T10:30:00Z,2022-01-24,2040,Gemeente,GM0626,Voorschoten,2004-2009,83,82,12-17
2,2022-02-02T10:30:00Z,2022-01-24,26318,Gemeente,GM0627,Waddinxveen,<=2009,82,81,12+
2,2022-02-02T10:30:00Z,2022-01-24,24295,Gemeente,GM0627,Waddinxveen,<2004,84,83,18+
2,2022-02-02T10:30:00Z,2022-01-24,2023,Gemeente,GM0627,Waddinxveen,2004-2009,65,63,12-17
2,2022-02-02T10:30:00Z,2022-01-24,24076,Gemeente,GM0629,Wassenaar,<=2009,88,87,12+
2,2022-02-02T10:30:00Z,2022-01-24,21756,Gemeente,GM0629,Wassenaar,<2004,88,87,18+
2,2022-02-02T10:30:00Z,2022-01-24,2320,Gemeente,GM0629,Wassenaar,2004-2009,82,81,12-17
2,2022-02-02T10:30:00Z,2022-01-24,46190,Gemeente,GM0632,Woerden,<=2009,88,87,12+
2,2022-02-02T10:30:00Z,2022-01-24,42108,Gemeente,GM0632,Woerden,<2004,89,88,18+
2,2022-02-02T10:30:00Z,2022-01-24,4082,Gemeente,GM0632,Woerden,2004-2009,77,76,12-17
2,2022-02-02T10:30:00Z,2022-01-24,109848,Gemeente,GM0637,Zoetermeer,<=2009,81,80,12+
2,2022-02-02T10:30:00Z,2022-01-24,101073,Gemeente,GM0637,Zoetermeer,<2004,83,81,18+
2,2022-02-02T10:30:00Z,2022-01-24,8775,Gemeente,GM0637,Zoetermeer,2004-2009,66,64,12-17
2,2022-02-02T10:30:00Z,2022-01-24,7965,Gemeente,GM0638,Zoeterwoude,<=2009,93,92,12+
2,2022-02-02T10:30:00Z,2022-01-24,7350,Gemeente,GM0638,Zoeterwoude,<2004,94,93,18+
2,2022-02-02T10:30:00Z,2022-01-24,615,Gemeente,GM0638,Zoeterwoude,2004-2009,82,81,12-17
2,2022-02-02T10:30:00Z,2022-01-24,39432,Gemeente,GM0642,Zwijndrecht,<=2009,81,80,12+
2,2022-02-02T10:30:00Z,2022-01-24,36462,Gemeente,GM0642,Zwijndrecht,<2004,83,81,18+
2,2022-02-02T10:30:00Z,2022-01-24,2970,Gemeente,GM0642,Zwijndrecht,2004-2009,60,59,12-17
2,2022-02-02T10:30:00Z,2022-01-24,20078,Gemeente,GM0654,Borsele,<=2009,79,78,12+
2,2022-02-02T10:30:00Z,2022-01-24,18423,Gemeente,GM0654,Borsele,<2004,81,80,18+
2,2022-02-02T10:30:00Z,2022-01-24,1655,Gemeente,GM0654,Borsele,2004-2009,61,60,12-17
2,2022-02-02T10:30:00Z,2022-01-24,34660,Gemeente,GM0664,Goes,<=2009,85,84,12+
2,2022-02-02T10:30:00Z,2022-01-24,32181,Gemeente,GM0664,Goes,<2004,86,85,18+
2,2022-02-02T10:30:00Z,2022-01-24,2479,Gemeente,GM0664,Goes,2004-2009,72,70,12-17
2,2022-02-02T10:30:00Z,2022-01-24,17576,Gemeente,GM0668,West Maas en Waal,<=2009,91,90,12+
2,2022-02-02T10:30:00Z,2022-01-24,16367,Gemeente,GM0668,West Maas en Waal,<2004,91,91,18+
2,2022-02-02T10:30:00Z,2022-01-24,1209,Gemeente,GM0668,West Maas en Waal,2004-2009,84,82,12-17
2,2022-02-02T10:30:00Z,2022-01-24,25085,Gemeente,GM0677,Hulst,<=2009,88,87,12+
2,2022-02-02T10:30:00Z,2022-01-24,23372,Gemeente,GM0677,Hulst,<2004,88,87,18+
2,2022-02-02T10:30:00Z,2022-01-24,1713,Gemeente,GM0677,Hulst,2004-2009,81,79,12-17
2,2022-02-02T10:30:00Z,2022-01-24,11341,Gemeente,GM0678,Kapelle,<=2009,85,84,12+
2,2022-02-02T10:30:00Z,2022-01-24,10297,Gemeente,GM0678,Kapelle,<2004,87,85,18+
2,2022-02-02T10:30:00Z,2022-01-24,1044,Gemeente,GM0678,Kapelle,2004-2009,72,71,12-17
2,2022-02-02T10:30:00Z,2022-01-24,43462,Gemeente,GM0687,Middelburg,<=2009,81,80,12+
2,2022-02-02T10:30:00Z,2022-01-24,40169,Gemeente,GM0687,Middelburg,<2004,83,82,18+
2,2022-02-02T10:30:00Z,2022-01-24,3293,Gemeente,GM0687,Middelburg,2004-2009,66,65,12-17
2,2022-02-02T10:30:00Z,2022-01-24,19437,Gemeente,GM0703,Reimerswaal,<=2009,64,62,12+
2,2022-02-02T10:30:00Z,2022-01-24,17554,Gemeente,GM0703,Reimerswaal,<2004,66,64,18+
2,2022-02-02T10:30:00Z,2022-01-24,1883,Gemeente,GM0703,Reimerswaal,2004-2009,42,41,12-17
2,2022-02-02T10:30:00Z,2022-01-24,49040,Gemeente,GM0715,Terneuzen,<=2009,83,82,12+
2,2022-02-02T10:30:00Z,2022-01-24,45753,Gemeente,GM0715,Terneuzen,<2004,84,83,18+
2,2022-02-02T10:30:00Z,2022-01-24,3287,Gemeente,GM0715,Terneuzen,2004-2009,70,69,12-17
2,2022-02-02T10:30:00Z,2022-01-24,22687,Gemeente,GM0716,Tholen,<=2009,72,70,12+
2,2022-02-02T10:30:00Z,2022-01-24,20713,Gemeente,GM0716,Tholen,<2004,74,72,18+
2,2022-02-02T10:30:00Z,2022-01-24,1974,Gemeente,GM0716,Tholen,2004-2009,51,50,12-17
2,2022-02-02T10:30:00Z,2022-01-24,19436,Gemeente,GM0717,Veere,<=2009,83,82,12+
2,2022-02-02T10:30:00Z,2022-01-24,18103,Gemeente,GM0717,Veere,<2004,85,84,18+
2,2022-02-02T10:30:00Z,2022-01-24,1333,Gemeente,GM0717,Veere,2004-2009,65,64,12-17
2,2022-02-02T10:30:00Z,2022-01-24,39827,Gemeente,GM0718,Vlissingen,<=2009,79,78,12+
2,2022-02-02T10:30:00Z,2022-01-24,37102,Gemeente,GM0718,Vlissingen,<2004,81,79,18+
2,2022-02-02T10:30:00Z,2022-01-24,2725,Gemeente,GM0718,Vlissingen,2004-2009,63,61,12-17
2,2022-02-02T10:30:00Z,2022-01-24,39745,Gemeente,GM0736,De Ronde Venen,<=2009,86,85,12+
2,2022-02-02T10:30:00Z,2022-01-24,36677,Gemeente,GM0736,De Ronde Venen,<2004,87,86,18+
2,2022-02-02T10:30:00Z,2022-01-24,3068,Gemeente,GM0736,De Ronde Venen,2004-2009,76,74,12-17
2,2022-02-02T10:30:00Z,2022-01-24,28413,Gemeente,GM0737,Tytsjerksteradiel,<=2009,82,81,12+
2,2022-02-02T10:30:00Z,2022-01-24,26030,Gemeente,GM0737,Tytsjerksteradiel,<2004,84,82,18+
2,2022-02-02T10:30:00Z,2022-01-24,2383,Gemeente,GM0737,Tytsjerksteradiel,2004-2009,65,62,12-17
2,2022-02-02T10:30:00Z,2022-01-24,15154,Gemeente,GM0743,Asten,<=2009,89,88,12+
2,2022-02-02T10:30:00Z,2022-01-24,14003,Gemeente,GM0743,Asten,<2004,89,88,18+
2,2022-02-02T10:30:00Z,2022-01-24,1151,Gemeente,GM0743,Asten,2004-2009,84,83,12-17
2,2022-02-02T10:30:00Z,2022-01-24,6225,Gemeente,GM0744,Baarle-Nassau,<=2009,91,90,12+
2,2022-02-02T10:30:00Z,2022-01-24,5820,Gemeente,GM0744,Baarle-Nassau,<2004,92,91,18+
2,2022-02-02T10:30:00Z,2022-01-24,405,Gemeente,GM0744,Baarle-Nassau,2004-2009,80,79,12-17
2,2022-02-02T10:30:00Z,2022-01-24,60117,Gemeente,GM0748,Bergen op Zoom,<=2009,84,83,12+
2,2022-02-02T10:30:00Z,2022-01-24,55856,Gemeente,GM0748,Bergen op Zoom,<2004,85,84,18+
2,2022-02-02T10:30:00Z,2022-01-24,4261,Gemeente,GM0748,Bergen op Zoom,2004-2009,66,65,12-17
2,2022-02-02T10:30:00Z,2022-01-24,26981,Gemeente,GM0753,Best,<=2009,89,88,12+
2,2022-02-02T10:30:00Z,2022-01-24,24890,Gemeente,GM0753,Best,<2004,90,89,18+
2,2022-02-02T10:30:00Z,2022-01-24,2091,Gemeente,GM0753,Best,2004-2009,82,81,12-17
2,2022-02-02T10:30:00Z,2022-01-24,9725,Gemeente,GM0755,Boekel,<=2009,90,89,12+
2,2022-02-02T10:30:00Z,2022-01-24,8905,Gemeente,GM0755,Boekel,<2004,91,90,18+
2,2022-02-02T10:30:00Z,2022-01-24,820,Gemeente,GM0755,Boekel,2004-2009,84,83,12-17
2,2022-02-02T10:30:00Z,2022-01-24,29618,Gemeente,GM0757,Boxtel,<=2009,89,88,12+
2,2022-02-02T10:30:00Z,2022-01-24,27155,Gemeente,GM0757,Boxtel,<2004,90,89,18+
2,2022-02-02T10:30:00Z,2022-01-24,2463,Gemeente,GM0757,Boxtel,2004-2009,81,80,12-17
2,2022-02-02T10:30:00Z,2022-01-24,163843,Gemeente,GM0758,Breda,<=2009,85,84,12+
2,2022-02-02T10:30:00Z,2022-01-24,151670,Gemeente,GM0758,Breda,<2004,86,85,18+
2,2022-02-02T10:30:00Z,2022-01-24,12173,Gemeente,GM0758,Breda,2004-2009,74,72,12-17
2,2022-02-02T10:30:00Z,2022-01-24,28827,Gemeente,GM0762,Deurne,<=2009,89,88,12+
2,2022-02-02T10:30:00Z,2022-01-24,26694,Gemeente,GM0762,Deurne,<2004,90,89,18+
2,2022-02-02T10:30:00Z,2022-01-24,2133,Gemeente,GM0762,Deurne,2004-2009,80,78,12-17
2,2022-02-02T10:30:00Z,2022-01-24,10800,Gemeente,GM0765,Pekela,<=2009,83,82,12+
2,2022-02-02T10:30:00Z,2022-01-24,10075,Gemeente,GM0765,Pekela,<2004,84,82,18+
2,2022-02-02T10:30:00Z,2022-01-24,725,Gemeente,GM0765,Pekela,2004-2009,72,71,12-17
2,2022-02-02T10:30:00Z,2022-01-24,23473,Gemeente,GM0766,Dongen,<=2009,90,89,12+
2,2022-02-02T10:30:00Z,2022-01-24,21792,Gemeente,GM0766,Dongen,<2004,90,89,18+
2,2022-02-02T10:30:00Z,2022-01-24,1681,Gemeente,GM0766,Dongen,2004-2009,81,80,12-17
2,2022-02-02T10:30:00Z,2022-01-24,17464,Gemeente,GM0770,Eersel,<=2009,92,91,12+
2,2022-02-02T10:30:00Z,2022-01-24,16212,Gemeente,GM0770,Eersel,<2004,93,92,18+
2,2022-02-02T10:30:00Z,2022-01-24,1252,Gemeente,GM0770,Eersel,2004-2009,87,86,12-17
2,2022-02-02T10:30:00Z,2022-01-24,211391,Gemeente,GM0772,Eindhoven,<=2009,82,81,12+
2,2022-02-02T10:30:00Z,2022-01-24,197969,Gemeente,GM0772,Eindhoven,<2004,83,82,18+
2,2022-02-02T10:30:00Z,2022-01-24,13422,Gemeente,GM0772,Eindhoven,2004-2009,65,64,12-17
2,2022-02-02T10:30:00Z,2022-01-24,38753,Gemeente,GM0777,Etten-Leur,<=2009,87,86,12+
2,2022-02-02T10:30:00Z,2022-01-24,35561,Gemeente,GM0777,Etten-Leur,<2004,88,87,18+
2,2022-02-02T10:30:00Z,2022-01-24,3192,Gemeente,GM0777,Etten-Leur,2004-2009,78,76,12-17
2,2022-02-02T10:30:00Z,2022-01-24,19419,Gemeente,GM0779,Geertruidenberg,<=2009,89,88,12+
2,2022-02-02T10:30:00Z,2022-01-24,17937,Gemeente,GM0779,Geertruidenberg,<2004,90,89,18+
2,2022-02-02T10:30:00Z,2022-01-24,1482,Gemeente,GM0779,Geertruidenberg,2004-2009,82,81,12-17
2,2022-02-02T10:30:00Z,2022-01-24,23619,Gemeente,GM0784,Gilze en Rijen,<=2009,89,87,12+
2,2022-02-02T10:30:00Z,2022-01-24,21838,Gemeente,GM0784,Gilze en Rijen,<2004,89,88,18+
2,2022-02-02T10:30:00Z,2022-01-24,1781,Gemeente,GM0784,Gilze en Rijen,2004-2009,77,75,12-17
2,2022-02-02T10:30:00Z,2022-01-24,21060,Gemeente,GM0785,Goirle,<=2009,92,91,12+
2,2022-02-02T10:30:00Z,2022-01-24,19310,Gemeente,GM0785,Goirle,<2004,92,91,18+
2,2022-02-02T10:30:00Z,2022-01-24,1750,Gemeente,GM0785,Goirle,2004-2009,85,84,12-17
2,2022-02-02T10:30:00Z,2022-01-24,82053,Gemeente,GM0794,Helmond,<=2009,81,80,12+
2,2022-02-02T10:30:00Z,2022-01-24,75401,Gemeente,GM0794,Helmond,<2004,82,81,18+
2,2022-02-02T10:30:00Z,2022-01-24,6652,Gemeente,GM0794,Helmond,2004-2009,65,64,12-17
2,2022-02-02T10:30:00Z,2022-01-24,138421,Gemeente,GM0796,'s-Hertogenbosch,<=2009,86,85,12+
2,2022-02-02T10:30:00Z,2022-01-24,128724,Gemeente,GM0796,'s-Hertogenbosch,<2004,87,86,18+
2,2022-02-02T10:30:00Z,2022-01-24,9697,Gemeente,GM0796,'s-Hertogenbosch,2004-2009,73,71,12-17
2,2022-02-02T10:30:00Z,2022-01-24,40099,Gemeente,GM0797,Heusden,<=2009,90,89,12+
2,2022-02-02T10:30:00Z,2022-01-24,37062,Gemeente,GM0797,Heusden,<2004,90,89,18+
2,2022-02-02T10:30:00Z,2022-01-24,3037,Gemeente,GM0797,Heusden,2004-2009,80,79,12-17
2,2022-02-02T10:30:00Z,2022-01-24,14087,Gemeente,GM0798,Hilvarenbeek,<=2009,93,93,12+
2,2022-02-02T10:30:00Z,2022-01-24,12991,Gemeente,GM0798,Hilvarenbeek,<2004,94,94,18+
2,2022-02-02T10:30:00Z,2022-01-24,1096,Gemeente,GM0798,Hilvarenbeek,2004-2009,87,86,12-17
2,2022-02-02T10:30:00Z,2022-01-24,21009,Gemeente,GM0809,Loon op Zand,<=2009,90,89,12+
2,2022-02-02T10:30:00Z,2022-01-24,19541,Gemeente,GM0809,Loon op Zand,<2004,91,89,18+
2,2022-02-02T10:30:00Z,2022-01-24,1468,Gemeente,GM0809,Loon op Zand,2004-2009,82,81,12-17
2,2022-02-02T10:30:00Z,2022-01-24,21014,Gemeente,GM0820,"Nuenen, Gerwen en Nederwetten",<=2009,91,90,12+
2,2022-02-02T10:30:00Z,2022-01-24,19468,Gemeente,GM0820,"Nuenen, Gerwen en Nederwetten",<2004,92,91,18+
2,2022-02-02T10:30:00Z,2022-01-24,1546,Gemeente,GM0820,"Nuenen, Gerwen en Nederwetten",2004-2009,83,82,12-17
2,2022-02-02T10:30:00Z,2022-01-24,16900,Gemeente,GM0823,Oirschot,<=2009,93,>=95,12+
2,2022-02-02T10:30:00Z,2022-01-24,15706,Gemeente,GM0823,Oirschot,<2004,94,>=95,18+
2,2022-02-02T10:30:00Z,2022-01-24,1194,Gemeente,GM0823,Oirschot,2004-2009,91,90,12-17
2,2022-02-02T10:30:00Z,2022-01-24,29139,Gemeente,GM0824,Oisterwijk,<=2009,91,90,12+
2,2022-02-02T10:30:00Z,2022-01-24,26994,Gemeente,GM0824,Oisterwijk,<2004,92,91,18+
2,2022-02-02T10:30:00Z,2022-01-24,2145,Gemeente,GM0824,Oisterwijk,2004-2009,84,82,12-17
2,2022-02-02T10:30:00Z,2022-01-24,50027,Gemeente,GM0826,Oosterhout,<=2009,87,86,12+
2,2022-02-02T10:30:00Z,2022-01-24,46462,Gemeente,GM0826,Oosterhout,<2004,88,87,18+
2,2022-02-02T10:30:00Z,2022-01-24,3565,Gemeente,GM0826,Oosterhout,2004-2009,73,72,12-17
2,2022-02-02T10:30:00Z,2022-01-24,82551,Gemeente,GM0828,Oss,<=2009,86,85,12+
2,2022-02-02T10:30:00Z,2022-01-24,76637,Gemeente,GM0828,Oss,<2004,87,86,18+
2,2022-02-02T10:30:00Z,2022-01-24,5914,Gemeente,GM0828,Oss,2004-2009,78,77,12-17
2,2022-02-02T10:30:00Z,2022-01-24,20888,Gemeente,GM0840,Rucphen,<=2009,89,88,12+
2,2022-02-02T10:30:00Z,2022-01-24,19655,Gemeente,GM0840,Rucphen,<2004,90,88,18+
2,2022-02-02T10:30:00Z,2022-01-24,1233,Gemeente,GM0840,Rucphen,2004-2009,81,79,12-17
2,2022-02-02T10:30:00Z,2022-01-24,26118,Gemeente,GM0845,Sint-Michielsgestel,<=2009,92,91,12+
2,2022-02-02T10:30:00Z,2022-01-24,23971,Gemeente,GM0845,Sint-Michielsgestel,<2004,93,92,18+
2,2022-02-02T10:30:00Z,2022-01-24,2147,Gemeente,GM0845,Sint-Michielsgestel,2004-2009,84,83,12-17
2,2022-02-02T10:30:00Z,2022-01-24,17296,Gemeente,GM0847,Someren,<=2009,89,88,12+
2,2022-02-02T10:30:00Z,2022-01-24,16196,Gemeente,GM0847,Someren,<2004,89,88,18+
2,2022-02-02T10:30:00Z,2022-01-24,1100,Gemeente,GM0847,Someren,2004-2009,82,81,12-17
2,2022-02-02T10:30:00Z,2022-01-24,15424,Gemeente,GM0848,Son en Breugel,<=2009,90,89,12+
2,2022-02-02T10:30:00Z,2022-01-24,14160,Gemeente,GM0848,Son en Breugel,<2004,91,90,18+
2,2022-02-02T10:30:00Z,2022-01-24,1264,Gemeente,GM0848,Son en Breugel,2004-2009,83,82,12-17
2,2022-02-02T10:30:00Z,2022-01-24,21958,Gemeente,GM0851,Steenbergen,<=2009,85,84,12+
2,2022-02-02T10:30:00Z,2022-01-24,20501,Gemeente,GM0851,Steenbergen,<2004,86,84,18+
2,2022-02-02T10:30:00Z,2022-01-24,1457,Gemeente,GM0851,Steenbergen,2004-2009,78,77,12-17
2,2022-02-02T10:30:00Z,2022-01-24,15350,Gemeente,GM0852,Waterland,<=2009,89,88,12+
2,2022-02-02T10:30:00Z,2022-01-24,14133,Gemeente,GM0852,Waterland,<2004,90,88,18+
2,2022-02-02T10:30:00Z,2022-01-24,1217,Gemeente,GM0852,Waterland,2004-2009,81,80,12-17
2,2022-02-02T10:30:00Z,2022-01-24,198892,Gemeente,GM0855,Tilburg,<=2009,82,81,12+
2,2022-02-02T10:30:00Z,2022-01-24,185455,Gemeente,GM0855,Tilburg,<2004,83,82,18+
2,2022-02-02T10:30:00Z,2022-01-24,13437,Gemeente,GM0855,Tilburg,2004-2009,69,67,12-17
2,2022-02-02T10:30:00Z,2022-01-24,28208,Gemeente,GM0858,Valkenswaard,<=2009,89,88,12+
2,2022-02-02T10:30:00Z,2022-01-24,26378,Gemeente,GM0858,Valkenswaard,<2004,90,89,18+
2,2022-02-02T10:30:00Z,2022-01-24,1830,Gemeente,GM0858,Valkenswaard,2004-2009,78,77,12-17
2,2022-02-02T10:30:00Z,2022-01-24,40462,Gemeente,GM0861,Veldhoven,<=2009,90,89,12+
2,2022-02-02T10:30:00Z,2022-01-24,37527,Gemeente,GM0861,Veldhoven,<2004,90,89,18+
2,2022-02-02T10:30:00Z,2022-01-24,2935,Gemeente,GM0861,Veldhoven,2004-2009,81,80,12-17
2,2022-02-02T10:30:00Z,2022-01-24,27649,Gemeente,GM0865,Vught,<=2009,91,90,12+
2,2022-02-02T10:30:00Z,2022-01-24,25427,Gemeente,GM0865,Vught,<2004,91,90,18+
2,2022-02-02T10:30:00Z,2022-01-24,2222,Gemeente,GM0865,Vught,2004-2009,86,85,12-17
2,2022-02-02T10:30:00Z,2022-01-24,15423,Gemeente,GM0866,Waalre,<=2009,90,89,12+
2,2022-02-02T10:30:00Z,2022-01-24,14160,Gemeente,GM0866,Waalre,<2004,91,90,18+
2,2022-02-02T10:30:00Z,2022-01-24,1263,Gemeente,GM0866,Waalre,2004-2009,83,81,12-17
2,2022-02-02T10:30:00Z,2022-01-24,43474,Gemeente,GM0867,Waalwijk,<=2009,86,85,12+
2,2022-02-02T10:30:00Z,2022-01-24,40370,Gemeente,GM0867,Waalwijk,<2004,87,86,18+
2,2022-02-02T10:30:00Z,2022-01-24,3104,Gemeente,GM0867,Waalwijk,2004-2009,75,73,12-17
2,2022-02-02T10:30:00Z,2022-01-24,19896,Gemeente,GM0873,Woensdrecht,<=2009,88,87,12+
2,2022-02-02T10:30:00Z,2022-01-24,18569,Gemeente,GM0873,Woensdrecht,<2004,89,88,18+
2,2022-02-02T10:30:00Z,2022-01-24,1327,Gemeente,GM0873,Woensdrecht,2004-2009,78,76,12-17
2,2022-02-02T10:30:00Z,2022-01-24,19880,Gemeente,GM0879,Zundert,<=2009,91,89,12+
2,2022-02-02T10:30:00Z,2022-01-24,18712,Gemeente,GM0879,Zundert,<2004,92,90,18+
2,2022-02-02T10:30:00Z,2022-01-24,1168,Gemeente,GM0879,Zundert,2004-2009,82,80,12-17
2,2022-02-02T10:30:00Z,2022-01-24,14660,Gemeente,GM0880,Wormerland,<=2009,86,85,12+
2,2022-02-02T10:30:00Z,2022-01-24,13583,Gemeente,GM0880,Wormerland,<2004,87,86,18+
2,2022-02-02T10:30:00Z,2022-01-24,1077,Gemeente,GM0880,Wormerland,2004-2009,74,72,12-17
2,2022-02-02T10:30:00Z,2022-01-24,33741,Gemeente,GM0882,Landgraaf,<=2009,81,79,12+
2,2022-02-02T10:30:00Z,2022-01-24,31701,Gemeente,GM0882,Landgraaf,<2004,82,80,18+
2,2022-02-02T10:30:00Z,2022-01-24,2040,Gemeente,GM0882,Landgraaf,2004-2009,63,62,12-17
2,2022-02-02T10:30:00Z,2022-01-24,14427,Gemeente,GM0888,Beek,<=2009,86,85,12+
2,2022-02-02T10:30:00Z,2022-01-24,13594,Gemeente,GM0888,Beek,<2004,87,86,18+
2,2022-02-02T10:30:00Z,2022-01-24,833,Gemeente,GM0888,Beek,2004-2009,75,74,12-17
2,2022-02-02T10:30:00Z,2022-01-24,12107,Gemeente,GM0889,Beesel,<=2009,86,85,12+
2,2022-02-02T10:30:00Z,2022-01-24,11245,Gemeente,GM0889,Beesel,<2004,88,87,18+
2,2022-02-02T10:30:00Z,2022-01-24,862,Gemeente,GM0889,Beesel,2004-2009,71,70,12-17
2,2022-02-02T10:30:00Z,2022-01-24,11920,Gemeente,GM0893,Bergen (L.),<=2009,89,88,12+
2,2022-02-02T10:30:00Z,2022-01-24,11109,Gemeente,GM0893,Bergen (L.),<2004,90,89,18+
2,2022-02-02T10:30:00Z,2022-01-24,811,Gemeente,GM0893,Bergen (L.),2004-2009,80,78,12-17
2,2022-02-02T10:30:00Z,2022-01-24,25143,Gemeente,GM0899,Brunssum,<=2009,80,78,12+
2,2022-02-02T10:30:00Z,2022-01-24,23622,Gemeente,GM0899,Brunssum,<2004,81,80,18+
2,2022-02-02T10:30:00Z,2022-01-24,1521,Gemeente,GM0899,Brunssum,2004-2009,61,59,12-17
2,2022-02-02T10:30:00Z,2022-01-24,15415,Gemeente,GM0907,Gennep,<=2009,86,85,12+
2,2022-02-02T10:30:00Z,2022-01-24,14272,Gemeente,GM0907,Gennep,<2004,87,86,18+
2,2022-02-02T10:30:00Z,2022-01-24,1143,Gemeente,GM0907,Gennep,2004-2009,77,76,12-17
2,2022-02-02T10:30:00Z,2022-01-24,78779,Gemeente,GM0917,Heerlen,<=2009,76,74,12+
2,2022-02-02T10:30:00Z,2022-01-24,74138,Gemeente,GM0917,Heerlen,<2004,77,76,18+
2,2022-02-02T10:30:00Z,2022-01-24,4641,Gemeente,GM0917,Heerlen,2004-2009,54,53,12-17
2,2022-02-02T10:30:00Z,2022-01-24,41270,Gemeente,GM0928,Kerkrade,<=2009,76,75,12+
2,2022-02-02T10:30:00Z,2022-01-24,38963,Gemeente,GM0928,Kerkrade,<2004,77,76,18+
2,2022-02-02T10:30:00Z,2022-01-24,2307,Gemeente,GM0928,Kerkrade,2004-2009,56,55,12-17
2,2022-02-02T10:30:00Z,2022-01-24,110716,Gemeente,GM0935,Maastricht,<=2009,81,80,12+
2,2022-02-02T10:30:00Z,2022-01-24,105492,Gemeente,GM0935,Maastricht,<2004,82,80,18+
2,2022-02-02T10:30:00Z,2022-01-24,5224,Gemeente,GM0935,Maastricht,2004-2009,74,72,12-17
2,2022-02-02T10:30:00Z,2022-01-24,17024,Gemeente,GM0938,Meerssen,<=2009,88,87,12+
2,2022-02-02T10:30:00Z,2022-01-24,15855,Gemeente,GM0938,Meerssen,<2004,88,88,18+
2,2022-02-02T10:30:00Z,2022-01-24,1169,Gemeente,GM0938,Meerssen,2004-2009,81,80,12-17
2,2022-02-02T10:30:00Z,2022-01-24,7291,Gemeente,GM0944,Mook en Middelaar,<=2009,91,89,12+
2,2022-02-02T10:30:00Z,2022-01-24,6749,Gemeente,GM0944,Mook en Middelaar,<2004,91,90,18+
2,2022-02-02T10:30:00Z,2022-01-24,542,Gemeente,GM0944,Mook en Middelaar,2004-2009,88,88,12-17
2,2022-02-02T10:30:00Z,2022-01-24,15485,Gemeente,GM0946,Nederweert,<=2009,89,87,12+
2,2022-02-02T10:30:00Z,2022-01-24,14522,Gemeente,GM0946,Nederweert,<2004,89,88,18+
2,2022-02-02T10:30:00Z,2022-01-24,963,Gemeente,GM0946,Nederweert,2004-2009,82,81,12-17
2,2022-02-02T10:30:00Z,2022-01-24,52653,Gemeente,GM0957,Roermond,<=2009,80,79,12+
2,2022-02-02T10:30:00Z,2022-01-24,49156,Gemeente,GM0957,Roermond,<2004,82,81,18+
2,2022-02-02T10:30:00Z,2022-01-24,3497,Gemeente,GM0957,Roermond,2004-2009,63,62,12-17
2,2022-02-02T10:30:00Z,2022-01-24,9507,Gemeente,GM0965,Simpelveld,<=2009,84,83,12+
2,2022-02-02T10:30:00Z,2022-01-24,8896,Gemeente,GM0965,Simpelveld,<2004,85,84,18+
2,2022-02-02T10:30:00Z,2022-01-24,611,Gemeente,GM0965,Simpelveld,2004-2009,76,75,12-17
2,2022-02-02T10:30:00Z,2022-01-24,22743,Gemeente,GM0971,Stein,<=2009,85,84,12+
2,2022-02-02T10:30:00Z,2022-01-24,21338,Gemeente,GM0971,Stein,<2004,86,85,18+
2,2022-02-02T10:30:00Z,2022-01-24,1405,Gemeente,GM0971,Stein,2004-2009,73,71,12-17
2,2022-02-02T10:30:00Z,2022-01-24,9265,Gemeente,GM0981,Vaals,<=2009,67,66,12+
2,2022-02-02T10:30:00Z,2022-01-24,8826,Gemeente,GM0981,Vaals,<2004,68,67,18+
2,2022-02-02T10:30:00Z,2022-01-24,439,Gemeente,GM0981,Vaals,2004-2009,54,52,12-17
2,2022-02-02T10:30:00Z,2022-01-24,91603,Gemeente,GM0983,Venlo,<=2009,81,80,12+
2,2022-02-02T10:30:00Z,2022-01-24,85314,Gemeente,GM0983,Venlo,<2004,83,82,18+
2,2022-02-02T10:30:00Z,2022-01-24,6289,Gemeente,GM0983,Venlo,2004-2009,65,63,12-17
2,2022-02-02T10:30:00Z,2022-01-24,39285,Gemeente,GM0984,Venray,<=2009,86,85,12+
2,2022-02-02T10:30:00Z,2022-01-24,36513,Gemeente,GM0984,Venray,<2004,87,86,18+
2,2022-02-02T10:30:00Z,2022-01-24,2772,Gemeente,GM0984,Venray,2004-2009,73,72,12-17
2,2022-02-02T10:30:00Z,2022-01-24,11206,Gemeente,GM0986,Voerendaal,<=2009,87,86,12+
2,2022-02-02T10:30:00Z,2022-01-24,10500,Gemeente,GM0986,Voerendaal,<2004,88,87,18+
2,2022-02-02T10:30:00Z,2022-01-24,706,Gemeente,GM0986,Voerendaal,2004-2009,74,73,12-17
2,2022-02-02T10:30:00Z,2022-01-24,45095,Gemeente,GM0988,Weert,<=2009,85,84,12+
2,2022-02-02T10:30:00Z,2022-01-24,42098,Gemeente,GM0988,Weert,<2004,86,85,18+
2,2022-02-02T10:30:00Z,2022-01-24,2997,Gemeente,GM0988,Weert,2004-2009,71,70,12-17
2,2022-02-02T10:30:00Z,2022-01-24,15017,Gemeente,GM0994,Valkenburg aan de Geul,<=2009,88,87,12+
2,2022-02-02T10:30:00Z,2022-01-24,14207,Gemeente,GM0994,Valkenburg aan de Geul,<2004,89,87,18+
2,2022-02-02T10:30:00Z,2022-01-24,810,Gemeente,GM0994,Valkenburg aan de Geul,2004-2009,83,81,12-17
2,2022-02-02T10:30:00Z,2022-01-24,69880,Gemeente,GM0995,Lelystad,<=2009,75,74,12+
2,2022-02-02T10:30:00Z,2022-01-24,63753,Gemeente,GM0995,Lelystad,<2004,77,75,18+
2,2022-02-02T10:30:00Z,2022-01-24,6127,Gemeente,GM0995,Lelystad,2004-2009,56,54,12-17
2,2022-02-02T10:30:00Z,2022-01-24,38372,Gemeente,GM1507,Horst aan de Maas,<=2009,89,89,12+
2,2022-02-02T10:30:00Z,2022-01-24,35655,Gemeente,GM1507,Horst aan de Maas,<2004,90,89,18+
2,2022-02-02T10:30:00Z,2022-01-24,2717,Gemeente,GM1507,Horst aan de Maas,2004-2009,81,81,12-17
2,2022-02-02T10:30:00Z,2022-01-24,35448,Gemeente,GM1509,Oude IJsselstreek,<=2009,90,89,12+
2,2022-02-02T10:30:00Z,2022-01-24,32821,Gemeente,GM1509,Oude IJsselstreek,<2004,91,89,18+
2,2022-02-02T10:30:00Z,2022-01-24,2627,Gemeente,GM1509,Oude IJsselstreek,2004-2009,80,78,12-17
2,2022-02-02T10:30:00Z,2022-01-24,33413,Gemeente,GM1525,Teylingen,<=2009,90,89,12+
2,2022-02-02T10:30:00Z,2022-01-24,30729,Gemeente,GM1525,Teylingen,<2004,91,89,18+
2,2022-02-02T10:30:00Z,2022-01-24,2684,Gemeente,GM1525,Teylingen,2004-2009,84,83,12-17
2,2022-02-02T10:30:00Z,2022-01-24,44162,Gemeente,GM1581,Utrechtse Heuvelrug,<=2009,87,86,12+
2,2022-02-02T10:30:00Z,2022-01-24,40605,Gemeente,GM1581,Utrechtse Heuvelrug,<2004,88,87,18+
2,2022-02-02T10:30:00Z,2022-01-24,3557,Gemeente,GM1581,Utrechtse Heuvelrug,2004-2009,77,76,12-17
2,2022-02-02T10:30:00Z,2022-01-24,26571,Gemeente,GM1586,Oost Gelre,<=2009,92,91,12+
2,2022-02-02T10:30:00Z,2022-01-24,24428,Gemeente,GM1586,Oost Gelre,<2004,92,91,18+
2,2022-02-02T10:30:00Z,2022-01-24,2143,Gemeente,GM1586,Oost Gelre,2004-2009,83,83,12-17
2,2022-02-02T10:30:00Z,2022-01-24,20394,Gemeente,GM1598,Koggenland,<=2009,85,84,12+
2,2022-02-02T10:30:00Z,2022-01-24,18772,Gemeente,GM1598,Koggenland,<2004,86,85,18+
2,2022-02-02T10:30:00Z,2022-01-24,1622,Gemeente,GM1598,Koggenland,2004-2009,74,73,12-17
2,2022-02-02T10:30:00Z,2022-01-24,53811,Gemeente,GM1621,Lansingerland,<=2009,87,86,12+
2,2022-02-02T10:30:00Z,2022-01-24,48328,Gemeente,GM1621,Lansingerland,<2004,88,87,18+
2,2022-02-02T10:30:00Z,2022-01-24,5483,Gemeente,GM1621,Lansingerland,2004-2009,77,76,12-17
2,2022-02-02T10:30:00Z,2022-01-24,32805,Gemeente,GM1640,Leudal,<=2009,88,87,12+
2,2022-02-02T10:30:00Z,2022-01-24,30655,Gemeente,GM1640,Leudal,<2004,89,88,18+
2,2022-02-02T10:30:00Z,2022-01-24,2150,Gemeente,GM1640,Leudal,2004-2009,78,77,12-17
2,2022-02-02T10:30:00Z,2022-01-24,21937,Gemeente,GM1641,Maasgouw,<=2009,88,87,12+
2,2022-02-02T10:30:00Z,2022-01-24,20748,Gemeente,GM1641,Maasgouw,<2004,88,87,18+
2,2022-02-02T10:30:00Z,2022-01-24,1189,Gemeente,GM1641,Maasgouw,2004-2009,78,77,12-17
2,2022-02-02T10:30:00Z,2022-01-24,27183,Gemeente,GM1652,Gemert-Bakel,<=2009,89,88,12+
2,2022-02-02T10:30:00Z,2022-01-24,25129,Gemeente,GM1652,Gemert-Bakel,<2004,90,89,18+
2,2022-02-02T10:30:00Z,2022-01-24,2054,Gemeente,GM1652,Gemert-Bakel,2004-2009,82,81,12-17
2,2022-02-02T10:30:00Z,2022-01-24,27277,Gemeente,GM1655,Halderberge,<=2009,88,87,12+
2,2022-02-02T10:30:00Z,2022-01-24,25389,Gemeente,GM1655,Halderberge,<2004,89,88,18+
2,2022-02-02T10:30:00Z,2022-01-24,1888,Gemeente,GM1655,Halderberge,2004-2009,73,72,12-17
2,2022-02-02T10:30:00Z,2022-01-24,14584,Gemeente,GM1658,Heeze-Leende,<=2009,91,90,12+
2,2022-02-02T10:30:00Z,2022-01-24,13612,Gemeente,GM1658,Heeze-Leende,<2004,92,91,18+
2,2022-02-02T10:30:00Z,2022-01-24,972,Gemeente,GM1658,Heeze-Leende,2004-2009,82,81,12-17
2,2022-02-02T10:30:00Z,2022-01-24,20384,Gemeente,GM1659,Laarbeek,<=2009,90,89,12+
2,2022-02-02T10:30:00Z,2022-01-24,18827,Gemeente,GM1659,Laarbeek,<2004,91,90,18+
2,2022-02-02T10:30:00Z,2022-01-24,1557,Gemeente,GM1659,Laarbeek,2004-2009,84,82,12-17
2,2022-02-02T10:30:00Z,2022-01-24,11508,Gemeente,GM1667,Reusel-De Mierden,<=2009,93,92,12+
2,2022-02-02T10:30:00Z,2022-01-24,10635,Gemeente,GM1667,Reusel-De Mierden,<2004,93,92,18+
2,2022-02-02T10:30:00Z,2022-01-24,873,Gemeente,GM1667,Reusel-De Mierden,2004-2009,86,86,12-17
2,2022-02-02T10:30:00Z,2022-01-24,18756,Gemeente,GM1669,Roerdalen,<=2009,85,84,12+
2,2022-02-02T10:30:00Z,2022-01-24,17621,Gemeente,GM1669,Roerdalen,<2004,86,85,18+
2,2022-02-02T10:30:00Z,2022-01-24,1135,Gemeente,GM1669,Roerdalen,2004-2009,73,71,12-17
2,2022-02-02T10:30:00Z,2022-01-24,68987,Gemeente,GM1674,Roosendaal,<=2009,83,81,12+
2,2022-02-02T10:30:00Z,2022-01-24,64156,Gemeente,GM1674,Roosendaal,<2004,84,82,18+
2,2022-02-02T10:30:00Z,2022-01-24,4831,Gemeente,GM1674,Roosendaal,2004-2009,67,65,12-17
2,2022-02-02T10:30:00Z,2022-01-24,30675,Gemeente,GM1676,Schouwen-Duiveland,<=2009,84,83,12+
2,2022-02-02T10:30:00Z,2022-01-24,28660,Gemeente,GM1676,Schouwen-Duiveland,<2004,85,84,18+
2,2022-02-02T10:30:00Z,2022-01-24,2015,Gemeente,GM1676,Schouwen-Duiveland,2004-2009,69,68,12-17
2,2022-02-02T10:30:00Z,2022-01-24,23014,Gemeente,GM1680,Aa en Hunze,<=2009,91,90,12+
2,2022-02-02T10:30:00Z,2022-01-24,21384,Gemeente,GM1680,Aa en Hunze,<2004,92,90,18+
2,2022-02-02T10:30:00Z,2022-01-24,1630,Gemeente,GM1680,Aa en Hunze,2004-2009,86,85,12-17
2,2022-02-02T10:30:00Z,2022-01-24,23133,Gemeente,GM1681,Borger-Odoorn,<=2009,87,86,12+
2,2022-02-02T10:30:00Z,2022-01-24,21497,Gemeente,GM1681,Borger-Odoorn,<2004,87,86,18+
2,2022-02-02T10:30:00Z,2022-01-24,1636,Gemeente,GM1681,Borger-Odoorn,2004-2009,76,74,12-17
2,2022-02-02T10:30:00Z,2022-01-24,21754,Gemeente,GM1690,De Wolden,<=2009,88,87,12+
2,2022-02-02T10:30:00Z,2022-01-24,20170,Gemeente,GM1690,De Wolden,<2004,89,88,18+
2,2022-02-02T10:30:00Z,2022-01-24,1584,Gemeente,GM1690,De Wolden,2004-2009,75,74,12-17
2,2022-02-02T10:30:00Z,2022-01-24,6959,Gemeente,GM1695,Noord-Beveland,<=2009,84,83,12+
2,2022-02-02T10:30:00Z,2022-01-24,6555,Gemeente,GM1695,Noord-Beveland,<2004,85,84,18+
2,2022-02-02T10:30:00Z,2022-01-24,404,Gemeente,GM1695,Noord-Beveland,2004-2009,72,70,12-17
2,2022-02-02T10:30:00Z,2022-01-24,21791,Gemeente,GM1696,Wijdemeren,<=2009,87,86,12+
2,2022-02-02T10:30:00Z,2022-01-24,20093,Gemeente,GM1696,Wijdemeren,<2004,88,87,18+
2,2022-02-02T10:30:00Z,2022-01-24,1698,Gemeente,GM1696,Wijdemeren,2004-2009,76,74,12-17
2,2022-02-02T10:30:00Z,2022-01-24,27987,Gemeente,GM1699,Noordenveld,<=2009,89,88,12+
2,2022-02-02T10:30:00Z,2022-01-24,25916,Gemeente,GM1699,Noordenveld,<2004,90,89,18+
2,2022-02-02T10:30:00Z,2022-01-24,2071,Gemeente,GM1699,Noordenveld,2004-2009,80,79,12-17
2,2022-02-02T10:30:00Z,2022-01-24,29509,Gemeente,GM1700,Twenterand,<=2009,84,83,12+
2,2022-02-02T10:30:00Z,2022-01-24,26736,Gemeente,GM1700,Twenterand,<2004,86,84,18+
2,2022-02-02T10:30:00Z,2022-01-24,2773,Gemeente,GM1700,Twenterand,2004-2009,72,71,12-17
2,2022-02-02T10:30:00Z,2022-01-24,17944,Gemeente,GM1701,Westerveld,<=2009,87,86,12+
2,2022-02-02T10:30:00Z,2022-01-24,16772,Gemeente,GM1701,Westerveld,<2004,88,87,18+
2,2022-02-02T10:30:00Z,2022-01-24,1172,Gemeente,GM1701,Westerveld,2004-2009,76,74,12-17
2,2022-02-02T10:30:00Z,2022-01-24,41739,Gemeente,GM1705,Lingewaard,<=2009,92,91,12+
2,2022-02-02T10:30:00Z,2022-01-24,38242,Gemeente,GM1705,Lingewaard,<2004,92,91,18+
2,2022-02-02T10:30:00Z,2022-01-24,3497,Gemeente,GM1705,Lingewaard,2004-2009,87,86,12-17
2,2022-02-02T10:30:00Z,2022-01-24,18873,Gemeente,GM1706,Cranendonck,<=2009,91,88,12+
2,2022-02-02T10:30:00Z,2022-01-24,17574,Gemeente,GM1706,Cranendonck,<2004,92,89,18+
2,2022-02-02T10:30:00Z,2022-01-24,1299,Gemeente,GM1706,Cranendonck,2004-2009,77,75,12-17
2,2022-02-02T10:30:00Z,2022-01-24,39369,Gemeente,GM1708,Steenwijkerland,<=2009,86,85,12+
2,2022-02-02T10:30:00Z,2022-01-24,36418,Gemeente,GM1708,Steenwijkerland,<2004,87,86,18+
2,2022-02-02T10:30:00Z,2022-01-24,2951,Gemeente,GM1708,Steenwijkerland,2004-2009,72,71,12-17
2,2022-02-02T10:30:00Z,2022-01-24,33382,Gemeente,GM1709,Moerdijk,<=2009,88,87,12+
2,2022-02-02T10:30:00Z,2022-01-24,30957,Gemeente,GM1709,Moerdijk,<2004,89,88,18+
2,2022-02-02T10:30:00Z,2022-01-24,2425,Gemeente,GM1709,Moerdijk,2004-2009,80,78,12-17
2,2022-02-02T10:30:00Z,2022-01-24,28965,Gemeente,GM1711,Echt-Susteren,<=2009,86,85,12+
2,2022-02-02T10:30:00Z,2022-01-24,27234,Gemeente,GM1711,Echt-Susteren,<2004,87,86,18+
2,2022-02-02T10:30:00Z,2022-01-24,1731,Gemeente,GM1711,Echt-Susteren,2004-2009,75,73,12-17
2,2022-02-02T10:30:00Z,2022-01-24,21096,Gemeente,GM1714,Sluis,<=2009,87,86,12+
2,2022-02-02T10:30:00Z,2022-01-24,19831,Gemeente,GM1714,Sluis,<2004,87,86,18+
2,2022-02-02T10:30:00Z,2022-01-24,1265,Gemeente,GM1714,Sluis,2004-2009,77,75,12-17
2,2022-02-02T10:30:00Z,2022-01-24,24564,Gemeente,GM1719,Drimmelen,<=2009,92,91,12+
2,2022-02-02T10:30:00Z,2022-01-24,22895,Gemeente,GM1719,Drimmelen,<2004,92,92,18+
2,2022-02-02T10:30:00Z,2022-01-24,1669,Gemeente,GM1719,Drimmelen,2004-2009,83,83,12-17
2,2022-02-02T10:30:00Z,2022-01-24,27990,Gemeente,GM1721,Bernheze,<=2009,92,91,12+
2,2022-02-02T10:30:00Z,2022-01-24,25726,Gemeente,GM1721,Bernheze,<2004,92,91,18+
2,2022-02-02T10:30:00Z,2022-01-24,2264,Gemeente,GM1721,Bernheze,2004-2009,84,83,12-17
2,2022-02-02T10:30:00Z,2022-01-24,9220,Gemeente,GM1723,Alphen-Chaam,<=2009,>=95,94,12+
2,2022-02-02T10:30:00Z,2022-01-24,8586,Gemeente,GM1723,Alphen-Chaam,<2004,>=95,>=95,18+
2,2022-02-02T10:30:00Z,2022-01-24,634,Gemeente,GM1723,Alphen-Chaam,2004-2009,88,87,12-17
2,2022-02-02T10:30:00Z,2022-01-24,16889,Gemeente,GM1724,Bergeijk,<=2009,92,91,12+
2,2022-02-02T10:30:00Z,2022-01-24,15653,Gemeente,GM1724,Bergeijk,<2004,92,91,18+
2,2022-02-02T10:30:00Z,2022-01-24,1236,Gemeente,GM1724,Bergeijk,2004-2009,85,84,12-17
2,2022-02-02T10:30:00Z,2022-01-24,18326,Gemeente,GM1728,Bladel,<=2009,91,90,12+
2,2022-02-02T10:30:00Z,2022-01-24,16984,Gemeente,GM1728,Bladel,<2004,92,91,18+
2,2022-02-02T10:30:00Z,2022-01-24,1342,Gemeente,GM1728,Bladel,2004-2009,82,81,12-17
2,2022-02-02T10:30:00Z,2022-01-24,13045,Gemeente,GM1729,Gulpen-Wittem,<=2009,88,87,12+
2,2022-02-02T10:30:00Z,2022-01-24,12354,Gemeente,GM1729,Gulpen-Wittem,<2004,88,87,18+
2,2022-02-02T10:30:00Z,2022-01-24,691,Gemeente,GM1729,Gulpen-Wittem,2004-2009,81,79,12-17
2,2022-02-02T10:30:00Z,2022-01-24,29783,Gemeente,GM1730,Tynaarlo,<=2009,92,91,12+
2,2022-02-02T10:30:00Z,2022-01-24,27315,Gemeente,GM1730,Tynaarlo,<2004,92,91,18+
2,2022-02-02T10:30:00Z,2022-01-24,2468,Gemeente,GM1730,Tynaarlo,2004-2009,86,85,12-17
2,2022-02-02T10:30:00Z,2022-01-24,30042,Gemeente,GM1731,Midden-Drenthe,<=2009,89,88,12+
2,2022-02-02T10:30:00Z,2022-01-24,27843,Gemeente,GM1731,Midden-Drenthe,<2004,89,88,18+
2,2022-02-02T10:30:00Z,2022-01-24,2199,Gemeente,GM1731,Midden-Drenthe,2004-2009,81,80,12-17
2,2022-02-02T10:30:00Z,2022-01-24,42306,Gemeente,GM1734,Overbetuwe,<=2009,89,88,12+
2,2022-02-02T10:30:00Z,2022-01-24,38589,Gemeente,GM1734,Overbetuwe,<2004,90,89,18+
2,2022-02-02T10:30:00Z,2022-01-24,3717,Gemeente,GM1734,Overbetuwe,2004-2009,81,80,12-17
2,2022-02-02T10:30:00Z,2022-01-24,31659,Gemeente,GM1735,Hof van Twente,<=2009,91,90,12+
2,2022-02-02T10:30:00Z,2022-01-24,29172,Gemeente,GM1735,Hof van Twente,<2004,92,90,18+
2,2022-02-02T10:30:00Z,2022-01-24,2487,Gemeente,GM1735,Hof van Twente,2004-2009,81,80,12-17
2,2022-02-02T10:30:00Z,2022-01-24,20903,Gemeente,GM1740,Neder-Betuwe,<=2009,63,62,12+
2,2022-02-02T10:30:00Z,2022-01-24,18858,Gemeente,GM1740,Neder-Betuwe,<2004,65,64,18+
2,2022-02-02T10:30:00Z,2022-01-24,2045,Gemeente,GM1740,Neder-Betuwe,2004-2009,41,40,12-17
2,2022-02-02T10:30:00Z,2022-01-24,32800,Gemeente,GM1742,Rijssen-Holten,<=2009,80,79,12+
2,2022-02-02T10:30:00Z,2022-01-24,29560,Gemeente,GM1742,Rijssen-Holten,<2004,82,80,18+
2,2022-02-02T10:30:00Z,2022-01-24,3240,Gemeente,GM1742,Rijssen-Holten,2004-2009,62,61,12-17
2,2022-02-02T10:30:00Z,2022-01-24,35568,Gemeente,GM1771,Geldrop-Mierlo,<=2009,86,85,12+
2,2022-02-02T10:30:00Z,2022-01-24,32954,Gemeente,GM1771,Geldrop-Mierlo,<2004,87,86,18+
2,2022-02-02T10:30:00Z,2022-01-24,2614,Gemeente,GM1771,Geldrop-Mierlo,2004-2009,75,73,12-17
2,2022-02-02T10:30:00Z,2022-01-24,16440,Gemeente,GM1773,Olst-Wijhe,<=2009,91,90,12+
2,2022-02-02T10:30:00Z,2022-01-24,15133,Gemeente,GM1773,Olst-Wijhe,<2004,92,90,18+
2,2022-02-02T10:30:00Z,2022-01-24,1307,Gemeente,GM1773,Olst-Wijhe,2004-2009,82,80,12-17
2,2022-02-02T10:30:00Z,2022-01-24,23834,Gemeente,GM1774,Dinkelland,<=2009,92,91,12+
2,2022-02-02T10:30:00Z,2022-01-24,21940,Gemeente,GM1774,Dinkelland,<2004,93,92,18+
2,2022-02-02T10:30:00Z,2022-01-24,1894,Gemeente,GM1774,Dinkelland,2004-2009,86,84,12-17
2,2022-02-02T10:30:00Z,2022-01-24,98111,Gemeente,GM1783,Westland,<=2009,83,82,12+
2,2022-02-02T10:30:00Z,2022-01-24,90258,Gemeente,GM1783,Westland,<2004,85,84,18+
2,2022-02-02T10:30:00Z,2022-01-24,7853,Gemeente,GM1783,Westland,2004-2009,68,67,12-17
2,2022-02-02T10:30:00Z,2022-01-24,16980,Gemeente,GM1842,Midden-Delfland,<=2009,89,88,12+
2,2022-02-02T10:30:00Z,2022-01-24,15569,Gemeente,GM1842,Midden-Delfland,<2004,90,89,18+
2,2022-02-02T10:30:00Z,2022-01-24,1411,Gemeente,GM1842,Midden-Delfland,2004-2009,78,76,12-17
2,2022-02-02T10:30:00Z,2022-01-24,39718,Gemeente,GM1859,Berkelland,<=2009,90,89,12+
2,2022-02-02T10:30:00Z,2022-01-24,36602,Gemeente,GM1859,Berkelland,<2004,91,90,18+
2,2022-02-02T10:30:00Z,2022-01-24,3116,Gemeente,GM1859,Berkelland,2004-2009,82,81,12-17
2,2022-02-02T10:30:00Z,2022-01-24,32867,Gemeente,GM1876,Bronckhorst,<=2009,91,90,12+
2,2022-02-02T10:30:00Z,2022-01-24,30386,Gemeente,GM1876,Bronckhorst,<2004,92,91,18+
2,2022-02-02T10:30:00Z,2022-01-24,2481,Gemeente,GM1876,Bronckhorst,2004-2009,84,83,12-17
2,2022-02-02T10:30:00Z,2022-01-24,83450,Gemeente,GM1883,Sittard-Geleen,<=2009,82,81,12+
2,2022-02-02T10:30:00Z,2022-01-24,78444,Gemeente,GM1883,Sittard-Geleen,<2004,83,82,18+
2,2022-02-02T10:30:00Z,2022-01-24,5006,Gemeente,GM1883,Sittard-Geleen,2004-2009,66,64,12-17
2,2022-02-02T10:30:00Z,2022-01-24,24500,Gemeente,GM1884,Kaag en Braassem,<=2009,89,88,12+
2,2022-02-02T10:30:00Z,2022-01-24,22697,Gemeente,GM1884,Kaag en Braassem,<2004,90,89,18+
2,2022-02-02T10:30:00Z,2022-01-24,1803,Gemeente,GM1884,Kaag en Braassem,2004-2009,81,80,12-17
2,2022-02-02T10:30:00Z,2022-01-24,16675,Gemeente,GM1891,Dantumadiel,<=2009,76,74,12+
2,2022-02-02T10:30:00Z,2022-01-24,15342,Gemeente,GM1891,Dantumadiel,<2004,78,76,18+
2,2022-02-02T10:30:00Z,2022-01-24,1333,Gemeente,GM1891,Dantumadiel,2004-2009,53,52,12-17
2,2022-02-02T10:30:00Z,2022-01-24,38962,Gemeente,GM1892,Zuidplas,<=2009,84,83,12+
2,2022-02-02T10:30:00Z,2022-01-24,35743,Gemeente,GM1892,Zuidplas,<2004,85,84,18+
2,2022-02-02T10:30:00Z,2022-01-24,3219,Gemeente,GM1892,Zuidplas,2004-2009,71,69,12-17
2,2022-02-02T10:30:00Z,2022-01-24,39377,Gemeente,GM1894,Peel en Maas,<=2009,90,89,12+
2,2022-02-02T10:30:00Z,2022-01-24,36556,Gemeente,GM1894,Peel en Maas,<2004,91,90,18+
2,2022-02-02T10:30:00Z,2022-01-24,2821,Gemeente,GM1894,Peel en Maas,2004-2009,78,77,12-17
2,2022-02-02T10:30:00Z,2022-01-24,34600,Gemeente,GM1895,Oldambt,<=2009,85,84,12+
2,2022-02-02T10:30:00Z,2022-01-24,32189,Gemeente,GM1895,Oldambt,<2004,86,85,18+
2,2022-02-02T10:30:00Z,2022-01-24,2411,Gemeente,GM1895,Oldambt,2004-2009,74,73,12-17
2,2022-02-02T10:30:00Z,2022-01-24,19520,Gemeente,GM1896,Zwartewaterland,<=2009,77,76,12+
2,2022-02-02T10:30:00Z,2022-01-24,17539,Gemeente,GM1896,Zwartewaterland,<2004,78,77,18+
2,2022-02-02T10:30:00Z,2022-01-24,1981,Gemeente,GM1896,Zwartewaterland,2004-2009,62,60,12-17
2,2022-02-02T10:30:00Z,2022-01-24,79980,Gemeente,GM1900,Sdwest-Frysln,<=2009,83,81,12+
2,2022-02-02T10:30:00Z,2022-01-24,73322,Gemeente,GM1900,Sdwest-Frysln,<2004,84,82,18+
2,2022-02-02T10:30:00Z,2022-01-24,6658,Gemeente,GM1900,Sdwest-Frysln,2004-2009,69,67,12-17
2,2022-02-02T10:30:00Z,2022-01-24,30750,Gemeente,GM1901,Bodegraven-Reeuwijk,<=2009,84,83,12+
2,2022-02-02T10:30:00Z,2022-01-24,28187,Gemeente,GM1901,Bodegraven-Reeuwijk,<2004,85,84,18+
2,2022-02-02T10:30:00Z,2022-01-24,2563,Gemeente,GM1901,Bodegraven-Reeuwijk,2004-2009,72,70,12-17
2,2022-02-02T10:30:00Z,2022-01-24,23103,Gemeente,GM1903,Eijsden-Margraten,<=2009,91,90,12+
2,2022-02-02T10:30:00Z,2022-01-24,21611,Gemeente,GM1903,Eijsden-Margraten,<2004,91,90,18+
2,2022-02-02T10:30:00Z,2022-01-24,1492,Gemeente,GM1903,Eijsden-Margraten,2004-2009,86,84,12-17
2,2022-02-02T10:30:00Z,2022-01-24,57110,Gemeente,GM1904,Stichtse Vecht,<=2009,87,86,12+
2,2022-02-02T10:30:00Z,2022-01-24,52491,Gemeente,GM1904,Stichtse Vecht,<2004,88,87,18+
2,2022-02-02T10:30:00Z,2022-01-24,4619,Gemeente,GM1904,Stichtse Vecht,2004-2009,77,75,12-17
2,2022-02-02T10:30:00Z,2022-01-24,43337,Gemeente,GM1911,Hollands Kroon,<=2009,83,82,12+
2,2022-02-02T10:30:00Z,2022-01-24,39997,Gemeente,GM1911,Hollands Kroon,<2004,84,83,18+
2,2022-02-02T10:30:00Z,2022-01-24,3340,Gemeente,GM1911,Hollands Kroon,2004-2009,71,69,12-17
2,2022-02-02T10:30:00Z,2022-01-24,67216,Gemeente,GM1916,Leidschendam-Voorburg,<=2009,86,85,12+
2,2022-02-02T10:30:00Z,2022-01-24,62197,Gemeente,GM1916,Leidschendam-Voorburg,<2004,87,86,18+
2,2022-02-02T10:30:00Z,2022-01-24,5019,Gemeente,GM1916,Leidschendam-Voorburg,2004-2009,74,73,12-17
2,2022-02-02T10:30:00Z,2022-01-24,44904,Gemeente,GM1924,Goeree-Overflakkee,<=2009,82,80,12+
2,2022-02-02T10:30:00Z,2022-01-24,41364,Gemeente,GM1924,Goeree-Overflakkee,<2004,83,82,18+
2,2022-02-02T10:30:00Z,2022-01-24,3540,Gemeente,GM1924,Goeree-Overflakkee,2004-2009,65,63,12-17
2,2022-02-02T10:30:00Z,2022-01-24,48319,Gemeente,GM1926,Pijnacker-Nootdorp,<=2009,88,87,12+
2,2022-02-02T10:30:00Z,2022-01-24,43203,Gemeente,GM1926,Pijnacker-Nootdorp,<2004,89,88,18+
2,2022-02-02T10:30:00Z,2022-01-24,5116,Gemeente,GM1926,Pijnacker-Nootdorp,2004-2009,78,77,12-17
2,2022-02-02T10:30:00Z,2022-01-24,75503,Gemeente,GM1930,Nissewaard,<=2009,80,79,12+
2,2022-02-02T10:30:00Z,2022-01-24,70082,Gemeente,GM1930,Nissewaard,<2004,82,80,18+
2,2022-02-02T10:30:00Z,2022-01-24,5421,Gemeente,GM1930,Nissewaard,2004-2009,61,59,12-17
2,2022-02-02T10:30:00Z,2022-01-24,49766,Gemeente,GM1931,Krimpenerwaard,<=2009,83,82,12+
2,2022-02-02T10:30:00Z,2022-01-24,45734,Gemeente,GM1931,Krimpenerwaard,<2004,85,83,18+
2,2022-02-02T10:30:00Z,2022-01-24,4032,Gemeente,GM1931,Krimpenerwaard,2004-2009,66,65,12-17
2,2022-02-02T10:30:00Z,2022-01-24,46051,Gemeente,GM1940,De Fryske Marren,<=2009,83,81,12+
2,2022-02-02T10:30:00Z,2022-01-24,42315,Gemeente,GM1940,De Fryske Marren,<2004,84,83,18+
2,2022-02-02T10:30:00Z,2022-01-24,3736,Gemeente,GM1940,De Fryske Marren,2004-2009,67,66,12-17
2,2022-02-02T10:30:00Z,2022-01-24,50761,Gemeente,GM1942,Gooise Meren,<=2009,87,86,12+
2,2022-02-02T10:30:00Z,2022-01-24,45948,Gemeente,GM1942,Gooise Meren,<2004,87,86,18+
2,2022-02-02T10:30:00Z,2022-01-24,4813,Gemeente,GM1942,Gooise Meren,2004-2009,82,81,12-17
2,2022-02-02T10:30:00Z,2022-01-24,31694,Gemeente,GM1945,Berg en Dal,<=2009,91,90,12+
2,2022-02-02T10:30:00Z,2022-01-24,29567,Gemeente,GM1945,Berg en Dal,<2004,91,90,18+
2,2022-02-02T10:30:00Z,2022-01-24,2127,Gemeente,GM1945,Berg en Dal,2004-2009,86,84,12-17
2,2022-02-02T10:30:00Z,2022-01-24,72797,Gemeente,GM1948,Meierijstad,<=2009,90,89,12+
2,2022-02-02T10:30:00Z,2022-01-24,67372,Gemeente,GM1948,Meierijstad,<2004,91,90,18+
2,2022-02-02T10:30:00Z,2022-01-24,5425,Gemeente,GM1948,Meierijstad,2004-2009,81,80,12-17
2,2022-02-02T10:30:00Z,2022-01-24,41103,Gemeente,GM1949,Waadhoeke,<=2009,83,81,12+
2,2022-02-02T10:30:00Z,2022-01-24,37799,Gemeente,GM1949,Waadhoeke,<2004,84,83,18+
2,2022-02-02T10:30:00Z,2022-01-24,3304,Gemeente,GM1949,Waadhoeke,2004-2009,69,68,12-17
2,2022-02-02T10:30:00Z,2022-01-24,23346,Gemeente,GM1950,Westerwolde,<=2009,92,86,12+
2,2022-02-02T10:30:00Z,2022-01-24,21708,Gemeente,GM1950,Westerwolde,<2004,92,87,18+
2,2022-02-02T10:30:00Z,2022-01-24,1638,Gemeente,GM1950,Westerwolde,2004-2009,90,78,12-17
2,2022-02-02T10:30:00Z,2022-01-24,54522,Gemeente,GM1952,Midden-Groningen,<=2009,84,83,12+
2,2022-02-02T10:30:00Z,2022-01-24,50626,Gemeente,GM1952,Midden-Groningen,<2004,85,84,18+
2,2022-02-02T10:30:00Z,2022-01-24,3896,Gemeente,GM1952,Midden-Groningen,2004-2009,74,73,12-17
2,2022-02-02T10:30:00Z,2022-01-24,32613,Gemeente,GM1954,Beekdaelen,<=2009,85,84,12+
2,2022-02-02T10:30:00Z,2022-01-24,30603,Gemeente,GM1954,Beekdaelen,<2004,86,84,18+
2,2022-02-02T10:30:00Z,2022-01-24,2010,Gemeente,GM1954,Beekdaelen,2004-2009,75,73,12-17
2,2022-02-02T10:30:00Z,2022-01-24,32641,Gemeente,GM1955,Montferland,<=2009,91,90,12+
2,2022-02-02T10:30:00Z,2022-01-24,30428,Gemeente,GM1955,Montferland,<2004,91,90,18+
2,2022-02-02T10:30:00Z,2022-01-24,2213,Gemeente,GM1955,Montferland,2004-2009,83,82,12-17
2,2022-02-02T10:30:00Z,2022-01-24,49437,Gemeente,GM1959,Altena,<=2009,79,78,12+
2,2022-02-02T10:30:00Z,2022-01-24,45207,Gemeente,GM1959,Altena,<2004,80,79,18+
2,2022-02-02T10:30:00Z,2022-01-24,4230,Gemeente,GM1959,Altena,2004-2009,61,60,12-17
2,2022-02-02T10:30:00Z,2022-01-24,45279,Gemeente,GM1960,West Betuwe,<=2009,83,82,12+
2,2022-02-02T10:30:00Z,2022-01-24,41387,Gemeente,GM1960,West Betuwe,<2004,84,83,18+
2,2022-02-02T10:30:00Z,2022-01-24,3892,Gemeente,GM1960,West Betuwe,2004-2009,68,67,12-17
2,2022-02-02T10:30:00Z,2022-01-24,50574,Gemeente,GM1961,Vijfheerenlanden,<=2009,83,82,12+
2,2022-02-02T10:30:00Z,2022-01-24,46563,Gemeente,GM1961,Vijfheerenlanden,<2004,84,83,18+
2,2022-02-02T10:30:00Z,2022-01-24,4011,Gemeente,GM1961,Vijfheerenlanden,2004-2009,66,64,12-17
2,2022-02-02T10:30:00Z,2022-01-24,78247,Gemeente,GM1963,Hoeksche Waard,<=2009,83,82,12+
2,2022-02-02T10:30:00Z,2022-01-24,72180,Gemeente,GM1963,Hoeksche Waard,<2004,84,83,18+
2,2022-02-02T10:30:00Z,2022-01-24,6067,Gemeente,GM1963,Hoeksche Waard,2004-2009,67,66,12-17
2,2022-02-02T10:30:00Z,2022-01-24,42705,Gemeente,GM1966,Het Hogeland,<=2009,85,84,12+
2,2022-02-02T10:30:00Z,2022-01-24,39364,Gemeente,GM1966,Het Hogeland,<2004,86,85,18+
2,2022-02-02T10:30:00Z,2022-01-24,3341,Gemeente,GM1966,Het Hogeland,2004-2009,76,75,12-17
2,2022-02-02T10:30:00Z,2022-01-24,55928,Gemeente,GM1969,Westerkwartier,<=2009,87,85,12+
2,2022-02-02T10:30:00Z,2022-01-24,51089,Gemeente,GM1969,Westerkwartier,<2004,88,86,18+
2,2022-02-02T10:30:00Z,2022-01-24,4839,Gemeente,GM1969,Westerkwartier,2004-2009,75,74,12-17
2,2022-02-02T10:30:00Z,2022-01-24,40080,Gemeente,GM1970,Noardeast-Frysln,<=2009,79,78,12+
2,2022-02-02T10:30:00Z,2022-01-24,36670,Gemeente,GM1970,Noardeast-Frysln,<2004,81,80,18+
2,2022-02-02T10:30:00Z,2022-01-24,3410,Gemeente,GM1970,Noardeast-Frysln,2004-2009,58,57,12-17
2,2022-02-02T10:30:00Z,2022-01-24,38426,Gemeente,GM1978,Molenlanden,<=2009,80,79,12+
2,2022-02-02T10:30:00Z,2022-01-24,34794,Gemeente,GM1978,Molenlanden,<2004,82,81,18+
2,2022-02-02T10:30:00Z,2022-01-24,3632,Gemeente,GM1978,Molenlanden,2004-2009,63,62,12-17
2,2022-02-02T10:30:00Z,2022-01-24,40904,Gemeente,GM1979,Eemsdelta,<=2009,84,82,12+
2,2022-02-02T10:30:00Z,2022-01-24,37989,Gemeente,GM1979,Eemsdelta,<2004,85,83,18+
2,2022-02-02T10:30:00Z,2022-01-24,2915,Gemeente,GM1979,Eemsdelta,2004-2009,72,71,12-17
2,2022-02-02T10:30:00Z,2022-01-24,76062,Gemeente,GM1980,Dijk en Waard,<=2009,83,81,12+
2,2022-02-02T10:30:00Z,2022-01-24,69519,Gemeente,GM1980,Dijk en Waard,<2004,84,82,18+
2,2022-02-02T10:30:00Z,2022-01-24,6543,Gemeente,GM1980,Dijk en Waard,2004-2009,68,67,12-17
2,2022-02-02T10:30:00Z,2022-01-24,81404,Gemeente,GM1982,Land van Cuijk,<=2009,90,89,12+
2,2022-02-02T10:30:00Z,2022-01-24,75405,Gemeente,GM1982,Land van Cuijk,<2004,91,89,18+
2,2022-02-02T10:30:00Z,2022-01-24,5999,Gemeente,GM1982,Land van Cuijk,2004-2009,83,81,12-17
2,2022-02-02T10:30:00Z,2022-01-24,51714,Gemeente,GM1991,Maashorst,<=2009,88,87,12+
2,2022-02-02T10:30:00Z,2022-01-24,47803,Gemeente,GM1991,Maashorst,<2004,89,88,18+
2,2022-02-02T10:30:00Z,2022-01-24,3911,Gemeente,GM1991,Maashorst,2004-2009,78,77,12-17
2,2022-02-02T10:30:00Z,2022-01-24,527977,Veiligheidsregio,VR01,Groningen,<=2009,85,83,12+
2,2022-02-02T10:30:00Z,2022-01-24,492853,Veiligheidsregio,VR01,Groningen,<2004,86,84,18+
2,2022-02-02T10:30:00Z,2022-01-24,35124,Veiligheidsregio,VR01,Groningen,2004-2009,75,73,12-17
2,2022-02-02T10:30:00Z,2022-01-24,579242,Veiligheidsregio,VR02,Frysln,<=2009,82,81,12+
2,2022-02-02T10:30:00Z,2022-01-24,533497,Veiligheidsregio,VR02,Frysln,<2004,83,82,18+
2,2022-02-02T10:30:00Z,2022-01-24,45745,Veiligheidsregio,VR02,Frysln,2004-2009,67,65,12-17
2,2022-02-02T10:30:00Z,2022-01-24,442805,Veiligheidsregio,VR03,Drenthe,<=2009,87,86,12+
2,2022-02-02T10:30:00Z,2022-01-24,408785,Veiligheidsregio,VR03,Drenthe,<2004,88,87,18+
2,2022-02-02T10:30:00Z,2022-01-24,34020,Veiligheidsregio,VR03,Drenthe,2004-2009,76,75,12-17
2,2022-02-02T10:30:00Z,2022-01-24,469492,Veiligheidsregio,VR04,IJsselland,<=2009,85,84,12+
2,2022-02-02T10:30:00Z,2022-01-24,430216,Veiligheidsregio,VR04,IJsselland,<2004,86,85,18+
2,2022-02-02T10:30:00Z,2022-01-24,39276,Veiligheidsregio,VR04,IJsselland,2004-2009,73,71,12-17
2,2022-02-02T10:30:00Z,2022-01-24,562383,Veiligheidsregio,VR05,Twente,<=2009,85,84,12+
2,2022-02-02T10:30:00Z,2022-01-24,517426,Veiligheidsregio,VR05,Twente,<2004,86,85,18+
2,2022-02-02T10:30:00Z,2022-01-24,44957,Veiligheidsregio,VR05,Twente,2004-2009,73,72,12-17
2,2022-02-02T10:30:00Z,2022-01-24,741850,Veiligheidsregio,VR06,Noord- en Oost-Gelderland,<=2009,86,85,12+
2,2022-02-02T10:30:00Z,2022-01-24,683678,Veiligheidsregio,VR06,Noord- en Oost-Gelderland,<2004,87,86,18+
2,2022-02-02T10:30:00Z,2022-01-24,58172,Veiligheidsregio,VR06,Noord- en Oost-Gelderland,2004-2009,74,73,12-17
2,2022-02-02T10:30:00Z,2022-01-24,619302,Veiligheidsregio,VR07,Gelderland-Midden,<=2009,84,83,12+
2,2022-02-02T10:30:00Z,2022-01-24,570814,Veiligheidsregio,VR07,Gelderland-Midden,<2004,85,84,18+
2,2022-02-02T10:30:00Z,2022-01-24,48488,Veiligheidsregio,VR07,Gelderland-Midden,2004-2009,70,68,12-17
2,2022-02-02T10:30:00Z,2022-01-24,502156,Veiligheidsregio,VR08,Gelderland-Zuid,<=2009,85,84,12+
2,2022-02-02T10:30:00Z,2022-01-24,465494,Veiligheidsregio,VR08,Gelderland-Zuid,<2004,86,85,18+
2,2022-02-02T10:30:00Z,2022-01-24,36662,Veiligheidsregio,VR08,Gelderland-Zuid,2004-2009,73,72,12-17
2,2022-02-02T10:30:00Z,2022-01-24,1192156,Veiligheidsregio,VR09,Utrecht,<=2009,85,84,12+
2,2022-02-02T10:30:00Z,2022-01-24,1096231,Veiligheidsregio,VR09,Utrecht,<2004,86,85,18+
2,2022-02-02T10:30:00Z,2022-01-24,95925,Veiligheidsregio,VR09,Utrecht,2004-2009,71,70,12-17
2,2022-02-02T10:30:00Z,2022-01-24,593056,Veiligheidsregio,VR10,Noord-Holland-Noord,<=2009,83,81,12+
2,2022-02-02T10:30:00Z,2022-01-24,547716,Veiligheidsregio,VR10,Noord-Holland-Noord,<2004,84,82,18+
2,2022-02-02T10:30:00Z,2022-01-24,45340,Veiligheidsregio,VR10,Noord-Holland-Noord,2004-2009,70,69,12-17
2,2022-02-02T10:30:00Z,2022-01-24,300625,Veiligheidsregio,VR11,Zaanstreek-Waterland,<=2009,81,80,12+
2,2022-02-02T10:30:00Z,2022-01-24,277825,Veiligheidsregio,VR11,Zaanstreek-Waterland,<2004,82,81,18+
2,2022-02-02T10:30:00Z,2022-01-24,22800,Veiligheidsregio,VR11,Zaanstreek-Waterland,2004-2009,64,63,12-17
2,2022-02-02T10:30:00Z,2022-01-24,486553,Veiligheidsregio,VR12,Kennemerland,<=2009,83,82,12+
2,2022-02-02T10:30:00Z,2022-01-24,447706,Veiligheidsregio,VR12,Kennemerland,<2004,84,83,18+
2,2022-02-02T10:30:00Z,2022-01-24,38847,Veiligheidsregio,VR12,Kennemerland,2004-2009,71,70,12-17
2,2022-02-02T10:30:00Z,2022-01-24,953021,Veiligheidsregio,VR13,Amsterdam-Amstelland,<=2009,79,77,12+
2,2022-02-02T10:30:00Z,2022-01-24,893209,Veiligheidsregio,VR13,Amsterdam-Amstelland,<2004,80,79,18+
2,2022-02-02T10:30:00Z,2022-01-24,59812,Veiligheidsregio,VR13,Amsterdam-Amstelland,2004-2009,58,56,12-17
2,2022-02-02T10:30:00Z,2022-01-24,227013,Veiligheidsregio,VR14,Gooi en Vechtstreek,<=2009,86,84,12+
2,2022-02-02T10:30:00Z,2022-01-24,208395,Veiligheidsregio,VR14,Gooi en Vechtstreek,<2004,86,85,18+
2,2022-02-02T10:30:00Z,2022-01-24,18618,Veiligheidsregio,VR14,Gooi en Vechtstreek,2004-2009,76,75,12-17
2,2022-02-02T10:30:00Z,2022-01-24,987798,Veiligheidsregio,VR15,Haaglanden,<=2009,80,79,12+
2,2022-02-02T10:30:00Z,2022-01-24,913353,Veiligheidsregio,VR15,Haaglanden,<2004,81,80,18+
2,2022-02-02T10:30:00Z,2022-01-24,74445,Veiligheidsregio,VR15,Haaglanden,2004-2009,65,63,12-17
2,2022-02-02T10:30:00Z,2022-01-24,719712,Veiligheidsregio,VR16,Hollands-Midden,<=2009,86,85,12+
2,2022-02-02T10:30:00Z,2022-01-24,665030,Veiligheidsregio,VR16,Hollands-Midden,<2004,87,86,18+
2,2022-02-02T10:30:00Z,2022-01-24,54682,Veiligheidsregio,VR16,Hollands-Midden,2004-2009,72,71,12-17
2,2022-02-02T10:30:00Z,2022-01-24,1170144,Veiligheidsregio,VR17,Rotterdam-Rijnmond,<=2009,76,75,12+
2,2022-02-02T10:30:00Z,2022-01-24,1084966,Veiligheidsregio,VR17,Rotterdam-Rijnmond,<2004,78,76,18+
2,2022-02-02T10:30:00Z,2022-01-24,85178,Veiligheidsregio,VR17,Rotterdam-Rijnmond,2004-2009,56,54,12-17
2,2022-02-02T10:30:00Z,2022-01-24,404847,Veiligheidsregio,VR18,Zuid-Holland-Zuid,<=2009,81,79,12+
2,2022-02-02T10:30:00Z,2022-01-24,372470,Veiligheidsregio,VR18,Zuid-Holland-Zuid,<2004,82,81,18+
2,2022-02-02T10:30:00Z,2022-01-24,32377,Veiligheidsregio,VR18,Zuid-Holland-Zuid,2004-2009,62,61,12-17
2,2022-02-02T10:30:00Z,2022-01-24,343783,Veiligheidsregio,VR19,Zeeland,<=2009,81,80,12+
2,2022-02-02T10:30:00Z,2022-01-24,318713,Veiligheidsregio,VR19,Zeeland,<2004,82,81,18+
2,2022-02-02T10:30:00Z,2022-01-24,25070,Veiligheidsregio,VR19,Zeeland,2004-2009,66,64,12-17
2,2022-02-02T10:30:00Z,2022-01-24,1008626,Veiligheidsregio,VR20,Midden- en West-Brabant,<=2009,86,85,12+
2,2022-02-02T10:30:00Z,2022-01-24,936224,Veiligheidsregio,VR20,Midden- en West-Brabant,<2004,87,86,18+
2,2022-02-02T10:30:00Z,2022-01-24,72402,Veiligheidsregio,VR20,Midden- en West-Brabant,2004-2009,74,72,12-17
2,2022-02-02T10:30:00Z,2022-01-24,588086,Veiligheidsregio,VR21,Brabant-Noord,<=2009,88,87,12+
2,2022-02-02T10:30:00Z,2022-01-24,544187,Veiligheidsregio,VR21,Brabant-Noord,<2004,89,88,18+
2,2022-02-02T10:30:00Z,2022-01-24,43899,Veiligheidsregio,VR21,Brabant-Noord,2004-2009,79,78,12-17
2,2022-02-02T10:30:00Z,2022-01-24,699912,Veiligheidsregio,VR22,Brabant-Zuidoost,<=2009,86,85,12+
2,2022-02-02T10:30:00Z,2022-01-24,650132,Veiligheidsregio,VR22,Brabant-Zuidoost,<2004,87,86,18+
2,2022-02-02T10:30:00Z,2022-01-24,49780,Veiligheidsregio,VR22,Brabant-Zuidoost,2004-2009,75,74,12-17
2,2022-02-02T10:30:00Z,2022-01-24,471066,Veiligheidsregio,VR23,Limburg-Noord,<=2009,85,84,12+
2,2022-02-02T10:30:00Z,2022-01-24,439447,Veiligheidsregio,VR23,Limburg-Noord,<2004,86,85,18+
2,2022-02-02T10:30:00Z,2022-01-24,31619,Veiligheidsregio,VR23,Limburg-Noord,2004-2009,73,72,12-17
2,2022-02-02T10:30:00Z,2022-01-24,541049,Veiligheidsregio,VR24,Limburg-Zuid,<=2009,81,80,12+
2,2022-02-02T10:30:00Z,2022-01-24,510144,Veiligheidsregio,VR24,Limburg-Zuid,<2004,82,81,18+
2,2022-02-02T10:30:00Z,2022-01-24,30905,Veiligheidsregio,VR24,Limburg-Zuid,2004-2009,68,67,12-17
2,2022-02-02T10:30:00Z,2022-01-24,371561,Veiligheidsregio,VR25,Flevoland,<=2009,75,74,12+
2,2022-02-02T10:30:00Z,2022-01-24,338299,Veiligheidsregio,VR25,Flevoland,<2004,77,76,18+
2,2022-02-02T10:30:00Z,2022-01-24,33262,Veiligheidsregio,VR25,Flevoland,2004-2009,56,54,12-17
